ISO-10303-21;
HEADER;
/* Generated by software containing ST-Developer
 * from STEP Tools, Inc. (www.steptools.com) 
 */

FILE_DESCRIPTION(
/* description */ (''),
/* implementation_level */ '2;1');

FILE_NAME(
/* name */ 'agile-die v8.step',
/* time_stamp */ '2026-06-01T16:51:30+02:00',
/* author */ (''),
/* organization */ (''),
/* preprocessor_version */ 'ST-DEVELOPER v20.1',
/* originating_system */ 'Autodesk Translation Framework v15.8.0.0',
/* authorisation */ '');

FILE_SCHEMA (('AUTOMOTIVE_DESIGN { 1 0 10303 214 3 1 1 }'));
ENDSEC;

DATA;
#10=MECHANICAL_DESIGN_GEOMETRIC_PRESENTATION_REPRESENTATION('',(#13),#8882);
#11=SHAPE_REPRESENTATION_RELATIONSHIP('SRR','None',#8889,#12);
#12=ADVANCED_BREP_SHAPE_REPRESENTATION('',(#14),#8881);
#13=STYLED_ITEM('',(#8898),#14);
#14=MANIFOLD_SOLID_BREP('Body5',#5034);
#15=CYLINDRICAL_SURFACE('',#5092,4.896);
#16=CYLINDRICAL_SURFACE('',#5095,5.616);
#17=B_SPLINE_SURFACE_WITH_KNOTS('',2,1,((#6657,#6658),(#6659,#6660),(#6661,
#6662)),.UNSPECIFIED.,.F.,.F.,.F.,(3,3),(2,2),(-1.,0.),(0.,0.0900000000000001),
 .UNSPECIFIED.);
#18=B_SPLINE_SURFACE_WITH_KNOTS('',2,1,((#6675,#6676),(#6677,#6678),(#6679,
#6680)),.UNSPECIFIED.,.F.,.F.,.F.,(3,3),(2,2),(-1.,0.),(0.,0.0900000000000001),
 .UNSPECIFIED.);
#19=B_SPLINE_SURFACE_WITH_KNOTS('',2,1,((#6690,#6691),(#6692,#6693),(#6694,
#6695)),.UNSPECIFIED.,.F.,.F.,.F.,(3,3),(2,2),(-1.,0.),(0.,0.0900000000000001),
 .UNSPECIFIED.);
#20=B_SPLINE_SURFACE_WITH_KNOTS('',2,1,((#6705,#6706),(#6707,#6708),(#6709,
#6710)),.UNSPECIFIED.,.F.,.F.,.F.,(3,3),(2,2),(-1.,0.),(0.,0.0900000000000001),
 .UNSPECIFIED.);
#21=B_SPLINE_SURFACE_WITH_KNOTS('',2,1,((#6720,#6721),(#6722,#6723),(#6724,
#6725)),.UNSPECIFIED.,.F.,.F.,.F.,(3,3),(2,2),(-1.,0.),(0.,0.0900000000000001),
 .UNSPECIFIED.);
#22=B_SPLINE_SURFACE_WITH_KNOTS('',2,1,((#6735,#6736),(#6737,#6738),(#6739,
#6740)),.UNSPECIFIED.,.F.,.F.,.F.,(3,3),(2,2),(-1.,0.),(0.,0.0900000000000001),
 .UNSPECIFIED.);
#23=B_SPLINE_SURFACE_WITH_KNOTS('',2,1,((#6750,#6751),(#6752,#6753),(#6754,
#6755)),.UNSPECIFIED.,.F.,.F.,.F.,(3,3),(2,2),(-1.,0.),(0.,0.0900000000000001),
 .UNSPECIFIED.);
#24=B_SPLINE_SURFACE_WITH_KNOTS('',2,1,((#6765,#6766),(#6767,#6768),(#6769,
#6770)),.UNSPECIFIED.,.F.,.F.,.F.,(3,3),(2,2),(-1.,0.),(0.,0.0900000000000001),
 .UNSPECIFIED.);
#25=B_SPLINE_SURFACE_WITH_KNOTS('',2,1,((#6780,#6781),(#6782,#6783),(#6784,
#6785)),.UNSPECIFIED.,.F.,.F.,.F.,(3,3),(2,2),(-1.,0.),(0.,0.0900000000000001),
 .UNSPECIFIED.);
#26=B_SPLINE_SURFACE_WITH_KNOTS('',2,1,((#6795,#6796),(#6797,#6798),(#6799,
#6800)),.UNSPECIFIED.,.F.,.F.,.F.,(3,3),(2,2),(-1.,0.),(0.,0.0900000000000001),
 .UNSPECIFIED.);
#27=B_SPLINE_SURFACE_WITH_KNOTS('',2,1,((#6810,#6811),(#6812,#6813),(#6814,
#6815)),.UNSPECIFIED.,.F.,.F.,.F.,(3,3),(2,2),(-1.,0.),(0.,0.0900000000000001),
 .UNSPECIFIED.);
#28=B_SPLINE_SURFACE_WITH_KNOTS('',2,1,((#6825,#6826),(#6827,#6828),(#6829,
#6830)),.UNSPECIFIED.,.F.,.F.,.F.,(3,3),(2,2),(-1.,0.),(0.,0.0900000000000001),
 .UNSPECIFIED.);
#29=B_SPLINE_SURFACE_WITH_KNOTS('',2,1,((#6840,#6841),(#6842,#6843),(#6844,
#6845)),.UNSPECIFIED.,.F.,.F.,.F.,(3,3),(2,2),(-1.,0.),(0.,0.0900000000000001),
 .UNSPECIFIED.);
#30=B_SPLINE_SURFACE_WITH_KNOTS('',2,1,((#6855,#6856),(#6857,#6858),(#6859,
#6860)),.UNSPECIFIED.,.F.,.F.,.F.,(3,3),(2,2),(-1.,0.),(0.,0.0900000000000001),
 .UNSPECIFIED.);
#31=B_SPLINE_SURFACE_WITH_KNOTS('',2,1,((#6870,#6871),(#6872,#6873),(#6874,
#6875)),.UNSPECIFIED.,.F.,.F.,.F.,(3,3),(2,2),(-1.,0.),(0.,0.0900000000000001),
 .UNSPECIFIED.);
#32=B_SPLINE_SURFACE_WITH_KNOTS('',2,1,((#6894,#6895),(#6896,#6897),(#6898,
#6899)),.UNSPECIFIED.,.F.,.F.,.F.,(3,3),(2,2),(0.,1.),(0.,0.09),
 .UNSPECIFIED.);
#33=B_SPLINE_SURFACE_WITH_KNOTS('',2,1,((#6907,#6908),(#6909,#6910),(#6911,
#6912)),.UNSPECIFIED.,.F.,.F.,.F.,(3,3),(2,2),(0.,1.),(0.,0.09),
 .UNSPECIFIED.);
#34=B_SPLINE_SURFACE_WITH_KNOTS('',2,1,((#6918,#6919),(#6920,#6921),(#6922,
#6923)),.UNSPECIFIED.,.F.,.F.,.F.,(3,3),(2,2),(0.,1.),(0.,0.09),
 .UNSPECIFIED.);
#35=B_SPLINE_SURFACE_WITH_KNOTS('',2,1,((#6929,#6930),(#6931,#6932),(#6933,
#6934)),.UNSPECIFIED.,.F.,.F.,.F.,(3,3),(2,2),(0.,1.),(0.,0.09),
 .UNSPECIFIED.);
#36=B_SPLINE_SURFACE_WITH_KNOTS('',2,1,((#6940,#6941),(#6942,#6943),(#6944,
#6945)),.UNSPECIFIED.,.F.,.F.,.F.,(3,3),(2,2),(0.,1.),(0.,0.09),
 .UNSPECIFIED.);
#37=B_SPLINE_SURFACE_WITH_KNOTS('',2,1,((#6951,#6952),(#6953,#6954),(#6955,
#6956)),.UNSPECIFIED.,.F.,.F.,.F.,(3,3),(2,2),(0.,1.),(0.,0.09),
 .UNSPECIFIED.);
#38=B_SPLINE_SURFACE_WITH_KNOTS('',2,1,((#6962,#6963),(#6964,#6965),(#6966,
#6967)),.UNSPECIFIED.,.F.,.F.,.F.,(3,3),(2,2),(0.,1.),(0.,0.09),
 .UNSPECIFIED.);
#39=B_SPLINE_SURFACE_WITH_KNOTS('',2,1,((#6973,#6974),(#6975,#6976),(#6977,
#6978)),.UNSPECIFIED.,.F.,.F.,.F.,(3,3),(2,2),(0.,1.),(0.,0.09),
 .UNSPECIFIED.);
#40=B_SPLINE_SURFACE_WITH_KNOTS('',2,1,((#6988,#6989),(#6990,#6991),(#6992,
#6993)),.UNSPECIFIED.,.F.,.F.,.F.,(3,3),(2,2),(0.,1.),(0.,0.09),
 .UNSPECIFIED.);
#41=B_SPLINE_SURFACE_WITH_KNOTS('',2,1,((#6999,#7000),(#7001,#7002),(#7003,
#7004)),.UNSPECIFIED.,.F.,.F.,.F.,(3,3),(2,2),(0.,1.),(0.,0.09),
 .UNSPECIFIED.);
#42=B_SPLINE_SURFACE_WITH_KNOTS('',2,1,((#7010,#7011),(#7012,#7013),(#7014,
#7015)),.UNSPECIFIED.,.F.,.F.,.F.,(3,3),(2,2),(0.,1.),(0.,0.09),
 .UNSPECIFIED.);
#43=B_SPLINE_SURFACE_WITH_KNOTS('',2,1,((#7021,#7022),(#7023,#7024),(#7025,
#7026)),.UNSPECIFIED.,.F.,.F.,.F.,(3,3),(2,2),(0.,1.),(0.,0.09),
 .UNSPECIFIED.);
#44=B_SPLINE_SURFACE_WITH_KNOTS('',2,1,((#7032,#7033),(#7034,#7035),(#7036,
#7037)),.UNSPECIFIED.,.F.,.F.,.F.,(3,3),(2,2),(0.,1.),(0.,0.09),
 .UNSPECIFIED.);
#45=B_SPLINE_SURFACE_WITH_KNOTS('',2,1,((#7043,#7044),(#7045,#7046),(#7047,
#7048)),.UNSPECIFIED.,.F.,.F.,.F.,(3,3),(2,2),(0.,1.),(0.,0.09),
 .UNSPECIFIED.);
#46=B_SPLINE_SURFACE_WITH_KNOTS('',2,1,((#7054,#7055),(#7056,#7057),(#7058,
#7059)),.UNSPECIFIED.,.F.,.F.,.F.,(3,3),(2,2),(0.,1.),(0.,0.09),
 .UNSPECIFIED.);
#47=B_SPLINE_SURFACE_WITH_KNOTS('',2,1,((#7065,#7066),(#7067,#7068),(#7069,
#7070)),.UNSPECIFIED.,.F.,.F.,.F.,(3,3),(2,2),(0.,1.),(0.,0.09),
 .UNSPECIFIED.);
#48=B_SPLINE_SURFACE_WITH_KNOTS('',2,1,((#7076,#7077),(#7078,#7079),(#7080,
#7081)),.UNSPECIFIED.,.F.,.F.,.F.,(3,3),(2,2),(0.,1.),(0.,0.09),
 .UNSPECIFIED.);
#49=B_SPLINE_SURFACE_WITH_KNOTS('',2,1,((#7087,#7088),(#7089,#7090),(#7091,
#7092)),.UNSPECIFIED.,.F.,.F.,.F.,(3,3),(2,2),(0.,1.),(0.,0.09),
 .UNSPECIFIED.);
#50=B_SPLINE_SURFACE_WITH_KNOTS('',2,1,((#7102,#7103),(#7104,#7105),(#7106,
#7107)),.UNSPECIFIED.,.F.,.F.,.F.,(3,3),(2,2),(0.,1.),(0.,0.09),
 .UNSPECIFIED.);
#51=B_SPLINE_SURFACE_WITH_KNOTS('',2,1,((#7129,#7130),(#7131,#7132),(#7133,
#7134)),.UNSPECIFIED.,.F.,.F.,.F.,(3,3),(2,2),(0.,1.),(0.,0.09),
 .UNSPECIFIED.);
#52=B_SPLINE_SURFACE_WITH_KNOTS('',2,1,((#7142,#7143),(#7144,#7145),(#7146,
#7147)),.UNSPECIFIED.,.F.,.F.,.F.,(3,3),(2,2),(0.,1.),(0.,0.09),
 .UNSPECIFIED.);
#53=B_SPLINE_SURFACE_WITH_KNOTS('',2,1,((#7153,#7154),(#7155,#7156),(#7157,
#7158)),.UNSPECIFIED.,.F.,.F.,.F.,(3,3),(2,2),(0.,1.),(0.,0.09),
 .UNSPECIFIED.);
#54=B_SPLINE_SURFACE_WITH_KNOTS('',2,1,((#7164,#7165),(#7166,#7167),(#7168,
#7169)),.UNSPECIFIED.,.F.,.F.,.F.,(3,3),(2,2),(0.,1.),(0.,0.09),
 .UNSPECIFIED.);
#55=B_SPLINE_SURFACE_WITH_KNOTS('',2,1,((#7175,#7176),(#7177,#7178),(#7179,
#7180)),.UNSPECIFIED.,.F.,.F.,.F.,(3,3),(2,2),(0.,1.),(0.,0.09),
 .UNSPECIFIED.);
#56=B_SPLINE_SURFACE_WITH_KNOTS('',2,1,((#7186,#7187),(#7188,#7189),(#7190,
#7191)),.UNSPECIFIED.,.F.,.F.,.F.,(3,3),(2,2),(0.,1.),(0.,0.09),
 .UNSPECIFIED.);
#57=B_SPLINE_SURFACE_WITH_KNOTS('',2,1,((#7197,#7198),(#7199,#7200),(#7201,
#7202)),.UNSPECIFIED.,.F.,.F.,.F.,(3,3),(2,2),(0.,1.),(0.,0.09),
 .UNSPECIFIED.);
#58=B_SPLINE_SURFACE_WITH_KNOTS('',2,1,((#7208,#7209),(#7210,#7211),(#7212,
#7213)),.UNSPECIFIED.,.F.,.F.,.F.,(3,3),(2,2),(0.,1.),(0.,0.09),
 .UNSPECIFIED.);
#59=B_SPLINE_SURFACE_WITH_KNOTS('',2,1,((#7223,#7224),(#7225,#7226),(#7227,
#7228)),.UNSPECIFIED.,.F.,.F.,.F.,(3,3),(2,2),(0.,1.),(0.,0.09),
 .UNSPECIFIED.);
#60=B_SPLINE_SURFACE_WITH_KNOTS('',2,1,((#7234,#7235),(#7236,#7237),(#7238,
#7239)),.UNSPECIFIED.,.F.,.F.,.F.,(3,3),(2,2),(0.,1.),(0.,0.09),
 .UNSPECIFIED.);
#61=B_SPLINE_SURFACE_WITH_KNOTS('',2,1,((#7245,#7246),(#7247,#7248),(#7249,
#7250)),.UNSPECIFIED.,.F.,.F.,.F.,(3,3),(2,2),(0.,1.),(0.,0.09),
 .UNSPECIFIED.);
#62=B_SPLINE_SURFACE_WITH_KNOTS('',2,1,((#7256,#7257),(#7258,#7259),(#7260,
#7261)),.UNSPECIFIED.,.F.,.F.,.F.,(3,3),(2,2),(0.,1.),(0.,0.09),
 .UNSPECIFIED.);
#63=B_SPLINE_SURFACE_WITH_KNOTS('',2,1,((#7267,#7268),(#7269,#7270),(#7271,
#7272)),.UNSPECIFIED.,.F.,.F.,.F.,(3,3),(2,2),(0.,1.),(0.,0.09),
 .UNSPECIFIED.);
#64=B_SPLINE_SURFACE_WITH_KNOTS('',2,1,((#7278,#7279),(#7280,#7281),(#7282,
#7283)),.UNSPECIFIED.,.F.,.F.,.F.,(3,3),(2,2),(0.,1.),(0.,0.09),
 .UNSPECIFIED.);
#65=B_SPLINE_SURFACE_WITH_KNOTS('',2,1,((#7289,#7290),(#7291,#7292),(#7293,
#7294)),.UNSPECIFIED.,.F.,.F.,.F.,(3,3),(2,2),(0.,1.),(0.,0.09),
 .UNSPECIFIED.);
#66=B_SPLINE_SURFACE_WITH_KNOTS('',2,1,((#7300,#7301),(#7302,#7303),(#7304,
#7305)),.UNSPECIFIED.,.F.,.F.,.F.,(3,3),(2,2),(0.,1.),(0.,0.09),
 .UNSPECIFIED.);
#67=B_SPLINE_SURFACE_WITH_KNOTS('',2,1,((#7311,#7312),(#7313,#7314),(#7315,
#7316)),.UNSPECIFIED.,.F.,.F.,.F.,(3,3),(2,2),(0.,1.),(0.,0.09),
 .UNSPECIFIED.);
#68=B_SPLINE_SURFACE_WITH_KNOTS('',2,1,((#7334,#7335),(#7336,#7337),(#7338,
#7339)),.UNSPECIFIED.,.F.,.F.,.F.,(3,3),(2,2),(0.,1.),(0.,0.09),
 .UNSPECIFIED.);
#69=B_SPLINE_SURFACE_WITH_KNOTS('',2,1,((#7344,#7345),(#7346,#7347),(#7348,
#7349)),.UNSPECIFIED.,.F.,.F.,.F.,(3,3),(2,2),(0.,1.),(0.,0.09),
 .UNSPECIFIED.);
#70=B_SPLINE_SURFACE_WITH_KNOTS('',2,1,((#7357,#7358),(#7359,#7360),(#7361,
#7362)),.UNSPECIFIED.,.F.,.F.,.F.,(3,3),(2,2),(0.,1.),(0.,0.09),
 .UNSPECIFIED.);
#71=B_SPLINE_SURFACE_WITH_KNOTS('',2,1,((#7372,#7373),(#7374,#7375),(#7376,
#7377)),.UNSPECIFIED.,.F.,.F.,.F.,(3,3),(2,2),(0.,1.),(0.,0.09),
 .UNSPECIFIED.);
#72=B_SPLINE_SURFACE_WITH_KNOTS('',2,1,((#7383,#7384),(#7385,#7386),(#7387,
#7388)),.UNSPECIFIED.,.F.,.F.,.F.,(3,3),(2,2),(0.,1.),(0.,0.09),
 .UNSPECIFIED.);
#73=B_SPLINE_SURFACE_WITH_KNOTS('',2,1,((#7409,#7410),(#7411,#7412),(#7413,
#7414)),.UNSPECIFIED.,.F.,.F.,.F.,(3,3),(2,2),(0.,1.),(0.,0.0900000000000001),
 .UNSPECIFIED.);
#74=B_SPLINE_SURFACE_WITH_KNOTS('',2,1,((#7422,#7423),(#7424,#7425),(#7426,
#7427)),.UNSPECIFIED.,.F.,.F.,.F.,(3,3),(2,2),(0.,1.),(0.,0.0900000000000001),
 .UNSPECIFIED.);
#75=B_SPLINE_SURFACE_WITH_KNOTS('',2,1,((#7437,#7438),(#7439,#7440),(#7441,
#7442)),.UNSPECIFIED.,.F.,.F.,.F.,(3,3),(2,2),(0.,1.),(0.,0.0900000000000001),
 .UNSPECIFIED.);
#76=B_SPLINE_SURFACE_WITH_KNOTS('',2,1,((#7448,#7449),(#7450,#7451),(#7452,
#7453)),.UNSPECIFIED.,.F.,.F.,.F.,(3,3),(2,2),(0.,1.),(0.,0.0900000000000001),
 .UNSPECIFIED.);
#77=B_SPLINE_SURFACE_WITH_KNOTS('',2,1,((#7474,#7475),(#7476,#7477),(#7478,
#7479)),.UNSPECIFIED.,.F.,.F.,.F.,(3,3),(2,2),(0.,1.),(0.,0.0900000000000001),
 .UNSPECIFIED.);
#78=B_SPLINE_SURFACE_WITH_KNOTS('',2,1,((#7487,#7488),(#7489,#7490),(#7491,
#7492)),.UNSPECIFIED.,.F.,.F.,.F.,(3,3),(2,2),(0.,1.),(0.,0.0900000000000001),
 .UNSPECIFIED.);
#79=B_SPLINE_SURFACE_WITH_KNOTS('',2,1,((#7498,#7499),(#7500,#7501),(#7502,
#7503)),.UNSPECIFIED.,.F.,.F.,.F.,(3,3),(2,2),(0.,1.),(0.,0.0900000000000001),
 .UNSPECIFIED.);
#80=B_SPLINE_SURFACE_WITH_KNOTS('',2,1,((#7509,#7510),(#7511,#7512),(#7513,
#7514)),.UNSPECIFIED.,.F.,.F.,.F.,(3,3),(2,2),(0.,1.),(0.,0.0900000000000001),
 .UNSPECIFIED.);
#81=B_SPLINE_SURFACE_WITH_KNOTS('',2,1,((#7520,#7521),(#7522,#7523),(#7524,
#7525)),.UNSPECIFIED.,.F.,.F.,.F.,(3,3),(2,2),(0.,1.),(0.,0.0900000000000001),
 .UNSPECIFIED.);
#82=B_SPLINE_SURFACE_WITH_KNOTS('',2,1,((#7531,#7532),(#7533,#7534),(#7535,
#7536)),.UNSPECIFIED.,.F.,.F.,.F.,(3,3),(2,2),(0.,1.),(0.,0.0900000000000001),
 .UNSPECIFIED.);
#83=B_SPLINE_SURFACE_WITH_KNOTS('',2,1,((#7542,#7543),(#7544,#7545),(#7546,
#7547)),.UNSPECIFIED.,.F.,.F.,.F.,(3,3),(2,2),(0.,1.),(0.,0.0900000000000001),
 .UNSPECIFIED.);
#84=B_SPLINE_SURFACE_WITH_KNOTS('',2,1,((#7553,#7554),(#7555,#7556),(#7557,
#7558)),.UNSPECIFIED.,.F.,.F.,.F.,(3,3),(2,2),(0.,1.),(0.,0.0900000000000001),
 .UNSPECIFIED.);
#85=B_SPLINE_SURFACE_WITH_KNOTS('',2,1,((#7564,#7565),(#7566,#7567),(#7568,
#7569)),.UNSPECIFIED.,.F.,.F.,.F.,(3,3),(2,2),(0.,1.),(0.,0.0900000000000001),
 .UNSPECIFIED.);
#86=B_SPLINE_SURFACE_WITH_KNOTS('',2,1,((#7575,#7576),(#7577,#7578),(#7579,
#7580)),.UNSPECIFIED.,.F.,.F.,.F.,(3,3),(2,2),(0.,1.),(0.,0.0900000000000001),
 .UNSPECIFIED.);
#87=B_SPLINE_SURFACE_WITH_KNOTS('',2,1,((#7586,#7587),(#7588,#7589),(#7590,
#7591)),.UNSPECIFIED.,.F.,.F.,.F.,(3,3),(2,2),(0.,1.),(0.,0.0900000000000001),
 .UNSPECIFIED.);
#88=B_SPLINE_SURFACE_WITH_KNOTS('',2,1,((#7601,#7602),(#7603,#7604),(#7605,
#7606)),.UNSPECIFIED.,.F.,.F.,.F.,(3,3),(2,2),(0.,1.),(0.,0.0900000000000001),
 .UNSPECIFIED.);
#89=B_SPLINE_SURFACE_WITH_KNOTS('',2,1,((#7612,#7613),(#7614,#7615),(#7616,
#7617)),.UNSPECIFIED.,.F.,.F.,.F.,(3,3),(2,2),(0.,1.),(0.,0.0900000000000001),
 .UNSPECIFIED.);
#90=B_SPLINE_SURFACE_WITH_KNOTS('',2,1,((#7623,#7624),(#7625,#7626),(#7627,
#7628)),.UNSPECIFIED.,.F.,.F.,.F.,(3,3),(2,2),(0.,1.),(0.,0.0900000000000001),
 .UNSPECIFIED.);
#91=B_SPLINE_SURFACE_WITH_KNOTS('',2,1,((#7634,#7635),(#7636,#7637),(#7638,
#7639)),.UNSPECIFIED.,.F.,.F.,.F.,(3,3),(2,2),(0.,1.),(0.,0.0900000000000001),
 .UNSPECIFIED.);
#92=B_SPLINE_SURFACE_WITH_KNOTS('',2,1,((#7645,#7646),(#7647,#7648),(#7649,
#7650)),.UNSPECIFIED.,.F.,.F.,.F.,(3,3),(2,2),(0.,1.),(0.,0.0900000000000001),
 .UNSPECIFIED.);
#93=B_SPLINE_SURFACE_WITH_KNOTS('',2,1,((#7656,#7657),(#7658,#7659),(#7660,
#7661)),.UNSPECIFIED.,.F.,.F.,.F.,(3,3),(2,2),(0.,1.),(0.,0.0900000000000001),
 .UNSPECIFIED.);
#94=B_SPLINE_SURFACE_WITH_KNOTS('',2,1,((#7667,#7668),(#7669,#7670),(#7671,
#7672)),.UNSPECIFIED.,.F.,.F.,.F.,(3,3),(2,2),(0.,1.),(0.,0.0900000000000001),
 .UNSPECIFIED.);
#95=B_SPLINE_SURFACE_WITH_KNOTS('',2,1,((#7682,#7683),(#7684,#7685),(#7686,
#7687)),.UNSPECIFIED.,.F.,.F.,.F.,(3,3),(2,2),(0.,1.),(0.,0.0900000000000001),
 .UNSPECIFIED.);
#96=B_SPLINE_SURFACE_WITH_KNOTS('',2,1,((#7693,#7694),(#7695,#7696),(#7697,
#7698)),.UNSPECIFIED.,.F.,.F.,.F.,(3,3),(2,2),(0.,1.),(0.,0.0900000000000001),
 .UNSPECIFIED.);
#97=B_SPLINE_SURFACE_WITH_KNOTS('',2,1,((#7704,#7705),(#7706,#7707),(#7708,
#7709)),.UNSPECIFIED.,.F.,.F.,.F.,(3,3),(2,2),(0.,1.),(0.,0.0900000000000001),
 .UNSPECIFIED.);
#98=B_SPLINE_SURFACE_WITH_KNOTS('',2,1,((#7715,#7716),(#7717,#7718),(#7719,
#7720)),.UNSPECIFIED.,.F.,.F.,.F.,(3,3),(2,2),(0.,1.),(0.,0.0900000000000001),
 .UNSPECIFIED.);
#99=B_SPLINE_SURFACE_WITH_KNOTS('',2,1,((#7726,#7727),(#7728,#7729),(#7730,
#7731)),.UNSPECIFIED.,.F.,.F.,.F.,(3,3),(2,2),(0.,1.),(0.,0.0900000000000001),
 .UNSPECIFIED.);
#100=B_SPLINE_SURFACE_WITH_KNOTS('',2,1,((#7737,#7738),(#7739,#7740),(#7741,
#7742)),.UNSPECIFIED.,.F.,.F.,.F.,(3,3),(2,2),(0.,1.),(0.,0.0900000000000001),
 .UNSPECIFIED.);
#101=B_SPLINE_SURFACE_WITH_KNOTS('',2,1,((#7748,#7749),(#7750,#7751),(#7752,
#7753)),.UNSPECIFIED.,.F.,.F.,.F.,(3,3),(2,2),(0.,1.),(0.,0.0900000000000001),
 .UNSPECIFIED.);
#102=B_SPLINE_SURFACE_WITH_KNOTS('',2,1,((#7763,#7764),(#7765,#7766),(#7767,
#7768)),.UNSPECIFIED.,.F.,.F.,.F.,(3,3),(2,2),(0.,1.),(0.,0.0900000000000001),
 .UNSPECIFIED.);
#103=B_SPLINE_SURFACE_WITH_KNOTS('',2,1,((#7774,#7775),(#7776,#7777),(#7778,
#7779)),.UNSPECIFIED.,.F.,.F.,.F.,(3,3),(2,2),(0.,1.),(0.,0.0900000000000001),
 .UNSPECIFIED.);
#104=B_SPLINE_SURFACE_WITH_KNOTS('',2,1,((#7784,#7785),(#7786,#7787),(#7788,
#7789)),.UNSPECIFIED.,.F.,.F.,.F.,(3,3),(2,2),(0.,1.),(0.,0.09),
 .UNSPECIFIED.);
#105=B_SPLINE_SURFACE_WITH_KNOTS('',2,1,((#7797,#7798),(#7799,#7800),(#7801,
#7802)),.UNSPECIFIED.,.F.,.F.,.F.,(3,3),(2,2),(0.,1.),(0.,0.09),
 .UNSPECIFIED.);
#106=B_SPLINE_SURFACE_WITH_KNOTS('',2,1,((#7808,#7809),(#7810,#7811),(#7812,
#7813)),.UNSPECIFIED.,.F.,.F.,.F.,(3,3),(2,2),(0.,1.),(0.,0.09),
 .UNSPECIFIED.);
#107=B_SPLINE_SURFACE_WITH_KNOTS('',2,1,((#7819,#7820),(#7821,#7822),(#7823,
#7824)),.UNSPECIFIED.,.F.,.F.,.F.,(3,3),(2,2),(0.,1.),(0.,0.09),
 .UNSPECIFIED.);
#108=B_SPLINE_SURFACE_WITH_KNOTS('',2,1,((#7830,#7831),(#7832,#7833),(#7834,
#7835)),.UNSPECIFIED.,.F.,.F.,.F.,(3,3),(2,2),(0.,1.),(0.,0.09),
 .UNSPECIFIED.);
#109=B_SPLINE_SURFACE_WITH_KNOTS('',2,1,((#7841,#7842),(#7843,#7844),(#7845,
#7846)),.UNSPECIFIED.,.F.,.F.,.F.,(3,3),(2,2),(0.,1.),(0.,0.09),
 .UNSPECIFIED.);
#110=B_SPLINE_SURFACE_WITH_KNOTS('',2,1,((#7852,#7853),(#7854,#7855),(#7856,
#7857)),.UNSPECIFIED.,.F.,.F.,.F.,(3,3),(2,2),(0.,1.),(0.,0.09),
 .UNSPECIFIED.);
#111=B_SPLINE_SURFACE_WITH_KNOTS('',2,1,((#7863,#7864),(#7865,#7866),(#7867,
#7868)),.UNSPECIFIED.,.F.,.F.,.F.,(3,3),(2,2),(0.,1.),(0.,0.09),
 .UNSPECIFIED.);
#112=B_SPLINE_SURFACE_WITH_KNOTS('',2,1,((#7874,#7875),(#7876,#7877),(#7878,
#7879)),.UNSPECIFIED.,.F.,.F.,.F.,(3,3),(2,2),(0.,1.),(0.,0.09),
 .UNSPECIFIED.);
#113=B_SPLINE_SURFACE_WITH_KNOTS('',2,1,((#7885,#7886),(#7887,#7888),(#7889,
#7890)),.UNSPECIFIED.,.F.,.F.,.F.,(3,3),(2,2),(0.,1.),(0.,0.09),
 .UNSPECIFIED.);
#114=B_SPLINE_SURFACE_WITH_KNOTS('',2,1,((#7896,#7897),(#7898,#7899),(#7900,
#7901)),.UNSPECIFIED.,.F.,.F.,.F.,(3,3),(2,2),(0.,1.),(0.,0.09),
 .UNSPECIFIED.);
#115=B_SPLINE_SURFACE_WITH_KNOTS('',2,1,((#7907,#7908),(#7909,#7910),(#7911,
#7912)),.UNSPECIFIED.,.F.,.F.,.F.,(3,3),(2,2),(0.,1.),(0.,0.09),
 .UNSPECIFIED.);
#116=B_SPLINE_SURFACE_WITH_KNOTS('',2,1,((#7918,#7919),(#7920,#7921),(#7922,
#7923)),.UNSPECIFIED.,.F.,.F.,.F.,(3,3),(2,2),(0.,1.),(0.,0.09),
 .UNSPECIFIED.);
#117=B_SPLINE_SURFACE_WITH_KNOTS('',2,1,((#7929,#7930),(#7931,#7932),(#7933,
#7934)),.UNSPECIFIED.,.F.,.F.,.F.,(3,3),(2,2),(0.,1.),(0.,0.09),
 .UNSPECIFIED.);
#118=B_SPLINE_SURFACE_WITH_KNOTS('',2,1,((#7940,#7941),(#7942,#7943),(#7944,
#7945)),.UNSPECIFIED.,.F.,.F.,.F.,(3,3),(2,2),(0.,1.),(0.,0.09),
 .UNSPECIFIED.);
#119=B_SPLINE_SURFACE_WITH_KNOTS('',2,1,((#7951,#7952),(#7953,#7954),(#7955,
#7956)),.UNSPECIFIED.,.F.,.F.,.F.,(3,3),(2,2),(0.,1.),(0.,0.09),
 .UNSPECIFIED.);
#120=B_SPLINE_SURFACE_WITH_KNOTS('',2,1,((#7961,#7962),(#7963,#7964),(#7965,
#7966)),.UNSPECIFIED.,.F.,.F.,.F.,(3,3),(2,2),(0.,1.),(0.,0.09),
 .UNSPECIFIED.);
#121=B_SPLINE_SURFACE_WITH_KNOTS('',2,1,((#7974,#7975),(#7976,#7977),(#7978,
#7979)),.UNSPECIFIED.,.F.,.F.,.F.,(3,3),(2,2),(0.,1.),(0.,0.09),
 .UNSPECIFIED.);
#122=B_SPLINE_SURFACE_WITH_KNOTS('',2,1,((#7985,#7986),(#7987,#7988),(#7989,
#7990)),.UNSPECIFIED.,.F.,.F.,.F.,(3,3),(2,2),(0.,1.),(0.,0.09),
 .UNSPECIFIED.);
#123=B_SPLINE_SURFACE_WITH_KNOTS('',2,1,((#7996,#7997),(#7998,#7999),(#8000,
#8001)),.UNSPECIFIED.,.F.,.F.,.F.,(3,3),(2,2),(0.,1.),(0.,0.09),
 .UNSPECIFIED.);
#124=B_SPLINE_SURFACE_WITH_KNOTS('',2,1,((#8007,#8008),(#8009,#8010),(#8011,
#8012)),.UNSPECIFIED.,.F.,.F.,.F.,(3,3),(2,2),(0.,1.),(0.,0.09),
 .UNSPECIFIED.);
#125=B_SPLINE_SURFACE_WITH_KNOTS('',2,1,((#8042,#8043),(#8044,#8045),(#8046,
#8047)),.UNSPECIFIED.,.F.,.F.,.F.,(3,3),(2,2),(0.,1.),(0.,0.09),
 .UNSPECIFIED.);
#126=B_SPLINE_SURFACE_WITH_KNOTS('',2,1,((#8053,#8054),(#8055,#8056),(#8057,
#8058)),.UNSPECIFIED.,.F.,.F.,.F.,(3,3),(2,2),(0.,1.),(0.,0.09),
 .UNSPECIFIED.);
#127=B_SPLINE_SURFACE_WITH_KNOTS('',2,1,((#8064,#8065),(#8066,#8067),(#8068,
#8069)),.UNSPECIFIED.,.F.,.F.,.F.,(3,3),(2,2),(0.,1.),(0.,0.09),
 .UNSPECIFIED.);
#128=B_SPLINE_SURFACE_WITH_KNOTS('',2,1,((#8075,#8076),(#8077,#8078),(#8079,
#8080)),.UNSPECIFIED.,.F.,.F.,.F.,(3,3),(2,2),(0.,1.),(0.,0.09),
 .UNSPECIFIED.);
#129=B_SPLINE_SURFACE_WITH_KNOTS('',2,1,((#8086,#8087),(#8088,#8089),(#8090,
#8091)),.UNSPECIFIED.,.F.,.F.,.F.,(3,3),(2,2),(0.,1.),(0.,0.09),
 .UNSPECIFIED.);
#130=B_SPLINE_SURFACE_WITH_KNOTS('',2,1,((#8097,#8098),(#8099,#8100),(#8101,
#8102)),.UNSPECIFIED.,.F.,.F.,.F.,(3,3),(2,2),(0.,1.),(0.,0.09),
 .UNSPECIFIED.);
#131=B_SPLINE_SURFACE_WITH_KNOTS('',2,1,((#8108,#8109),(#8110,#8111),(#8112,
#8113)),.UNSPECIFIED.,.F.,.F.,.F.,(3,3),(2,2),(0.,1.),(0.,0.09),
 .UNSPECIFIED.);
#132=B_SPLINE_SURFACE_WITH_KNOTS('',2,1,((#8119,#8120),(#8121,#8122),(#8123,
#8124)),.UNSPECIFIED.,.F.,.F.,.F.,(3,3),(2,2),(0.,1.),(0.,0.09),
 .UNSPECIFIED.);
#133=B_SPLINE_SURFACE_WITH_KNOTS('',2,1,((#8134,#8135),(#8136,#8137),(#8138,
#8139)),.UNSPECIFIED.,.F.,.F.,.F.,(3,3),(2,2),(0.,1.),(0.,0.09),
 .UNSPECIFIED.);
#134=B_SPLINE_SURFACE_WITH_KNOTS('',2,1,((#8145,#8146),(#8147,#8148),(#8149,
#8150)),.UNSPECIFIED.,.F.,.F.,.F.,(3,3),(2,2),(0.,1.),(0.,0.09),
 .UNSPECIFIED.);
#135=B_SPLINE_SURFACE_WITH_KNOTS('',2,1,((#8155,#8156),(#8157,#8158),(#8159,
#8160)),.UNSPECIFIED.,.F.,.F.,.F.,(3,3),(2,2),(0.,1.),(0.,0.09),
 .UNSPECIFIED.);
#136=B_SPLINE_SURFACE_WITH_KNOTS('',2,1,((#8168,#8169),(#8170,#8171),(#8172,
#8173)),.UNSPECIFIED.,.F.,.F.,.F.,(3,3),(2,2),(0.,1.),(0.,0.09),
 .UNSPECIFIED.);
#137=B_SPLINE_SURFACE_WITH_KNOTS('',2,1,((#8179,#8180),(#8181,#8182),(#8183,
#8184)),.UNSPECIFIED.,.F.,.F.,.F.,(3,3),(2,2),(0.,1.),(0.,0.09),
 .UNSPECIFIED.);
#138=B_SPLINE_SURFACE_WITH_KNOTS('',2,1,((#8190,#8191),(#8192,#8193),(#8194,
#8195)),.UNSPECIFIED.,.F.,.F.,.F.,(3,3),(2,2),(0.,1.),(0.,0.09),
 .UNSPECIFIED.);
#139=B_SPLINE_SURFACE_WITH_KNOTS('',2,1,((#8201,#8202),(#8203,#8204),(#8205,
#8206)),.UNSPECIFIED.,.F.,.F.,.F.,(3,3),(2,2),(0.,1.),(0.,0.09),
 .UNSPECIFIED.);
#140=B_SPLINE_SURFACE_WITH_KNOTS('',2,1,((#8212,#8213),(#8214,#8215),(#8216,
#8217)),.UNSPECIFIED.,.F.,.F.,.F.,(3,3),(2,2),(0.,1.),(0.,0.09),
 .UNSPECIFIED.);
#141=B_SPLINE_SURFACE_WITH_KNOTS('',2,1,((#8223,#8224),(#8225,#8226),(#8227,
#8228)),.UNSPECIFIED.,.F.,.F.,.F.,(3,3),(2,2),(0.,1.),(0.,0.09),
 .UNSPECIFIED.);
#142=B_SPLINE_SURFACE_WITH_KNOTS('',2,1,((#8234,#8235),(#8236,#8237),(#8238,
#8239)),.UNSPECIFIED.,.F.,.F.,.F.,(3,3),(2,2),(0.,1.),(0.,0.09),
 .UNSPECIFIED.);
#143=B_SPLINE_SURFACE_WITH_KNOTS('',2,1,((#8245,#8246),(#8247,#8248),(#8249,
#8250)),.UNSPECIFIED.,.F.,.F.,.F.,(3,3),(2,2),(0.,1.),(0.,0.09),
 .UNSPECIFIED.);
#144=B_SPLINE_SURFACE_WITH_KNOTS('',2,1,((#8256,#8257),(#8258,#8259),(#8260,
#8261)),.UNSPECIFIED.,.F.,.F.,.F.,(3,3),(2,2),(0.,1.),(0.,0.09),
 .UNSPECIFIED.);
#145=B_SPLINE_SURFACE_WITH_KNOTS('',2,1,((#8267,#8268),(#8269,#8270),(#8271,
#8272)),.UNSPECIFIED.,.F.,.F.,.F.,(3,3),(2,2),(0.,1.),(0.,0.09),
 .UNSPECIFIED.);
#146=B_SPLINE_SURFACE_WITH_KNOTS('',2,1,((#8282,#8283),(#8284,#8285),(#8286,
#8287)),.UNSPECIFIED.,.F.,.F.,.F.,(3,3),(2,2),(0.,1.),(0.,0.09),
 .UNSPECIFIED.);
#147=B_SPLINE_SURFACE_WITH_KNOTS('',2,1,((#8293,#8294),(#8295,#8296),(#8297,
#8298)),.UNSPECIFIED.,.F.,.F.,.F.,(3,3),(2,2),(0.,1.),(0.,0.09),
 .UNSPECIFIED.);
#148=B_SPLINE_SURFACE_WITH_KNOTS('',2,1,((#8304,#8305),(#8306,#8307),(#8308,
#8309)),.UNSPECIFIED.,.F.,.F.,.F.,(3,3),(2,2),(0.,1.),(0.,0.09),
 .UNSPECIFIED.);
#149=B_SPLINE_SURFACE_WITH_KNOTS('',2,1,((#8315,#8316),(#8317,#8318),(#8319,
#8320)),.UNSPECIFIED.,.F.,.F.,.F.,(3,3),(2,2),(0.,1.),(0.,0.09),
 .UNSPECIFIED.);
#150=B_SPLINE_SURFACE_WITH_KNOTS('',2,1,((#8326,#8327),(#8328,#8329),(#8330,
#8331)),.UNSPECIFIED.,.F.,.F.,.F.,(3,3),(2,2),(0.,1.),(0.,0.09),
 .UNSPECIFIED.);
#151=B_SPLINE_SURFACE_WITH_KNOTS('',2,1,((#8337,#8338),(#8339,#8340),(#8341,
#8342)),.UNSPECIFIED.,.F.,.F.,.F.,(3,3),(2,2),(0.,1.),(0.,0.09),
 .UNSPECIFIED.);
#152=B_SPLINE_SURFACE_WITH_KNOTS('',2,1,((#8348,#8349),(#8350,#8351),(#8352,
#8353)),.UNSPECIFIED.,.F.,.F.,.F.,(3,3),(2,2),(0.,1.),(0.,0.09),
 .UNSPECIFIED.);
#153=B_SPLINE_SURFACE_WITH_KNOTS('',2,1,((#8363,#8364),(#8365,#8366),(#8367,
#8368)),.UNSPECIFIED.,.F.,.F.,.F.,(3,3),(2,2),(0.,1.),(0.,0.09),
 .UNSPECIFIED.);
#154=B_SPLINE_SURFACE_WITH_KNOTS('',2,1,((#8374,#8375),(#8376,#8377),(#8378,
#8379)),.UNSPECIFIED.,.F.,.F.,.F.,(3,3),(2,2),(0.,1.),(0.,0.09),
 .UNSPECIFIED.);
#155=B_SPLINE_SURFACE_WITH_KNOTS('',2,1,((#8385,#8386),(#8387,#8388),(#8389,
#8390)),.UNSPECIFIED.,.F.,.F.,.F.,(3,3),(2,2),(0.,1.),(0.,0.09),
 .UNSPECIFIED.);
#156=B_SPLINE_SURFACE_WITH_KNOTS('',2,1,((#8396,#8397),(#8398,#8399),(#8400,
#8401)),.UNSPECIFIED.,.F.,.F.,.F.,(3,3),(2,2),(0.,1.),(0.,0.09),
 .UNSPECIFIED.);
#157=B_SPLINE_SURFACE_WITH_KNOTS('',2,1,((#8407,#8408),(#8409,#8410),(#8411,
#8412)),.UNSPECIFIED.,.F.,.F.,.F.,(3,3),(2,2),(0.,1.),(0.,0.09),
 .UNSPECIFIED.);
#158=B_SPLINE_SURFACE_WITH_KNOTS('',2,1,((#8418,#8419),(#8420,#8421),(#8422,
#8423)),.UNSPECIFIED.,.F.,.F.,.F.,(3,3),(2,2),(0.,1.),(0.,0.09),
 .UNSPECIFIED.);
#159=B_SPLINE_SURFACE_WITH_KNOTS('',2,1,((#8429,#8430),(#8431,#8432),(#8433,
#8434)),.UNSPECIFIED.,.F.,.F.,.F.,(3,3),(2,2),(0.,1.),(0.,0.09),
 .UNSPECIFIED.);
#160=B_SPLINE_SURFACE_WITH_KNOTS('',2,1,((#8444,#8445),(#8446,#8447),(#8448,
#8449)),.UNSPECIFIED.,.F.,.F.,.F.,(3,3),(2,2),(0.,1.),(0.,0.09),
 .UNSPECIFIED.);
#161=B_SPLINE_SURFACE_WITH_KNOTS('',2,1,((#8455,#8456),(#8457,#8458),(#8459,
#8460)),.UNSPECIFIED.,.F.,.F.,.F.,(3,3),(2,2),(0.,1.),(0.,0.09),
 .UNSPECIFIED.);
#162=B_SPLINE_SURFACE_WITH_KNOTS('',2,1,((#8465,#8466),(#8467,#8468),(#8469,
#8470)),.UNSPECIFIED.,.F.,.F.,.F.,(3,3),(2,2),(0.,1.),(0.,0.0900000000000001),
 .UNSPECIFIED.);
#163=B_SPLINE_SURFACE_WITH_KNOTS('',2,1,((#8478,#8479),(#8480,#8481),(#8482,
#8483)),.UNSPECIFIED.,.F.,.F.,.F.,(3,3),(2,2),(0.,1.),(0.,0.0900000000000001),
 .UNSPECIFIED.);
#164=B_SPLINE_SURFACE_WITH_KNOTS('',2,1,((#8489,#8490),(#8491,#8492),(#8493,
#8494)),.UNSPECIFIED.,.F.,.F.,.F.,(3,3),(2,2),(0.,1.),(0.,0.0900000000000001),
 .UNSPECIFIED.);
#165=B_SPLINE_SURFACE_WITH_KNOTS('',2,1,((#8500,#8501),(#8502,#8503),(#8504,
#8505)),.UNSPECIFIED.,.F.,.F.,.F.,(3,3),(2,2),(0.,1.),(0.,0.0900000000000001),
 .UNSPECIFIED.);
#166=B_SPLINE_SURFACE_WITH_KNOTS('',2,1,((#8511,#8512),(#8513,#8514),(#8515,
#8516)),.UNSPECIFIED.,.F.,.F.,.F.,(3,3),(2,2),(0.,1.),(0.,0.0900000000000001),
 .UNSPECIFIED.);
#167=B_SPLINE_SURFACE_WITH_KNOTS('',2,1,((#8522,#8523),(#8524,#8525),(#8526,
#8527)),.UNSPECIFIED.,.F.,.F.,.F.,(3,3),(2,2),(0.,1.),(0.,0.0900000000000001),
 .UNSPECIFIED.);
#168=B_SPLINE_SURFACE_WITH_KNOTS('',2,1,((#8533,#8534),(#8535,#8536),(#8537,
#8538)),.UNSPECIFIED.,.F.,.F.,.F.,(3,3),(2,2),(0.,1.),(0.,0.0900000000000001),
 .UNSPECIFIED.);
#169=B_SPLINE_SURFACE_WITH_KNOTS('',2,1,((#8544,#8545),(#8546,#8547),(#8548,
#8549)),.UNSPECIFIED.,.F.,.F.,.F.,(3,3),(2,2),(0.,1.),(0.,0.0900000000000001),
 .UNSPECIFIED.);
#170=B_SPLINE_SURFACE_WITH_KNOTS('',2,1,((#8559,#8560),(#8561,#8562),(#8563,
#8564)),.UNSPECIFIED.,.F.,.F.,.F.,(3,3),(2,2),(0.,1.),(0.,0.0900000000000001),
 .UNSPECIFIED.);
#171=B_SPLINE_SURFACE_WITH_KNOTS('',2,1,((#8570,#8571),(#8572,#8573),(#8574,
#8575)),.UNSPECIFIED.,.F.,.F.,.F.,(3,3),(2,2),(0.,1.),(0.,0.0900000000000001),
 .UNSPECIFIED.);
#172=B_SPLINE_SURFACE_WITH_KNOTS('',2,1,((#8581,#8582),(#8583,#8584),(#8585,
#8586)),.UNSPECIFIED.,.F.,.F.,.F.,(3,3),(2,2),(0.,1.),(0.,0.0900000000000001),
 .UNSPECIFIED.);
#173=B_SPLINE_SURFACE_WITH_KNOTS('',2,1,((#8592,#8593),(#8594,#8595),(#8596,
#8597)),.UNSPECIFIED.,.F.,.F.,.F.,(3,3),(2,2),(0.,1.),(0.,0.0900000000000001),
 .UNSPECIFIED.);
#174=B_SPLINE_SURFACE_WITH_KNOTS('',2,1,((#8603,#8604),(#8605,#8606),(#8607,
#8608)),.UNSPECIFIED.,.F.,.F.,.F.,(3,3),(2,2),(0.,1.),(0.,0.0900000000000001),
 .UNSPECIFIED.);
#175=B_SPLINE_SURFACE_WITH_KNOTS('',2,1,((#8614,#8615),(#8616,#8617),(#8618,
#8619)),.UNSPECIFIED.,.F.,.F.,.F.,(3,3),(2,2),(0.,1.),(0.,0.0900000000000001),
 .UNSPECIFIED.);
#176=B_SPLINE_SURFACE_WITH_KNOTS('',2,1,((#8625,#8626),(#8627,#8628),(#8629,
#8630)),.UNSPECIFIED.,.F.,.F.,.F.,(3,3),(2,2),(0.,1.),(0.,0.0900000000000001),
 .UNSPECIFIED.);
#177=B_SPLINE_SURFACE_WITH_KNOTS('',2,1,((#8636,#8637),(#8638,#8639),(#8640,
#8641)),.UNSPECIFIED.,.F.,.F.,.F.,(3,3),(2,2),(0.,1.),(0.,0.0900000000000001),
 .UNSPECIFIED.);
#178=B_SPLINE_SURFACE_WITH_KNOTS('',2,1,((#8647,#8648),(#8649,#8650),(#8651,
#8652)),.UNSPECIFIED.,.F.,.F.,.F.,(3,3),(2,2),(0.,1.),(0.,0.0900000000000001),
 .UNSPECIFIED.);
#179=B_SPLINE_SURFACE_WITH_KNOTS('',2,1,((#8670,#8671),(#8672,#8673),(#8674,
#8675)),.UNSPECIFIED.,.F.,.F.,.F.,(3,3),(2,2),(0.,1.),(0.,0.0900000000000001),
 .UNSPECIFIED.);
#180=B_SPLINE_SURFACE_WITH_KNOTS('',2,1,((#8680,#8681),(#8682,#8683),(#8684,
#8685)),.UNSPECIFIED.,.F.,.F.,.F.,(3,3),(2,2),(0.,1.),(0.,0.09),
 .UNSPECIFIED.);
#181=B_SPLINE_SURFACE_WITH_KNOTS('',2,1,((#8693,#8694),(#8695,#8696),(#8697,
#8698)),.UNSPECIFIED.,.F.,.F.,.F.,(3,3),(2,2),(0.,1.),(0.,0.09),
 .UNSPECIFIED.);
#182=B_SPLINE_SURFACE_WITH_KNOTS('',2,1,((#8708,#8709),(#8710,#8711),(#8712,
#8713)),.UNSPECIFIED.,.F.,.F.,.F.,(3,3),(2,2),(0.,1.),(0.,0.09),
 .UNSPECIFIED.);
#183=B_SPLINE_SURFACE_WITH_KNOTS('',2,1,((#8719,#8720),(#8721,#8722),(#8723,
#8724)),.UNSPECIFIED.,.F.,.F.,.F.,(3,3),(2,2),(0.,1.),(0.,0.09),
 .UNSPECIFIED.);
#184=B_SPLINE_SURFACE_WITH_KNOTS('',2,1,((#8745,#8746),(#8747,#8748),(#8749,
#8750)),.UNSPECIFIED.,.F.,.F.,.F.,(3,3),(2,2),(0.,1.),(0.,0.0899999999999999),
 .UNSPECIFIED.);
#185=B_SPLINE_SURFACE_WITH_KNOTS('',2,1,((#8758,#8759),(#8760,#8761),(#8762,
#8763)),.UNSPECIFIED.,.F.,.F.,.F.,(3,3),(2,2),(0.,1.),(0.,0.0899999999999999),
 .UNSPECIFIED.);
#186=B_SPLINE_SURFACE_WITH_KNOTS('',2,1,((#8769,#8770),(#8771,#8772),(#8773,
#8774)),.UNSPECIFIED.,.F.,.F.,.F.,(3,3),(2,2),(0.,1.),(0.,0.0899999999999999),
 .UNSPECIFIED.);
#187=B_SPLINE_SURFACE_WITH_KNOTS('',2,1,((#8780,#8781),(#8782,#8783),(#8784,
#8785)),.UNSPECIFIED.,.F.,.F.,.F.,(3,3),(2,2),(0.,1.),(0.,0.0899999999999999),
 .UNSPECIFIED.);
#188=B_SPLINE_SURFACE_WITH_KNOTS('',2,1,((#8791,#8792),(#8793,#8794),(#8795,
#8796)),.UNSPECIFIED.,.F.,.F.,.F.,(3,3),(2,2),(0.,1.),(0.,0.0899999999999999),
 .UNSPECIFIED.);
#189=B_SPLINE_SURFACE_WITH_KNOTS('',2,1,((#8802,#8803),(#8804,#8805),(#8806,
#8807)),.UNSPECIFIED.,.F.,.F.,.F.,(3,3),(2,2),(0.,1.),(0.,0.0899999999999999),
 .UNSPECIFIED.);
#190=B_SPLINE_SURFACE_WITH_KNOTS('',2,1,((#8813,#8814),(#8815,#8816),(#8817,
#8818)),.UNSPECIFIED.,.F.,.F.,.F.,(3,3),(2,2),(0.,1.),(0.,0.0899999999999999),
 .UNSPECIFIED.);
#191=B_SPLINE_SURFACE_WITH_KNOTS('',2,1,((#8824,#8825),(#8826,#8827),(#8828,
#8829)),.UNSPECIFIED.,.F.,.F.,.F.,(3,3),(2,2),(0.,1.),(0.,0.0899999999999999),
 .UNSPECIFIED.);
#192=B_SPLINE_SURFACE_WITH_KNOTS('',2,1,((#8835,#8836),(#8837,#8838),(#8839,
#8840)),.UNSPECIFIED.,.F.,.F.,.F.,(3,3),(2,2),(0.,1.),(0.,0.0899999999999999),
 .UNSPECIFIED.);
#193=B_SPLINE_SURFACE_WITH_KNOTS('',2,1,((#8846,#8847),(#8848,#8849),(#8850,
#8851)),.UNSPECIFIED.,.F.,.F.,.F.,(3,3),(2,2),(0.,1.),(0.,0.0899999999999999),
 .UNSPECIFIED.);
#194=B_SPLINE_SURFACE_WITH_KNOTS('',2,1,((#8857,#8858),(#8859,#8860),(#8861,
#8862)),.UNSPECIFIED.,.F.,.F.,.F.,(3,3),(2,2),(0.,1.),(0.,0.0899999999999999),
 .UNSPECIFIED.);
#195=B_SPLINE_SURFACE_WITH_KNOTS('',2,1,((#8868,#8869),(#8870,#8871),(#8872,
#8873)),.UNSPECIFIED.,.F.,.F.,.F.,(3,3),(2,2),(0.,1.),(0.,0.0899999999999999),
 .UNSPECIFIED.);
#196=CIRCLE('',#5089,5.616);
#197=CIRCLE('',#5093,4.896);
#198=CIRCLE('',#5094,4.896);
#199=CIRCLE('',#5096,5.616);
#200=FACE_BOUND('',#886,.T.);
#201=FACE_BOUND('',#888,.T.);
#202=FACE_BOUND('',#890,.T.);
#203=FACE_BOUND('',#892,.T.);
#204=FACE_BOUND('',#894,.T.);
#205=FACE_BOUND('',#896,.T.);
#206=FACE_BOUND('',#898,.T.);
#207=FACE_BOUND('',#899,.T.);
#208=FACE_BOUND('',#901,.T.);
#209=FACE_BOUND('',#902,.T.);
#210=FACE_BOUND('',#904,.T.);
#211=FACE_BOUND('',#906,.T.);
#212=FACE_BOUND('',#907,.T.);
#213=FACE_BOUND('',#927,.T.);
#214=FACE_BOUND('',#1147,.T.);
#215=B_SPLINE_CURVE_WITH_KNOTS('',2,(#5908,#5909,#5910),.UNSPECIFIED.,.F.,
 .F.,(3,3),(0.,1.),.UNSPECIFIED.);
#216=B_SPLINE_CURVE_WITH_KNOTS('',2,(#5912,#5913,#5914),.UNSPECIFIED.,.F.,
 .F.,(3,3),(0.,1.),.UNSPECIFIED.);
#217=B_SPLINE_CURVE_WITH_KNOTS('',2,(#5916,#5917,#5918),.UNSPECIFIED.,.F.,
 .F.,(3,3),(0.,1.),.UNSPECIFIED.);
#218=B_SPLINE_CURVE_WITH_KNOTS('',2,(#5922,#5923,#5924),.UNSPECIFIED.,.F.,
 .F.,(3,3),(0.,1.),.UNSPECIFIED.);
#219=B_SPLINE_CURVE_WITH_KNOTS('',2,(#5926,#5927,#5928),.UNSPECIFIED.,.F.,
 .F.,(3,3),(0.,1.),.UNSPECIFIED.);
#220=B_SPLINE_CURVE_WITH_KNOTS('',2,(#5930,#5931,#5932),.UNSPECIFIED.,.F.,
 .F.,(3,3),(0.,1.),.UNSPECIFIED.);
#221=B_SPLINE_CURVE_WITH_KNOTS('',2,(#5934,#5935,#5936),.UNSPECIFIED.,.F.,
 .F.,(3,3),(0.,1.),.UNSPECIFIED.);
#222=B_SPLINE_CURVE_WITH_KNOTS('',2,(#5938,#5939,#5940),.UNSPECIFIED.,.F.,
 .F.,(3,3),(0.,1.),.UNSPECIFIED.);
#223=B_SPLINE_CURVE_WITH_KNOTS('',2,(#5942,#5943,#5944),.UNSPECIFIED.,.F.,
 .F.,(3,3),(0.,1.),.UNSPECIFIED.);
#224=B_SPLINE_CURVE_WITH_KNOTS('',2,(#5946,#5947,#5948),.UNSPECIFIED.,.F.,
 .F.,(3,3),(0.,1.),.UNSPECIFIED.);
#225=B_SPLINE_CURVE_WITH_KNOTS('',2,(#5950,#5951,#5952),.UNSPECIFIED.,.F.,
 .F.,(3,3),(0.,1.),.UNSPECIFIED.);
#226=B_SPLINE_CURVE_WITH_KNOTS('',2,(#5966,#5967,#5968),.UNSPECIFIED.,.F.,
 .F.,(3,3),(0.,1.),.UNSPECIFIED.);
#227=B_SPLINE_CURVE_WITH_KNOTS('',2,(#5970,#5971,#5972),.UNSPECIFIED.,.F.,
 .F.,(3,3),(0.,1.),.UNSPECIFIED.);
#228=B_SPLINE_CURVE_WITH_KNOTS('',2,(#5974,#5975,#5976),.UNSPECIFIED.,.F.,
 .F.,(3,3),(0.,1.),.UNSPECIFIED.);
#229=B_SPLINE_CURVE_WITH_KNOTS('',2,(#5977,#5978,#5979),.UNSPECIFIED.,.F.,
 .F.,(3,3),(0.,1.),.UNSPECIFIED.);
#230=B_SPLINE_CURVE_WITH_KNOTS('',2,(#5983,#5984,#5985),.UNSPECIFIED.,.F.,
 .F.,(3,3),(0.,1.),.UNSPECIFIED.);
#231=B_SPLINE_CURVE_WITH_KNOTS('',2,(#5987,#5988,#5989),.UNSPECIFIED.,.F.,
 .F.,(3,3),(0.,1.),.UNSPECIFIED.);
#232=B_SPLINE_CURVE_WITH_KNOTS('',2,(#5991,#5992,#5993),.UNSPECIFIED.,.F.,
 .F.,(3,3),(0.,1.),.UNSPECIFIED.);
#233=B_SPLINE_CURVE_WITH_KNOTS('',2,(#5997,#5998,#5999),.UNSPECIFIED.,.F.,
 .F.,(3,3),(0.,1.),.UNSPECIFIED.);
#234=B_SPLINE_CURVE_WITH_KNOTS('',2,(#6001,#6002,#6003),.UNSPECIFIED.,.F.,
 .F.,(3,3),(0.,1.),.UNSPECIFIED.);
#235=B_SPLINE_CURVE_WITH_KNOTS('',2,(#6005,#6006,#6007),.UNSPECIFIED.,.F.,
 .F.,(3,3),(0.,1.),.UNSPECIFIED.);
#236=B_SPLINE_CURVE_WITH_KNOTS('',2,(#6009,#6010,#6011),.UNSPECIFIED.,.F.,
 .F.,(3,3),(0.,1.),.UNSPECIFIED.);
#237=B_SPLINE_CURVE_WITH_KNOTS('',2,(#6013,#6014,#6015),.UNSPECIFIED.,.F.,
 .F.,(3,3),(0.,1.),.UNSPECIFIED.);
#238=B_SPLINE_CURVE_WITH_KNOTS('',2,(#6017,#6018,#6019),.UNSPECIFIED.,.F.,
 .F.,(3,3),(0.,1.),.UNSPECIFIED.);
#239=B_SPLINE_CURVE_WITH_KNOTS('',2,(#6021,#6022,#6023),.UNSPECIFIED.,.F.,
 .F.,(3,3),(0.,1.),.UNSPECIFIED.);
#240=B_SPLINE_CURVE_WITH_KNOTS('',2,(#6027,#6028,#6029),.UNSPECIFIED.,.F.,
 .F.,(3,3),(0.,1.),.UNSPECIFIED.);
#241=B_SPLINE_CURVE_WITH_KNOTS('',2,(#6031,#6032,#6033),.UNSPECIFIED.,.F.,
 .F.,(3,3),(0.,1.),.UNSPECIFIED.);
#242=B_SPLINE_CURVE_WITH_KNOTS('',2,(#6035,#6036,#6037),.UNSPECIFIED.,.F.,
 .F.,(3,3),(0.,1.),.UNSPECIFIED.);
#243=B_SPLINE_CURVE_WITH_KNOTS('',2,(#6039,#6040,#6041),.UNSPECIFIED.,.F.,
 .F.,(3,3),(0.,1.),.UNSPECIFIED.);
#244=B_SPLINE_CURVE_WITH_KNOTS('',2,(#6043,#6044,#6045),.UNSPECIFIED.,.F.,
 .F.,(3,3),(0.,1.),.UNSPECIFIED.);
#245=B_SPLINE_CURVE_WITH_KNOTS('',2,(#6047,#6048,#6049),.UNSPECIFIED.,.F.,
 .F.,(3,3),(0.,1.),.UNSPECIFIED.);
#246=B_SPLINE_CURVE_WITH_KNOTS('',2,(#6051,#6052,#6053),.UNSPECIFIED.,.F.,
 .F.,(3,3),(0.,1.),.UNSPECIFIED.);
#247=B_SPLINE_CURVE_WITH_KNOTS('',2,(#6057,#6058,#6059),.UNSPECIFIED.,.F.,
 .F.,(3,3),(0.,1.),.UNSPECIFIED.);
#248=B_SPLINE_CURVE_WITH_KNOTS('',2,(#6061,#6062,#6063),.UNSPECIFIED.,.F.,
 .F.,(3,3),(0.,1.),.UNSPECIFIED.);
#249=B_SPLINE_CURVE_WITH_KNOTS('',2,(#6065,#6066,#6067),.UNSPECIFIED.,.F.,
 .F.,(3,3),(0.,1.),.UNSPECIFIED.);
#250=B_SPLINE_CURVE_WITH_KNOTS('',2,(#6069,#6070,#6071),.UNSPECIFIED.,.F.,
 .F.,(3,3),(0.,1.),.UNSPECIFIED.);
#251=B_SPLINE_CURVE_WITH_KNOTS('',2,(#6073,#6074,#6075),.UNSPECIFIED.,.F.,
 .F.,(3,3),(0.,1.),.UNSPECIFIED.);
#252=B_SPLINE_CURVE_WITH_KNOTS('',2,(#6077,#6078,#6079),.UNSPECIFIED.,.F.,
 .F.,(3,3),(0.,1.),.UNSPECIFIED.);
#253=B_SPLINE_CURVE_WITH_KNOTS('',2,(#6081,#6082,#6083),.UNSPECIFIED.,.F.,
 .F.,(3,3),(0.,1.),.UNSPECIFIED.);
#254=B_SPLINE_CURVE_WITH_KNOTS('',2,(#6085,#6086,#6087),.UNSPECIFIED.,.F.,
 .F.,(3,3),(0.,1.),.UNSPECIFIED.);
#255=B_SPLINE_CURVE_WITH_KNOTS('',2,(#6089,#6090,#6091),.UNSPECIFIED.,.F.,
 .F.,(3,3),(0.,1.),.UNSPECIFIED.);
#256=B_SPLINE_CURVE_WITH_KNOTS('',2,(#6092,#6093,#6094),.UNSPECIFIED.,.F.,
 .F.,(3,3),(0.,1.),.UNSPECIFIED.);
#257=B_SPLINE_CURVE_WITH_KNOTS('',2,(#6098,#6099,#6100),.UNSPECIFIED.,.F.,
 .F.,(3,3),(0.,1.),.UNSPECIFIED.);
#258=B_SPLINE_CURVE_WITH_KNOTS('',2,(#6102,#6103,#6104),.UNSPECIFIED.,.F.,
 .F.,(3,3),(0.,1.),.UNSPECIFIED.);
#259=B_SPLINE_CURVE_WITH_KNOTS('',2,(#6112,#6113,#6114),.UNSPECIFIED.,.F.,
 .F.,(3,3),(0.,1.),.UNSPECIFIED.);
#260=B_SPLINE_CURVE_WITH_KNOTS('',2,(#6116,#6117,#6118),.UNSPECIFIED.,.F.,
 .F.,(3,3),(0.,1.),.UNSPECIFIED.);
#261=B_SPLINE_CURVE_WITH_KNOTS('',2,(#6120,#6121,#6122),.UNSPECIFIED.,.F.,
 .F.,(3,3),(0.,1.),.UNSPECIFIED.);
#262=B_SPLINE_CURVE_WITH_KNOTS('',2,(#6124,#6125,#6126),.UNSPECIFIED.,.F.,
 .F.,(3,3),(0.,1.),.UNSPECIFIED.);
#263=B_SPLINE_CURVE_WITH_KNOTS('',2,(#6128,#6129,#6130),.UNSPECIFIED.,.F.,
 .F.,(3,3),(0.,1.),.UNSPECIFIED.);
#264=B_SPLINE_CURVE_WITH_KNOTS('',2,(#6132,#6133,#6134),.UNSPECIFIED.,.F.,
 .F.,(3,3),(0.,1.),.UNSPECIFIED.);
#265=B_SPLINE_CURVE_WITH_KNOTS('',2,(#6136,#6137,#6138),.UNSPECIFIED.,.F.,
 .F.,(3,3),(0.,1.),.UNSPECIFIED.);
#266=B_SPLINE_CURVE_WITH_KNOTS('',2,(#6140,#6141,#6142),.UNSPECIFIED.,.F.,
 .F.,(3,3),(0.,1.),.UNSPECIFIED.);
#267=B_SPLINE_CURVE_WITH_KNOTS('',2,(#6144,#6145,#6146),.UNSPECIFIED.,.F.,
 .F.,(3,3),(0.,1.),.UNSPECIFIED.);
#268=B_SPLINE_CURVE_WITH_KNOTS('',2,(#6150,#6151,#6152),.UNSPECIFIED.,.F.,
 .F.,(3,3),(0.,1.),.UNSPECIFIED.);
#269=B_SPLINE_CURVE_WITH_KNOTS('',2,(#6154,#6155,#6156),.UNSPECIFIED.,.F.,
 .F.,(3,3),(0.,1.),.UNSPECIFIED.);
#270=B_SPLINE_CURVE_WITH_KNOTS('',2,(#6158,#6159,#6160),.UNSPECIFIED.,.F.,
 .F.,(3,3),(0.,1.),.UNSPECIFIED.);
#271=B_SPLINE_CURVE_WITH_KNOTS('',2,(#6162,#6163,#6164),.UNSPECIFIED.,.F.,
 .F.,(3,3),(0.,1.),.UNSPECIFIED.);
#272=B_SPLINE_CURVE_WITH_KNOTS('',2,(#6166,#6167,#6168),.UNSPECIFIED.,.F.,
 .F.,(3,3),(0.,1.),.UNSPECIFIED.);
#273=B_SPLINE_CURVE_WITH_KNOTS('',2,(#6170,#6171,#6172),.UNSPECIFIED.,.F.,
 .F.,(3,3),(0.,1.),.UNSPECIFIED.);
#274=B_SPLINE_CURVE_WITH_KNOTS('',2,(#6173,#6174,#6175),.UNSPECIFIED.,.F.,
 .F.,(3,3),(0.,1.),.UNSPECIFIED.);
#275=B_SPLINE_CURVE_WITH_KNOTS('',2,(#6179,#6180,#6181),.UNSPECIFIED.,.F.,
 .F.,(3,3),(0.,1.),.UNSPECIFIED.);
#276=B_SPLINE_CURVE_WITH_KNOTS('',2,(#6191,#6192,#6193),.UNSPECIFIED.,.F.,
 .F.,(3,3),(0.,1.),.UNSPECIFIED.);
#277=B_SPLINE_CURVE_WITH_KNOTS('',2,(#6195,#6196,#6197),.UNSPECIFIED.,.F.,
 .F.,(3,3),(0.,1.),.UNSPECIFIED.);
#278=B_SPLINE_CURVE_WITH_KNOTS('',2,(#6200,#6201,#6202),.UNSPECIFIED.,.F.,
 .F.,(3,3),(0.,1.),.UNSPECIFIED.);
#279=B_SPLINE_CURVE_WITH_KNOTS('',2,(#6206,#6207,#6208),.UNSPECIFIED.,.F.,
 .F.,(3,3),(0.,1.),.UNSPECIFIED.);
#280=B_SPLINE_CURVE_WITH_KNOTS('',2,(#6210,#6211,#6212),.UNSPECIFIED.,.F.,
 .F.,(3,3),(0.,1.),.UNSPECIFIED.);
#281=B_SPLINE_CURVE_WITH_KNOTS('',2,(#6214,#6215,#6216),.UNSPECIFIED.,.F.,
 .F.,(3,3),(0.,1.),.UNSPECIFIED.);
#282=B_SPLINE_CURVE_WITH_KNOTS('',2,(#6218,#6219,#6220),.UNSPECIFIED.,.F.,
 .F.,(3,3),(0.,1.),.UNSPECIFIED.);
#283=B_SPLINE_CURVE_WITH_KNOTS('',2,(#6222,#6223,#6224),.UNSPECIFIED.,.F.,
 .F.,(3,3),(0.,1.),.UNSPECIFIED.);
#284=B_SPLINE_CURVE_WITH_KNOTS('',2,(#6226,#6227,#6228),.UNSPECIFIED.,.F.,
 .F.,(3,3),(0.,1.),.UNSPECIFIED.);
#285=B_SPLINE_CURVE_WITH_KNOTS('',2,(#6230,#6231,#6232),.UNSPECIFIED.,.F.,
 .F.,(3,3),(0.,1.),.UNSPECIFIED.);
#286=B_SPLINE_CURVE_WITH_KNOTS('',2,(#6234,#6235,#6236),.UNSPECIFIED.,.F.,
 .F.,(3,3),(0.,1.),.UNSPECIFIED.);
#287=B_SPLINE_CURVE_WITH_KNOTS('',2,(#6238,#6239,#6240),.UNSPECIFIED.,.F.,
 .F.,(3,3),(0.,1.),.UNSPECIFIED.);
#288=B_SPLINE_CURVE_WITH_KNOTS('',2,(#6242,#6243,#6244),.UNSPECIFIED.,.F.,
 .F.,(3,3),(0.,1.),.UNSPECIFIED.);
#289=B_SPLINE_CURVE_WITH_KNOTS('',2,(#6246,#6247,#6248),.UNSPECIFIED.,.F.,
 .F.,(3,3),(0.,1.),.UNSPECIFIED.);
#290=B_SPLINE_CURVE_WITH_KNOTS('',2,(#6249,#6250,#6251),.UNSPECIFIED.,.F.,
 .F.,(3,3),(0.,1.),.UNSPECIFIED.);
#291=B_SPLINE_CURVE_WITH_KNOTS('',2,(#6255,#6256,#6257),.UNSPECIFIED.,.F.,
 .F.,(3,3),(0.,1.),.UNSPECIFIED.);
#292=B_SPLINE_CURVE_WITH_KNOTS('',2,(#6259,#6260,#6261),.UNSPECIFIED.,.F.,
 .F.,(3,3),(0.,1.),.UNSPECIFIED.);
#293=B_SPLINE_CURVE_WITH_KNOTS('',2,(#6263,#6264,#6265),.UNSPECIFIED.,.F.,
 .F.,(3,3),(0.,1.),.UNSPECIFIED.);
#294=B_SPLINE_CURVE_WITH_KNOTS('',2,(#6267,#6268,#6269),.UNSPECIFIED.,.F.,
 .F.,(3,3),(0.,1.),.UNSPECIFIED.);
#295=B_SPLINE_CURVE_WITH_KNOTS('',2,(#6271,#6272,#6273),.UNSPECIFIED.,.F.,
 .F.,(3,3),(0.,1.),.UNSPECIFIED.);
#296=B_SPLINE_CURVE_WITH_KNOTS('',2,(#6275,#6276,#6277),.UNSPECIFIED.,.F.,
 .F.,(3,3),(0.,1.),.UNSPECIFIED.);
#297=B_SPLINE_CURVE_WITH_KNOTS('',2,(#6279,#6280,#6281),.UNSPECIFIED.,.F.,
 .F.,(3,3),(0.,1.),.UNSPECIFIED.);
#298=B_SPLINE_CURVE_WITH_KNOTS('',2,(#6283,#6284,#6285),.UNSPECIFIED.,.F.,
 .F.,(3,3),(0.,1.),.UNSPECIFIED.);
#299=B_SPLINE_CURVE_WITH_KNOTS('',2,(#6287,#6288,#6289),.UNSPECIFIED.,.F.,
 .F.,(3,3),(0.,1.),.UNSPECIFIED.);
#300=B_SPLINE_CURVE_WITH_KNOTS('',2,(#6291,#6292,#6293),.UNSPECIFIED.,.F.,
 .F.,(3,3),(0.,1.),.UNSPECIFIED.);
#301=B_SPLINE_CURVE_WITH_KNOTS('',2,(#6295,#6296,#6297),.UNSPECIFIED.,.F.,
 .F.,(3,3),(0.,1.),.UNSPECIFIED.);
#302=B_SPLINE_CURVE_WITH_KNOTS('',2,(#6299,#6300,#6301),.UNSPECIFIED.,.F.,
 .F.,(3,3),(0.,1.),.UNSPECIFIED.);
#303=B_SPLINE_CURVE_WITH_KNOTS('',2,(#6303,#6304,#6305),.UNSPECIFIED.,.F.,
 .F.,(3,3),(0.,1.),.UNSPECIFIED.);
#304=B_SPLINE_CURVE_WITH_KNOTS('',2,(#6307,#6308,#6309),.UNSPECIFIED.,.F.,
 .F.,(3,3),(0.,1.),.UNSPECIFIED.);
#305=B_SPLINE_CURVE_WITH_KNOTS('',2,(#6311,#6312,#6313),.UNSPECIFIED.,.F.,
 .F.,(3,3),(0.,1.),.UNSPECIFIED.);
#306=B_SPLINE_CURVE_WITH_KNOTS('',2,(#6314,#6315,#6316),.UNSPECIFIED.,.F.,
 .F.,(3,3),(0.,1.),.UNSPECIFIED.);
#307=B_SPLINE_CURVE_WITH_KNOTS('',2,(#6320,#6321,#6322),.UNSPECIFIED.,.F.,
 .F.,(3,3),(0.,1.),.UNSPECIFIED.);
#308=B_SPLINE_CURVE_WITH_KNOTS('',2,(#6332,#6333,#6334),.UNSPECIFIED.,.F.,
 .F.,(3,3),(0.,1.),.UNSPECIFIED.);
#309=B_SPLINE_CURVE_WITH_KNOTS('',2,(#6336,#6337,#6338),.UNSPECIFIED.,.F.,
 .F.,(3,3),(0.,1.),.UNSPECIFIED.);
#310=B_SPLINE_CURVE_WITH_KNOTS('',2,(#6341,#6342,#6343),.UNSPECIFIED.,.F.,
 .F.,(3,3),(0.,1.),.UNSPECIFIED.);
#311=B_SPLINE_CURVE_WITH_KNOTS('',2,(#6346,#6347,#6348),.UNSPECIFIED.,.F.,
 .F.,(3,3),(0.,1.),.UNSPECIFIED.);
#312=B_SPLINE_CURVE_WITH_KNOTS('',2,(#6350,#6351,#6352),.UNSPECIFIED.,.F.,
 .F.,(3,3),(0.,1.),.UNSPECIFIED.);
#313=B_SPLINE_CURVE_WITH_KNOTS('',2,(#6360,#6361,#6362),.UNSPECIFIED.,.F.,
 .F.,(3,3),(0.,1.),.UNSPECIFIED.);
#314=B_SPLINE_CURVE_WITH_KNOTS('',2,(#6364,#6365,#6366),.UNSPECIFIED.,.F.,
 .F.,(3,3),(0.,1.),.UNSPECIFIED.);
#315=B_SPLINE_CURVE_WITH_KNOTS('',2,(#6368,#6369,#6370),.UNSPECIFIED.,.F.,
 .F.,(3,3),(0.,1.),.UNSPECIFIED.);
#316=B_SPLINE_CURVE_WITH_KNOTS('',2,(#6372,#6373,#6374),.UNSPECIFIED.,.F.,
 .F.,(3,3),(0.,1.),.UNSPECIFIED.);
#317=B_SPLINE_CURVE_WITH_KNOTS('',2,(#6376,#6377,#6378),.UNSPECIFIED.,.F.,
 .F.,(3,3),(0.,1.),.UNSPECIFIED.);
#318=B_SPLINE_CURVE_WITH_KNOTS('',2,(#6380,#6381,#6382),.UNSPECIFIED.,.F.,
 .F.,(3,3),(0.,1.),.UNSPECIFIED.);
#319=B_SPLINE_CURVE_WITH_KNOTS('',2,(#6384,#6385,#6386),.UNSPECIFIED.,.F.,
 .F.,(3,3),(0.,1.),.UNSPECIFIED.);
#320=B_SPLINE_CURVE_WITH_KNOTS('',2,(#6388,#6389,#6390),.UNSPECIFIED.,.F.,
 .F.,(3,3),(0.,1.),.UNSPECIFIED.);
#321=B_SPLINE_CURVE_WITH_KNOTS('',2,(#6392,#6393,#6394),.UNSPECIFIED.,.F.,
 .F.,(3,3),(0.,1.),.UNSPECIFIED.);
#322=B_SPLINE_CURVE_WITH_KNOTS('',2,(#6398,#6399,#6400),.UNSPECIFIED.,.F.,
 .F.,(3,3),(0.,1.),.UNSPECIFIED.);
#323=B_SPLINE_CURVE_WITH_KNOTS('',2,(#6402,#6403,#6404),.UNSPECIFIED.,.F.,
 .F.,(3,3),(0.,1.),.UNSPECIFIED.);
#324=B_SPLINE_CURVE_WITH_KNOTS('',2,(#6406,#6407,#6408),.UNSPECIFIED.,.F.,
 .F.,(3,3),(0.,1.),.UNSPECIFIED.);
#325=B_SPLINE_CURVE_WITH_KNOTS('',2,(#6410,#6411,#6412),.UNSPECIFIED.,.F.,
 .F.,(3,3),(0.,1.),.UNSPECIFIED.);
#326=B_SPLINE_CURVE_WITH_KNOTS('',2,(#6414,#6415,#6416),.UNSPECIFIED.,.F.,
 .F.,(3,3),(0.,1.),.UNSPECIFIED.);
#327=B_SPLINE_CURVE_WITH_KNOTS('',2,(#6418,#6419,#6420),.UNSPECIFIED.,.F.,
 .F.,(3,3),(0.,1.),.UNSPECIFIED.);
#328=B_SPLINE_CURVE_WITH_KNOTS('',2,(#6421,#6422,#6423),.UNSPECIFIED.,.F.,
 .F.,(3,3),(0.,1.),.UNSPECIFIED.);
#329=B_SPLINE_CURVE_WITH_KNOTS('',2,(#6427,#6428,#6429),.UNSPECIFIED.,.F.,
 .F.,(3,3),(0.,1.),.UNSPECIFIED.);
#330=B_SPLINE_CURVE_WITH_KNOTS('',2,(#6431,#6432,#6433),.UNSPECIFIED.,.F.,
 .F.,(3,3),(0.,1.),.UNSPECIFIED.);
#331=B_SPLINE_CURVE_WITH_KNOTS('',2,(#6435,#6436,#6437),.UNSPECIFIED.,.F.,
 .F.,(3,3),(0.,1.),.UNSPECIFIED.);
#332=B_SPLINE_CURVE_WITH_KNOTS('',2,(#6441,#6442,#6443),.UNSPECIFIED.,.F.,
 .F.,(3,3),(0.,1.),.UNSPECIFIED.);
#333=B_SPLINE_CURVE_WITH_KNOTS('',2,(#6445,#6446,#6447),.UNSPECIFIED.,.F.,
 .F.,(3,3),(0.,1.),.UNSPECIFIED.);
#334=B_SPLINE_CURVE_WITH_KNOTS('',2,(#6449,#6450,#6451),.UNSPECIFIED.,.F.,
 .F.,(3,3),(0.,1.),.UNSPECIFIED.);
#335=B_SPLINE_CURVE_WITH_KNOTS('',2,(#6453,#6454,#6455),.UNSPECIFIED.,.F.,
 .F.,(3,3),(0.,1.),.UNSPECIFIED.);
#336=B_SPLINE_CURVE_WITH_KNOTS('',2,(#6457,#6458,#6459),.UNSPECIFIED.,.F.,
 .F.,(3,3),(0.,1.),.UNSPECIFIED.);
#337=B_SPLINE_CURVE_WITH_KNOTS('',2,(#6461,#6462,#6463),.UNSPECIFIED.,.F.,
 .F.,(3,3),(0.,1.),.UNSPECIFIED.);
#338=B_SPLINE_CURVE_WITH_KNOTS('',2,(#6465,#6466,#6467),.UNSPECIFIED.,.F.,
 .F.,(3,3),(0.,1.),.UNSPECIFIED.);
#339=B_SPLINE_CURVE_WITH_KNOTS('',2,(#6471,#6472,#6473),.UNSPECIFIED.,.F.,
 .F.,(3,3),(0.,1.),.UNSPECIFIED.);
#340=B_SPLINE_CURVE_WITH_KNOTS('',2,(#6475,#6476,#6477),.UNSPECIFIED.,.F.,
 .F.,(3,3),(0.,1.),.UNSPECIFIED.);
#341=B_SPLINE_CURVE_WITH_KNOTS('',2,(#6479,#6480,#6481),.UNSPECIFIED.,.F.,
 .F.,(3,3),(0.,1.),.UNSPECIFIED.);
#342=B_SPLINE_CURVE_WITH_KNOTS('',2,(#6483,#6484,#6485),.UNSPECIFIED.,.F.,
 .F.,(3,3),(0.,1.),.UNSPECIFIED.);
#343=B_SPLINE_CURVE_WITH_KNOTS('',2,(#6487,#6488,#6489),.UNSPECIFIED.,.F.,
 .F.,(3,3),(0.,1.),.UNSPECIFIED.);
#344=B_SPLINE_CURVE_WITH_KNOTS('',2,(#6491,#6492,#6493),.UNSPECIFIED.,.F.,
 .F.,(3,3),(0.,1.),.UNSPECIFIED.);
#345=B_SPLINE_CURVE_WITH_KNOTS('',2,(#6495,#6496,#6497),.UNSPECIFIED.,.F.,
 .F.,(3,3),(0.,1.),.UNSPECIFIED.);
#346=B_SPLINE_CURVE_WITH_KNOTS('',2,(#6501,#6502,#6503),.UNSPECIFIED.,.F.,
 .F.,(3,3),(0.,1.),.UNSPECIFIED.);
#347=B_SPLINE_CURVE_WITH_KNOTS('',2,(#6505,#6506,#6507),.UNSPECIFIED.,.F.,
 .F.,(3,3),(0.,1.),.UNSPECIFIED.);
#348=B_SPLINE_CURVE_WITH_KNOTS('',2,(#6509,#6510,#6511),.UNSPECIFIED.,.F.,
 .F.,(3,3),(0.,1.),.UNSPECIFIED.);
#349=B_SPLINE_CURVE_WITH_KNOTS('',2,(#6513,#6514,#6515),.UNSPECIFIED.,.F.,
 .F.,(3,3),(0.,1.),.UNSPECIFIED.);
#350=B_SPLINE_CURVE_WITH_KNOTS('',2,(#6517,#6518,#6519),.UNSPECIFIED.,.F.,
 .F.,(3,3),(0.,1.),.UNSPECIFIED.);
#351=B_SPLINE_CURVE_WITH_KNOTS('',2,(#6521,#6522,#6523),.UNSPECIFIED.,.F.,
 .F.,(3,3),(0.,1.),.UNSPECIFIED.);
#352=B_SPLINE_CURVE_WITH_KNOTS('',2,(#6525,#6526,#6527),.UNSPECIFIED.,.F.,
 .F.,(3,3),(0.,1.),.UNSPECIFIED.);
#353=B_SPLINE_CURVE_WITH_KNOTS('',2,(#6529,#6530,#6531),.UNSPECIFIED.,.F.,
 .F.,(3,3),(0.,1.),.UNSPECIFIED.);
#354=B_SPLINE_CURVE_WITH_KNOTS('',2,(#6533,#6534,#6535),.UNSPECIFIED.,.F.,
 .F.,(3,3),(0.,1.),.UNSPECIFIED.);
#355=B_SPLINE_CURVE_WITH_KNOTS('',2,(#6536,#6537,#6538),.UNSPECIFIED.,.F.,
 .F.,(3,3),(0.,1.),.UNSPECIFIED.);
#356=B_SPLINE_CURVE_WITH_KNOTS('',2,(#6541,#6542,#6543),.UNSPECIFIED.,.F.,
 .F.,(3,3),(0.,1.),.UNSPECIFIED.);
#357=B_SPLINE_CURVE_WITH_KNOTS('',2,(#6553,#6554,#6555),.UNSPECIFIED.,.F.,
 .F.,(3,3),(0.,1.),.UNSPECIFIED.);
#358=B_SPLINE_CURVE_WITH_KNOTS('',2,(#6557,#6558,#6559),.UNSPECIFIED.,.F.,
 .F.,(3,3),(0.,1.),.UNSPECIFIED.);
#359=B_SPLINE_CURVE_WITH_KNOTS('',2,(#6562,#6563,#6564),.UNSPECIFIED.,.F.,
 .F.,(3,3),(0.,1.),.UNSPECIFIED.);
#360=B_SPLINE_CURVE_WITH_KNOTS('',2,(#6579,#6580,#6581),.UNSPECIFIED.,.F.,
 .F.,(3,3),(0.,1.),.UNSPECIFIED.);
#361=B_SPLINE_CURVE_WITH_KNOTS('',2,(#6583,#6584,#6585),.UNSPECIFIED.,.F.,
 .F.,(3,3),(0.,1.),.UNSPECIFIED.);
#362=B_SPLINE_CURVE_WITH_KNOTS('',2,(#6589,#6590,#6591),.UNSPECIFIED.,.F.,
 .F.,(3,3),(0.,1.),.UNSPECIFIED.);
#363=B_SPLINE_CURVE_WITH_KNOTS('',2,(#6593,#6594,#6595),.UNSPECIFIED.,.F.,
 .F.,(3,3),(0.,1.),.UNSPECIFIED.);
#364=B_SPLINE_CURVE_WITH_KNOTS('',2,(#6597,#6598,#6599),.UNSPECIFIED.,.F.,
 .F.,(3,3),(0.,1.),.UNSPECIFIED.);
#365=B_SPLINE_CURVE_WITH_KNOTS('',2,(#6601,#6602,#6603),.UNSPECIFIED.,.F.,
 .F.,(3,3),(0.,1.),.UNSPECIFIED.);
#366=B_SPLINE_CURVE_WITH_KNOTS('',2,(#6605,#6606,#6607),.UNSPECIFIED.,.F.,
 .F.,(3,3),(0.,1.),.UNSPECIFIED.);
#367=B_SPLINE_CURVE_WITH_KNOTS('',2,(#6609,#6610,#6611),.UNSPECIFIED.,.F.,
 .F.,(3,3),(0.,1.),.UNSPECIFIED.);
#368=B_SPLINE_CURVE_WITH_KNOTS('',2,(#6613,#6614,#6615),.UNSPECIFIED.,.F.,
 .F.,(3,3),(0.,1.),.UNSPECIFIED.);
#369=B_SPLINE_CURVE_WITH_KNOTS('',2,(#6617,#6618,#6619),.UNSPECIFIED.,.F.,
 .F.,(3,3),(0.,1.),.UNSPECIFIED.);
#370=B_SPLINE_CURVE_WITH_KNOTS('',2,(#6621,#6622,#6623),.UNSPECIFIED.,.F.,
 .F.,(3,3),(0.,1.),.UNSPECIFIED.);
#371=B_SPLINE_CURVE_WITH_KNOTS('',2,(#6625,#6626,#6627),.UNSPECIFIED.,.F.,
 .F.,(3,3),(0.,1.),.UNSPECIFIED.);
#372=B_SPLINE_CURVE_WITH_KNOTS('',2,(#6631,#6632,#6633),.UNSPECIFIED.,.F.,
 .F.,(3,3),(0.,1.),.UNSPECIFIED.);
#373=B_SPLINE_CURVE_WITH_KNOTS('',2,(#6635,#6636,#6637),.UNSPECIFIED.,.F.,
 .F.,(3,3),(0.,1.),.UNSPECIFIED.);
#374=B_SPLINE_CURVE_WITH_KNOTS('',2,(#6639,#6640,#6641),.UNSPECIFIED.,.F.,
 .F.,(3,3),(0.,1.),.UNSPECIFIED.);
#375=B_SPLINE_CURVE_WITH_KNOTS('',2,(#6643,#6644,#6645),.UNSPECIFIED.,.F.,
 .F.,(3,3),(0.,1.),.UNSPECIFIED.);
#376=B_SPLINE_CURVE_WITH_KNOTS('',2,(#6647,#6648,#6649),.UNSPECIFIED.,.F.,
 .F.,(3,3),(0.,1.),.UNSPECIFIED.);
#377=B_SPLINE_CURVE_WITH_KNOTS('',2,(#6651,#6652,#6653),.UNSPECIFIED.,.F.,
 .F.,(3,3),(0.,1.),.UNSPECIFIED.);
#378=B_SPLINE_CURVE_WITH_KNOTS('',2,(#6654,#6655,#6656),.UNSPECIFIED.,.F.,
 .F.,(3,3),(0.,1.),.UNSPECIFIED.);
#379=B_SPLINE_CURVE_WITH_KNOTS('',2,(#6665,#6666,#6667),.UNSPECIFIED.,.F.,
 .F.,(3,3),(0.,1.),.UNSPECIFIED.);
#380=B_SPLINE_CURVE_WITH_KNOTS('',2,(#6671,#6672,#6673),.UNSPECIFIED.,.F.,
 .F.,(3,3),(-1.,0.),.UNSPECIFIED.);
#381=B_SPLINE_CURVE_WITH_KNOTS('',2,(#6682,#6683,#6684),.UNSPECIFIED.,.F.,
 .F.,(3,3),(0.,1.),.UNSPECIFIED.);
#382=B_SPLINE_CURVE_WITH_KNOTS('',2,(#6686,#6687,#6688),.UNSPECIFIED.,.F.,
 .F.,(3,3),(-1.,0.),.UNSPECIFIED.);
#383=B_SPLINE_CURVE_WITH_KNOTS('',2,(#6697,#6698,#6699),.UNSPECIFIED.,.F.,
 .F.,(3,3),(0.,1.),.UNSPECIFIED.);
#384=B_SPLINE_CURVE_WITH_KNOTS('',2,(#6701,#6702,#6703),.UNSPECIFIED.,.F.,
 .F.,(3,3),(-1.,0.),.UNSPECIFIED.);
#385=B_SPLINE_CURVE_WITH_KNOTS('',2,(#6712,#6713,#6714),.UNSPECIFIED.,.F.,
 .F.,(3,3),(0.,1.),.UNSPECIFIED.);
#386=B_SPLINE_CURVE_WITH_KNOTS('',2,(#6716,#6717,#6718),.UNSPECIFIED.,.F.,
 .F.,(3,3),(-1.,0.),.UNSPECIFIED.);
#387=B_SPLINE_CURVE_WITH_KNOTS('',2,(#6727,#6728,#6729),.UNSPECIFIED.,.F.,
 .F.,(3,3),(0.,1.),.UNSPECIFIED.);
#388=B_SPLINE_CURVE_WITH_KNOTS('',2,(#6731,#6732,#6733),.UNSPECIFIED.,.F.,
 .F.,(3,3),(-1.,0.),.UNSPECIFIED.);
#389=B_SPLINE_CURVE_WITH_KNOTS('',2,(#6742,#6743,#6744),.UNSPECIFIED.,.F.,
 .F.,(3,3),(0.,1.),.UNSPECIFIED.);
#390=B_SPLINE_CURVE_WITH_KNOTS('',2,(#6746,#6747,#6748),.UNSPECIFIED.,.F.,
 .F.,(3,3),(-1.,0.),.UNSPECIFIED.);
#391=B_SPLINE_CURVE_WITH_KNOTS('',2,(#6757,#6758,#6759),.UNSPECIFIED.,.F.,
 .F.,(3,3),(0.,1.),.UNSPECIFIED.);
#392=B_SPLINE_CURVE_WITH_KNOTS('',2,(#6761,#6762,#6763),.UNSPECIFIED.,.F.,
 .F.,(3,3),(-1.,0.),.UNSPECIFIED.);
#393=B_SPLINE_CURVE_WITH_KNOTS('',2,(#6772,#6773,#6774),.UNSPECIFIED.,.F.,
 .F.,(3,3),(0.,1.),.UNSPECIFIED.);
#394=B_SPLINE_CURVE_WITH_KNOTS('',2,(#6776,#6777,#6778),.UNSPECIFIED.,.F.,
 .F.,(3,3),(-1.,0.),.UNSPECIFIED.);
#395=B_SPLINE_CURVE_WITH_KNOTS('',2,(#6787,#6788,#6789),.UNSPECIFIED.,.F.,
 .F.,(3,3),(0.,1.),.UNSPECIFIED.);
#396=B_SPLINE_CURVE_WITH_KNOTS('',2,(#6791,#6792,#6793),.UNSPECIFIED.,.F.,
 .F.,(3,3),(-1.,0.),.UNSPECIFIED.);
#397=B_SPLINE_CURVE_WITH_KNOTS('',2,(#6802,#6803,#6804),.UNSPECIFIED.,.F.,
 .F.,(3,3),(0.,1.),.UNSPECIFIED.);
#398=B_SPLINE_CURVE_WITH_KNOTS('',2,(#6806,#6807,#6808),.UNSPECIFIED.,.F.,
 .F.,(3,3),(-1.,0.),.UNSPECIFIED.);
#399=B_SPLINE_CURVE_WITH_KNOTS('',2,(#6817,#6818,#6819),.UNSPECIFIED.,.F.,
 .F.,(3,3),(0.,1.),.UNSPECIFIED.);
#400=B_SPLINE_CURVE_WITH_KNOTS('',2,(#6821,#6822,#6823),.UNSPECIFIED.,.F.,
 .F.,(3,3),(-1.,0.),.UNSPECIFIED.);
#401=B_SPLINE_CURVE_WITH_KNOTS('',2,(#6832,#6833,#6834),.UNSPECIFIED.,.F.,
 .F.,(3,3),(0.,1.),.UNSPECIFIED.);
#402=B_SPLINE_CURVE_WITH_KNOTS('',2,(#6836,#6837,#6838),.UNSPECIFIED.,.F.,
 .F.,(3,3),(-1.,0.),.UNSPECIFIED.);
#403=B_SPLINE_CURVE_WITH_KNOTS('',2,(#6847,#6848,#6849),.UNSPECIFIED.,.F.,
 .F.,(3,3),(0.,1.),.UNSPECIFIED.);
#404=B_SPLINE_CURVE_WITH_KNOTS('',2,(#6851,#6852,#6853),.UNSPECIFIED.,.F.,
 .F.,(3,3),(-1.,0.),.UNSPECIFIED.);
#405=B_SPLINE_CURVE_WITH_KNOTS('',2,(#6862,#6863,#6864),.UNSPECIFIED.,.F.,
 .F.,(3,3),(0.,1.),.UNSPECIFIED.);
#406=B_SPLINE_CURVE_WITH_KNOTS('',2,(#6866,#6867,#6868),.UNSPECIFIED.,.F.,
 .F.,(3,3),(-1.,0.),.UNSPECIFIED.);
#407=B_SPLINE_CURVE_WITH_KNOTS('',2,(#6876,#6877,#6878),.UNSPECIFIED.,.F.,
 .F.,(3,3),(0.,1.),.UNSPECIFIED.);
#408=B_SPLINE_CURVE_WITH_KNOTS('',2,(#6879,#6880,#6881),.UNSPECIFIED.,.F.,
 .F.,(3,3),(-1.,0.),.UNSPECIFIED.);
#409=B_SPLINE_CURVE_WITH_KNOTS('',2,(#6903,#6904,#6905),.UNSPECIFIED.,.F.,
 .F.,(3,3),(0.,1.),.UNSPECIFIED.);
#410=B_SPLINE_CURVE_WITH_KNOTS('',2,(#6915,#6916,#6917),.UNSPECIFIED.,.F.,
 .F.,(3,3),(0.,1.),.UNSPECIFIED.);
#411=B_SPLINE_CURVE_WITH_KNOTS('',2,(#6926,#6927,#6928),.UNSPECIFIED.,.F.,
 .F.,(3,3),(0.,1.),.UNSPECIFIED.);
#412=B_SPLINE_CURVE_WITH_KNOTS('',2,(#6937,#6938,#6939),.UNSPECIFIED.,.F.,
 .F.,(3,3),(0.,1.),.UNSPECIFIED.);
#413=B_SPLINE_CURVE_WITH_KNOTS('',2,(#6948,#6949,#6950),.UNSPECIFIED.,.F.,
 .F.,(3,3),(0.,1.),.UNSPECIFIED.);
#414=B_SPLINE_CURVE_WITH_KNOTS('',2,(#6959,#6960,#6961),.UNSPECIFIED.,.F.,
 .F.,(3,3),(0.,1.),.UNSPECIFIED.);
#415=B_SPLINE_CURVE_WITH_KNOTS('',2,(#6970,#6971,#6972),.UNSPECIFIED.,.F.,
 .F.,(3,3),(0.,1.),.UNSPECIFIED.);
#416=B_SPLINE_CURVE_WITH_KNOTS('',2,(#6981,#6982,#6983),.UNSPECIFIED.,.F.,
 .F.,(3,3),(0.,1.),.UNSPECIFIED.);
#417=B_SPLINE_CURVE_WITH_KNOTS('',2,(#6996,#6997,#6998),.UNSPECIFIED.,.F.,
 .F.,(3,3),(0.,1.),.UNSPECIFIED.);
#418=B_SPLINE_CURVE_WITH_KNOTS('',2,(#7007,#7008,#7009),.UNSPECIFIED.,.F.,
 .F.,(3,3),(0.,1.),.UNSPECIFIED.);
#419=B_SPLINE_CURVE_WITH_KNOTS('',2,(#7018,#7019,#7020),.UNSPECIFIED.,.F.,
 .F.,(3,3),(0.,1.),.UNSPECIFIED.);
#420=B_SPLINE_CURVE_WITH_KNOTS('',2,(#7029,#7030,#7031),.UNSPECIFIED.,.F.,
 .F.,(3,3),(0.,1.),.UNSPECIFIED.);
#421=B_SPLINE_CURVE_WITH_KNOTS('',2,(#7040,#7041,#7042),.UNSPECIFIED.,.F.,
 .F.,(3,3),(0.,1.),.UNSPECIFIED.);
#422=B_SPLINE_CURVE_WITH_KNOTS('',2,(#7051,#7052,#7053),.UNSPECIFIED.,.F.,
 .F.,(3,3),(0.,1.),.UNSPECIFIED.);
#423=B_SPLINE_CURVE_WITH_KNOTS('',2,(#7062,#7063,#7064),.UNSPECIFIED.,.F.,
 .F.,(3,3),(0.,1.),.UNSPECIFIED.);
#424=B_SPLINE_CURVE_WITH_KNOTS('',2,(#7073,#7074,#7075),.UNSPECIFIED.,.F.,
 .F.,(3,3),(0.,1.),.UNSPECIFIED.);
#425=B_SPLINE_CURVE_WITH_KNOTS('',2,(#7084,#7085,#7086),.UNSPECIFIED.,.F.,
 .F.,(3,3),(0.,1.),.UNSPECIFIED.);
#426=B_SPLINE_CURVE_WITH_KNOTS('',2,(#7095,#7096,#7097),.UNSPECIFIED.,.F.,
 .F.,(3,3),(0.,1.),.UNSPECIFIED.);
#427=B_SPLINE_CURVE_WITH_KNOTS('',2,(#7108,#7109,#7110),.UNSPECIFIED.,.F.,
 .F.,(3,3),(0.,1.),.UNSPECIFIED.);
#428=B_SPLINE_CURVE_WITH_KNOTS('',2,(#7138,#7139,#7140),.UNSPECIFIED.,.F.,
 .F.,(3,3),(0.,1.),.UNSPECIFIED.);
#429=B_SPLINE_CURVE_WITH_KNOTS('',2,(#7150,#7151,#7152),.UNSPECIFIED.,.F.,
 .F.,(3,3),(0.,1.),.UNSPECIFIED.);
#430=B_SPLINE_CURVE_WITH_KNOTS('',2,(#7161,#7162,#7163),.UNSPECIFIED.,.F.,
 .F.,(3,3),(0.,1.),.UNSPECIFIED.);
#431=B_SPLINE_CURVE_WITH_KNOTS('',2,(#7172,#7173,#7174),.UNSPECIFIED.,.F.,
 .F.,(3,3),(0.,1.),.UNSPECIFIED.);
#432=B_SPLINE_CURVE_WITH_KNOTS('',2,(#7183,#7184,#7185),.UNSPECIFIED.,.F.,
 .F.,(3,3),(0.,1.),.UNSPECIFIED.);
#433=B_SPLINE_CURVE_WITH_KNOTS('',2,(#7194,#7195,#7196),.UNSPECIFIED.,.F.,
 .F.,(3,3),(0.,1.),.UNSPECIFIED.);
#434=B_SPLINE_CURVE_WITH_KNOTS('',2,(#7205,#7206,#7207),.UNSPECIFIED.,.F.,
 .F.,(3,3),(0.,1.),.UNSPECIFIED.);
#435=B_SPLINE_CURVE_WITH_KNOTS('',2,(#7216,#7217,#7218),.UNSPECIFIED.,.F.,
 .F.,(3,3),(0.,1.),.UNSPECIFIED.);
#436=B_SPLINE_CURVE_WITH_KNOTS('',2,(#7231,#7232,#7233),.UNSPECIFIED.,.F.,
 .F.,(3,3),(0.,1.),.UNSPECIFIED.);
#437=B_SPLINE_CURVE_WITH_KNOTS('',2,(#7242,#7243,#7244),.UNSPECIFIED.,.F.,
 .F.,(3,3),(0.,1.),.UNSPECIFIED.);
#438=B_SPLINE_CURVE_WITH_KNOTS('',2,(#7253,#7254,#7255),.UNSPECIFIED.,.F.,
 .F.,(3,3),(0.,1.),.UNSPECIFIED.);
#439=B_SPLINE_CURVE_WITH_KNOTS('',2,(#7264,#7265,#7266),.UNSPECIFIED.,.F.,
 .F.,(3,3),(0.,1.),.UNSPECIFIED.);
#440=B_SPLINE_CURVE_WITH_KNOTS('',2,(#7275,#7276,#7277),.UNSPECIFIED.,.F.,
 .F.,(3,3),(0.,1.),.UNSPECIFIED.);
#441=B_SPLINE_CURVE_WITH_KNOTS('',2,(#7286,#7287,#7288),.UNSPECIFIED.,.F.,
 .F.,(3,3),(0.,1.),.UNSPECIFIED.);
#442=B_SPLINE_CURVE_WITH_KNOTS('',2,(#7297,#7298,#7299),.UNSPECIFIED.,.F.,
 .F.,(3,3),(0.,1.),.UNSPECIFIED.);
#443=B_SPLINE_CURVE_WITH_KNOTS('',2,(#7308,#7309,#7310),.UNSPECIFIED.,.F.,
 .F.,(3,3),(0.,1.),.UNSPECIFIED.);
#444=B_SPLINE_CURVE_WITH_KNOTS('',2,(#7319,#7320,#7321),.UNSPECIFIED.,.F.,
 .F.,(3,3),(0.,1.),.UNSPECIFIED.);
#445=B_SPLINE_CURVE_WITH_KNOTS('',2,(#7340,#7341,#7342),.UNSPECIFIED.,.F.,
 .F.,(3,3),(0.,1.),.UNSPECIFIED.);
#446=B_SPLINE_CURVE_WITH_KNOTS('',2,(#7353,#7354,#7355),.UNSPECIFIED.,.F.,
 .F.,(3,3),(0.,1.),.UNSPECIFIED.);
#447=B_SPLINE_CURVE_WITH_KNOTS('',2,(#7365,#7366,#7367),.UNSPECIFIED.,.F.,
 .F.,(3,3),(0.,1.),.UNSPECIFIED.);
#448=B_SPLINE_CURVE_WITH_KNOTS('',2,(#7380,#7381,#7382),.UNSPECIFIED.,.F.,
 .F.,(3,3),(0.,1.),.UNSPECIFIED.);
#449=B_SPLINE_CURVE_WITH_KNOTS('',2,(#7391,#7392,#7393),.UNSPECIFIED.,.F.,
 .F.,(3,3),(0.,1.),.UNSPECIFIED.);
#450=B_SPLINE_CURVE_WITH_KNOTS('',2,(#7418,#7419,#7420),.UNSPECIFIED.,.F.,
 .F.,(3,3),(0.,1.),.UNSPECIFIED.);
#451=B_SPLINE_CURVE_WITH_KNOTS('',2,(#7430,#7431,#7432),.UNSPECIFIED.,.F.,
 .F.,(3,3),(0.,1.),.UNSPECIFIED.);
#452=B_SPLINE_CURVE_WITH_KNOTS('',2,(#7445,#7446,#7447),.UNSPECIFIED.,.F.,
 .F.,(3,3),(0.,1.),.UNSPECIFIED.);
#453=B_SPLINE_CURVE_WITH_KNOTS('',2,(#7456,#7457,#7458),.UNSPECIFIED.,.F.,
 .F.,(3,3),(0.,1.),.UNSPECIFIED.);
#454=B_SPLINE_CURVE_WITH_KNOTS('',2,(#7483,#7484,#7485),.UNSPECIFIED.,.F.,
 .F.,(3,3),(0.,1.),.UNSPECIFIED.);
#455=B_SPLINE_CURVE_WITH_KNOTS('',2,(#7495,#7496,#7497),.UNSPECIFIED.,.F.,
 .F.,(3,3),(0.,1.),.UNSPECIFIED.);
#456=B_SPLINE_CURVE_WITH_KNOTS('',2,(#7506,#7507,#7508),.UNSPECIFIED.,.F.,
 .F.,(3,3),(0.,1.),.UNSPECIFIED.);
#457=B_SPLINE_CURVE_WITH_KNOTS('',2,(#7517,#7518,#7519),.UNSPECIFIED.,.F.,
 .F.,(3,3),(0.,1.),.UNSPECIFIED.);
#458=B_SPLINE_CURVE_WITH_KNOTS('',2,(#7528,#7529,#7530),.UNSPECIFIED.,.F.,
 .F.,(3,3),(0.,1.),.UNSPECIFIED.);
#459=B_SPLINE_CURVE_WITH_KNOTS('',2,(#7539,#7540,#7541),.UNSPECIFIED.,.F.,
 .F.,(3,3),(0.,1.),.UNSPECIFIED.);
#460=B_SPLINE_CURVE_WITH_KNOTS('',2,(#7550,#7551,#7552),.UNSPECIFIED.,.F.,
 .F.,(3,3),(0.,1.),.UNSPECIFIED.);
#461=B_SPLINE_CURVE_WITH_KNOTS('',2,(#7561,#7562,#7563),.UNSPECIFIED.,.F.,
 .F.,(3,3),(0.,1.),.UNSPECIFIED.);
#462=B_SPLINE_CURVE_WITH_KNOTS('',2,(#7572,#7573,#7574),.UNSPECIFIED.,.F.,
 .F.,(3,3),(0.,1.),.UNSPECIFIED.);
#463=B_SPLINE_CURVE_WITH_KNOTS('',2,(#7583,#7584,#7585),.UNSPECIFIED.,.F.,
 .F.,(3,3),(0.,1.),.UNSPECIFIED.);
#464=B_SPLINE_CURVE_WITH_KNOTS('',2,(#7594,#7595,#7596),.UNSPECIFIED.,.F.,
 .F.,(3,3),(0.,1.),.UNSPECIFIED.);
#465=B_SPLINE_CURVE_WITH_KNOTS('',2,(#7609,#7610,#7611),.UNSPECIFIED.,.F.,
 .F.,(3,3),(0.,1.),.UNSPECIFIED.);
#466=B_SPLINE_CURVE_WITH_KNOTS('',2,(#7620,#7621,#7622),.UNSPECIFIED.,.F.,
 .F.,(3,3),(0.,1.),.UNSPECIFIED.);
#467=B_SPLINE_CURVE_WITH_KNOTS('',2,(#7631,#7632,#7633),.UNSPECIFIED.,.F.,
 .F.,(3,3),(0.,1.),.UNSPECIFIED.);
#468=B_SPLINE_CURVE_WITH_KNOTS('',2,(#7642,#7643,#7644),.UNSPECIFIED.,.F.,
 .F.,(3,3),(0.,1.),.UNSPECIFIED.);
#469=B_SPLINE_CURVE_WITH_KNOTS('',2,(#7653,#7654,#7655),.UNSPECIFIED.,.F.,
 .F.,(3,3),(0.,1.),.UNSPECIFIED.);
#470=B_SPLINE_CURVE_WITH_KNOTS('',2,(#7664,#7665,#7666),.UNSPECIFIED.,.F.,
 .F.,(3,3),(0.,1.),.UNSPECIFIED.);
#471=B_SPLINE_CURVE_WITH_KNOTS('',2,(#7675,#7676,#7677),.UNSPECIFIED.,.F.,
 .F.,(3,3),(0.,1.),.UNSPECIFIED.);
#472=B_SPLINE_CURVE_WITH_KNOTS('',2,(#7690,#7691,#7692),.UNSPECIFIED.,.F.,
 .F.,(3,3),(0.,1.),.UNSPECIFIED.);
#473=B_SPLINE_CURVE_WITH_KNOTS('',2,(#7701,#7702,#7703),.UNSPECIFIED.,.F.,
 .F.,(3,3),(0.,1.),.UNSPECIFIED.);
#474=B_SPLINE_CURVE_WITH_KNOTS('',2,(#7712,#7713,#7714),.UNSPECIFIED.,.F.,
 .F.,(3,3),(0.,1.),.UNSPECIFIED.);
#475=B_SPLINE_CURVE_WITH_KNOTS('',2,(#7723,#7724,#7725),.UNSPECIFIED.,.F.,
 .F.,(3,3),(0.,1.),.UNSPECIFIED.);
#476=B_SPLINE_CURVE_WITH_KNOTS('',2,(#7734,#7735,#7736),.UNSPECIFIED.,.F.,
 .F.,(3,3),(0.,1.),.UNSPECIFIED.);
#477=B_SPLINE_CURVE_WITH_KNOTS('',2,(#7745,#7746,#7747),.UNSPECIFIED.,.F.,
 .F.,(3,3),(0.,1.),.UNSPECIFIED.);
#478=B_SPLINE_CURVE_WITH_KNOTS('',2,(#7756,#7757,#7758),.UNSPECIFIED.,.F.,
 .F.,(3,3),(0.,1.),.UNSPECIFIED.);
#479=B_SPLINE_CURVE_WITH_KNOTS('',2,(#7771,#7772,#7773),.UNSPECIFIED.,.F.,
 .F.,(3,3),(0.,1.),.UNSPECIFIED.);
#480=B_SPLINE_CURVE_WITH_KNOTS('',2,(#7780,#7781,#7782),.UNSPECIFIED.,.F.,
 .F.,(3,3),(0.,1.),.UNSPECIFIED.);
#481=B_SPLINE_CURVE_WITH_KNOTS('',2,(#7793,#7794,#7795),.UNSPECIFIED.,.F.,
 .F.,(3,3),(0.,1.),.UNSPECIFIED.);
#482=B_SPLINE_CURVE_WITH_KNOTS('',2,(#7805,#7806,#7807),.UNSPECIFIED.,.F.,
 .F.,(3,3),(0.,1.),.UNSPECIFIED.);
#483=B_SPLINE_CURVE_WITH_KNOTS('',2,(#7816,#7817,#7818),.UNSPECIFIED.,.F.,
 .F.,(3,3),(0.,1.),.UNSPECIFIED.);
#484=B_SPLINE_CURVE_WITH_KNOTS('',2,(#7827,#7828,#7829),.UNSPECIFIED.,.F.,
 .F.,(3,3),(0.,1.),.UNSPECIFIED.);
#485=B_SPLINE_CURVE_WITH_KNOTS('',2,(#7838,#7839,#7840),.UNSPECIFIED.,.F.,
 .F.,(3,3),(0.,1.),.UNSPECIFIED.);
#486=B_SPLINE_CURVE_WITH_KNOTS('',2,(#7849,#7850,#7851),.UNSPECIFIED.,.F.,
 .F.,(3,3),(0.,1.),.UNSPECIFIED.);
#487=B_SPLINE_CURVE_WITH_KNOTS('',2,(#7860,#7861,#7862),.UNSPECIFIED.,.F.,
 .F.,(3,3),(0.,1.),.UNSPECIFIED.);
#488=B_SPLINE_CURVE_WITH_KNOTS('',2,(#7871,#7872,#7873),.UNSPECIFIED.,.F.,
 .F.,(3,3),(0.,1.),.UNSPECIFIED.);
#489=B_SPLINE_CURVE_WITH_KNOTS('',2,(#7882,#7883,#7884),.UNSPECIFIED.,.F.,
 .F.,(3,3),(0.,1.),.UNSPECIFIED.);
#490=B_SPLINE_CURVE_WITH_KNOTS('',2,(#7893,#7894,#7895),.UNSPECIFIED.,.F.,
 .F.,(3,3),(0.,1.),.UNSPECIFIED.);
#491=B_SPLINE_CURVE_WITH_KNOTS('',2,(#7904,#7905,#7906),.UNSPECIFIED.,.F.,
 .F.,(3,3),(0.,1.),.UNSPECIFIED.);
#492=B_SPLINE_CURVE_WITH_KNOTS('',2,(#7915,#7916,#7917),.UNSPECIFIED.,.F.,
 .F.,(3,3),(0.,1.),.UNSPECIFIED.);
#493=B_SPLINE_CURVE_WITH_KNOTS('',2,(#7926,#7927,#7928),.UNSPECIFIED.,.F.,
 .F.,(3,3),(0.,1.),.UNSPECIFIED.);
#494=B_SPLINE_CURVE_WITH_KNOTS('',2,(#7937,#7938,#7939),.UNSPECIFIED.,.F.,
 .F.,(3,3),(0.,1.),.UNSPECIFIED.);
#495=B_SPLINE_CURVE_WITH_KNOTS('',2,(#7948,#7949,#7950),.UNSPECIFIED.,.F.,
 .F.,(3,3),(0.,1.),.UNSPECIFIED.);
#496=B_SPLINE_CURVE_WITH_KNOTS('',2,(#7957,#7958,#7959),.UNSPECIFIED.,.F.,
 .F.,(3,3),(0.,1.),.UNSPECIFIED.);
#497=B_SPLINE_CURVE_WITH_KNOTS('',2,(#7970,#7971,#7972),.UNSPECIFIED.,.F.,
 .F.,(3,3),(0.,1.),.UNSPECIFIED.);
#498=B_SPLINE_CURVE_WITH_KNOTS('',2,(#7982,#7983,#7984),.UNSPECIFIED.,.F.,
 .F.,(3,3),(0.,1.),.UNSPECIFIED.);
#499=B_SPLINE_CURVE_WITH_KNOTS('',2,(#7993,#7994,#7995),.UNSPECIFIED.,.F.,
 .F.,(3,3),(0.,1.),.UNSPECIFIED.);
#500=B_SPLINE_CURVE_WITH_KNOTS('',2,(#8004,#8005,#8006),.UNSPECIFIED.,.F.,
 .F.,(3,3),(0.,1.),.UNSPECIFIED.);
#501=B_SPLINE_CURVE_WITH_KNOTS('',2,(#8015,#8016,#8017),.UNSPECIFIED.,.F.,
 .F.,(3,3),(0.,1.),.UNSPECIFIED.);
#502=B_SPLINE_CURVE_WITH_KNOTS('',2,(#8050,#8051,#8052),.UNSPECIFIED.,.F.,
 .F.,(3,3),(0.,1.),.UNSPECIFIED.);
#503=B_SPLINE_CURVE_WITH_KNOTS('',2,(#8061,#8062,#8063),.UNSPECIFIED.,.F.,
 .F.,(3,3),(0.,1.),.UNSPECIFIED.);
#504=B_SPLINE_CURVE_WITH_KNOTS('',2,(#8072,#8073,#8074),.UNSPECIFIED.,.F.,
 .F.,(3,3),(0.,1.),.UNSPECIFIED.);
#505=B_SPLINE_CURVE_WITH_KNOTS('',2,(#8083,#8084,#8085),.UNSPECIFIED.,.F.,
 .F.,(3,3),(0.,1.),.UNSPECIFIED.);
#506=B_SPLINE_CURVE_WITH_KNOTS('',2,(#8094,#8095,#8096),.UNSPECIFIED.,.F.,
 .F.,(3,3),(0.,1.),.UNSPECIFIED.);
#507=B_SPLINE_CURVE_WITH_KNOTS('',2,(#8105,#8106,#8107),.UNSPECIFIED.,.F.,
 .F.,(3,3),(0.,1.),.UNSPECIFIED.);
#508=B_SPLINE_CURVE_WITH_KNOTS('',2,(#8116,#8117,#8118),.UNSPECIFIED.,.F.,
 .F.,(3,3),(0.,1.),.UNSPECIFIED.);
#509=B_SPLINE_CURVE_WITH_KNOTS('',2,(#8127,#8128,#8129),.UNSPECIFIED.,.F.,
 .F.,(3,3),(0.,1.),.UNSPECIFIED.);
#510=B_SPLINE_CURVE_WITH_KNOTS('',2,(#8142,#8143,#8144),.UNSPECIFIED.,.F.,
 .F.,(3,3),(0.,1.),.UNSPECIFIED.);
#511=B_SPLINE_CURVE_WITH_KNOTS('',2,(#8151,#8152,#8153),.UNSPECIFIED.,.F.,
 .F.,(3,3),(0.,1.),.UNSPECIFIED.);
#512=B_SPLINE_CURVE_WITH_KNOTS('',2,(#8164,#8165,#8166),.UNSPECIFIED.,.F.,
 .F.,(3,3),(0.,1.),.UNSPECIFIED.);
#513=B_SPLINE_CURVE_WITH_KNOTS('',2,(#8176,#8177,#8178),.UNSPECIFIED.,.F.,
 .F.,(3,3),(0.,1.),.UNSPECIFIED.);
#514=B_SPLINE_CURVE_WITH_KNOTS('',2,(#8187,#8188,#8189),.UNSPECIFIED.,.F.,
 .F.,(3,3),(0.,1.),.UNSPECIFIED.);
#515=B_SPLINE_CURVE_WITH_KNOTS('',2,(#8198,#8199,#8200),.UNSPECIFIED.,.F.,
 .F.,(3,3),(0.,1.),.UNSPECIFIED.);
#516=B_SPLINE_CURVE_WITH_KNOTS('',2,(#8209,#8210,#8211),.UNSPECIFIED.,.F.,
 .F.,(3,3),(0.,1.),.UNSPECIFIED.);
#517=B_SPLINE_CURVE_WITH_KNOTS('',2,(#8220,#8221,#8222),.UNSPECIFIED.,.F.,
 .F.,(3,3),(0.,1.),.UNSPECIFIED.);
#518=B_SPLINE_CURVE_WITH_KNOTS('',2,(#8231,#8232,#8233),.UNSPECIFIED.,.F.,
 .F.,(3,3),(0.,1.),.UNSPECIFIED.);
#519=B_SPLINE_CURVE_WITH_KNOTS('',2,(#8242,#8243,#8244),.UNSPECIFIED.,.F.,
 .F.,(3,3),(0.,1.),.UNSPECIFIED.);
#520=B_SPLINE_CURVE_WITH_KNOTS('',2,(#8253,#8254,#8255),.UNSPECIFIED.,.F.,
 .F.,(3,3),(0.,1.),.UNSPECIFIED.);
#521=B_SPLINE_CURVE_WITH_KNOTS('',2,(#8264,#8265,#8266),.UNSPECIFIED.,.F.,
 .F.,(3,3),(0.,1.),.UNSPECIFIED.);
#522=B_SPLINE_CURVE_WITH_KNOTS('',2,(#8275,#8276,#8277),.UNSPECIFIED.,.F.,
 .F.,(3,3),(0.,1.),.UNSPECIFIED.);
#523=B_SPLINE_CURVE_WITH_KNOTS('',2,(#8290,#8291,#8292),.UNSPECIFIED.,.F.,
 .F.,(3,3),(0.,1.),.UNSPECIFIED.);
#524=B_SPLINE_CURVE_WITH_KNOTS('',2,(#8301,#8302,#8303),.UNSPECIFIED.,.F.,
 .F.,(3,3),(0.,1.),.UNSPECIFIED.);
#525=B_SPLINE_CURVE_WITH_KNOTS('',2,(#8312,#8313,#8314),.UNSPECIFIED.,.F.,
 .F.,(3,3),(0.,1.),.UNSPECIFIED.);
#526=B_SPLINE_CURVE_WITH_KNOTS('',2,(#8323,#8324,#8325),.UNSPECIFIED.,.F.,
 .F.,(3,3),(0.,1.),.UNSPECIFIED.);
#527=B_SPLINE_CURVE_WITH_KNOTS('',2,(#8334,#8335,#8336),.UNSPECIFIED.,.F.,
 .F.,(3,3),(0.,1.),.UNSPECIFIED.);
#528=B_SPLINE_CURVE_WITH_KNOTS('',2,(#8345,#8346,#8347),.UNSPECIFIED.,.F.,
 .F.,(3,3),(0.,1.),.UNSPECIFIED.);
#529=B_SPLINE_CURVE_WITH_KNOTS('',2,(#8356,#8357,#8358),.UNSPECIFIED.,.F.,
 .F.,(3,3),(0.,1.),.UNSPECIFIED.);
#530=B_SPLINE_CURVE_WITH_KNOTS('',2,(#8371,#8372,#8373),.UNSPECIFIED.,.F.,
 .F.,(3,3),(0.,1.),.UNSPECIFIED.);
#531=B_SPLINE_CURVE_WITH_KNOTS('',2,(#8382,#8383,#8384),.UNSPECIFIED.,.F.,
 .F.,(3,3),(0.,1.),.UNSPECIFIED.);
#532=B_SPLINE_CURVE_WITH_KNOTS('',2,(#8393,#8394,#8395),.UNSPECIFIED.,.F.,
 .F.,(3,3),(0.,1.),.UNSPECIFIED.);
#533=B_SPLINE_CURVE_WITH_KNOTS('',2,(#8404,#8405,#8406),.UNSPECIFIED.,.F.,
 .F.,(3,3),(0.,1.),.UNSPECIFIED.);
#534=B_SPLINE_CURVE_WITH_KNOTS('',2,(#8415,#8416,#8417),.UNSPECIFIED.,.F.,
 .F.,(3,3),(0.,1.),.UNSPECIFIED.);
#535=B_SPLINE_CURVE_WITH_KNOTS('',2,(#8426,#8427,#8428),.UNSPECIFIED.,.F.,
 .F.,(3,3),(0.,1.),.UNSPECIFIED.);
#536=B_SPLINE_CURVE_WITH_KNOTS('',2,(#8437,#8438,#8439),.UNSPECIFIED.,.F.,
 .F.,(3,3),(0.,1.),.UNSPECIFIED.);
#537=B_SPLINE_CURVE_WITH_KNOTS('',2,(#8452,#8453,#8454),.UNSPECIFIED.,.F.,
 .F.,(3,3),(0.,1.),.UNSPECIFIED.);
#538=B_SPLINE_CURVE_WITH_KNOTS('',2,(#8461,#8462,#8463),.UNSPECIFIED.,.F.,
 .F.,(3,3),(0.,1.),.UNSPECIFIED.);
#539=B_SPLINE_CURVE_WITH_KNOTS('',2,(#8474,#8475,#8476),.UNSPECIFIED.,.F.,
 .F.,(3,3),(0.,1.),.UNSPECIFIED.);
#540=B_SPLINE_CURVE_WITH_KNOTS('',2,(#8486,#8487,#8488),.UNSPECIFIED.,.F.,
 .F.,(3,3),(0.,1.),.UNSPECIFIED.);
#541=B_SPLINE_CURVE_WITH_KNOTS('',2,(#8497,#8498,#8499),.UNSPECIFIED.,.F.,
 .F.,(3,3),(0.,1.),.UNSPECIFIED.);
#542=B_SPLINE_CURVE_WITH_KNOTS('',2,(#8508,#8509,#8510),.UNSPECIFIED.,.F.,
 .F.,(3,3),(0.,1.),.UNSPECIFIED.);
#543=B_SPLINE_CURVE_WITH_KNOTS('',2,(#8519,#8520,#8521),.UNSPECIFIED.,.F.,
 .F.,(3,3),(0.,1.),.UNSPECIFIED.);
#544=B_SPLINE_CURVE_WITH_KNOTS('',2,(#8530,#8531,#8532),.UNSPECIFIED.,.F.,
 .F.,(3,3),(0.,1.),.UNSPECIFIED.);
#545=B_SPLINE_CURVE_WITH_KNOTS('',2,(#8541,#8542,#8543),.UNSPECIFIED.,.F.,
 .F.,(3,3),(0.,1.),.UNSPECIFIED.);
#546=B_SPLINE_CURVE_WITH_KNOTS('',2,(#8552,#8553,#8554),.UNSPECIFIED.,.F.,
 .F.,(3,3),(0.,1.),.UNSPECIFIED.);
#547=B_SPLINE_CURVE_WITH_KNOTS('',2,(#8567,#8568,#8569),.UNSPECIFIED.,.F.,
 .F.,(3,3),(0.,1.),.UNSPECIFIED.);
#548=B_SPLINE_CURVE_WITH_KNOTS('',2,(#8578,#8579,#8580),.UNSPECIFIED.,.F.,
 .F.,(3,3),(0.,1.),.UNSPECIFIED.);
#549=B_SPLINE_CURVE_WITH_KNOTS('',2,(#8589,#8590,#8591),.UNSPECIFIED.,.F.,
 .F.,(3,3),(0.,1.),.UNSPECIFIED.);
#550=B_SPLINE_CURVE_WITH_KNOTS('',2,(#8600,#8601,#8602),.UNSPECIFIED.,.F.,
 .F.,(3,3),(0.,1.),.UNSPECIFIED.);
#551=B_SPLINE_CURVE_WITH_KNOTS('',2,(#8611,#8612,#8613),.UNSPECIFIED.,.F.,
 .F.,(3,3),(0.,1.),.UNSPECIFIED.);
#552=B_SPLINE_CURVE_WITH_KNOTS('',2,(#8622,#8623,#8624),.UNSPECIFIED.,.F.,
 .F.,(3,3),(0.,1.),.UNSPECIFIED.);
#553=B_SPLINE_CURVE_WITH_KNOTS('',2,(#8633,#8634,#8635),.UNSPECIFIED.,.F.,
 .F.,(3,3),(0.,1.),.UNSPECIFIED.);
#554=B_SPLINE_CURVE_WITH_KNOTS('',2,(#8644,#8645,#8646),.UNSPECIFIED.,.F.,
 .F.,(3,3),(0.,1.),.UNSPECIFIED.);
#555=B_SPLINE_CURVE_WITH_KNOTS('',2,(#8655,#8656,#8657),.UNSPECIFIED.,.F.,
 .F.,(3,3),(0.,1.),.UNSPECIFIED.);
#556=B_SPLINE_CURVE_WITH_KNOTS('',2,(#8676,#8677,#8678),.UNSPECIFIED.,.F.,
 .F.,(3,3),(0.,1.),.UNSPECIFIED.);
#557=B_SPLINE_CURVE_WITH_KNOTS('',2,(#8689,#8690,#8691),.UNSPECIFIED.,.F.,
 .F.,(3,3),(0.,1.),.UNSPECIFIED.);
#558=B_SPLINE_CURVE_WITH_KNOTS('',2,(#8701,#8702,#8703),.UNSPECIFIED.,.F.,
 .F.,(3,3),(0.,1.),.UNSPECIFIED.);
#559=B_SPLINE_CURVE_WITH_KNOTS('',2,(#8716,#8717,#8718),.UNSPECIFIED.,.F.,
 .F.,(3,3),(0.,1.),.UNSPECIFIED.);
#560=B_SPLINE_CURVE_WITH_KNOTS('',2,(#8727,#8728,#8729),.UNSPECIFIED.,.F.,
 .F.,(3,3),(0.,1.),.UNSPECIFIED.);
#561=B_SPLINE_CURVE_WITH_KNOTS('',2,(#8754,#8755,#8756),.UNSPECIFIED.,.F.,
 .F.,(3,3),(0.,1.),.UNSPECIFIED.);
#562=B_SPLINE_CURVE_WITH_KNOTS('',2,(#8766,#8767,#8768),.UNSPECIFIED.,.F.,
 .F.,(3,3),(0.,1.),.UNSPECIFIED.);
#563=B_SPLINE_CURVE_WITH_KNOTS('',2,(#8777,#8778,#8779),.UNSPECIFIED.,.F.,
 .F.,(3,3),(0.,1.),.UNSPECIFIED.);
#564=B_SPLINE_CURVE_WITH_KNOTS('',2,(#8788,#8789,#8790),.UNSPECIFIED.,.F.,
 .F.,(3,3),(0.,1.),.UNSPECIFIED.);
#565=B_SPLINE_CURVE_WITH_KNOTS('',2,(#8799,#8800,#8801),.UNSPECIFIED.,.F.,
 .F.,(3,3),(0.,1.),.UNSPECIFIED.);
#566=B_SPLINE_CURVE_WITH_KNOTS('',2,(#8810,#8811,#8812),.UNSPECIFIED.,.F.,
 .F.,(3,3),(0.,1.),.UNSPECIFIED.);
#567=B_SPLINE_CURVE_WITH_KNOTS('',2,(#8821,#8822,#8823),.UNSPECIFIED.,.F.,
 .F.,(3,3),(0.,1.),.UNSPECIFIED.);
#568=B_SPLINE_CURVE_WITH_KNOTS('',2,(#8832,#8833,#8834),.UNSPECIFIED.,.F.,
 .F.,(3,3),(0.,1.),.UNSPECIFIED.);
#569=B_SPLINE_CURVE_WITH_KNOTS('',2,(#8843,#8844,#8845),.UNSPECIFIED.,.F.,
 .F.,(3,3),(0.,1.),.UNSPECIFIED.);
#570=B_SPLINE_CURVE_WITH_KNOTS('',2,(#8854,#8855,#8856),.UNSPECIFIED.,.F.,
 .F.,(3,3),(0.,1.),.UNSPECIFIED.);
#571=B_SPLINE_CURVE_WITH_KNOTS('',2,(#8865,#8866,#8867),.UNSPECIFIED.,.F.,
 .F.,(3,3),(0.,1.),.UNSPECIFIED.);
#572=B_SPLINE_CURVE_WITH_KNOTS('',2,(#8874,#8875,#8876),.UNSPECIFIED.,.F.,
 .F.,(3,3),(0.,1.),.UNSPECIFIED.);
#573=FACE_OUTER_BOUND('',#853,.T.);
#574=FACE_OUTER_BOUND('',#854,.T.);
#575=FACE_OUTER_BOUND('',#855,.T.);
#576=FACE_OUTER_BOUND('',#856,.T.);
#577=FACE_OUTER_BOUND('',#857,.T.);
#578=FACE_OUTER_BOUND('',#858,.T.);
#579=FACE_OUTER_BOUND('',#859,.T.);
#580=FACE_OUTER_BOUND('',#860,.T.);
#581=FACE_OUTER_BOUND('',#861,.T.);
#582=FACE_OUTER_BOUND('',#862,.T.);
#583=FACE_OUTER_BOUND('',#863,.T.);
#584=FACE_OUTER_BOUND('',#864,.T.);
#585=FACE_OUTER_BOUND('',#865,.T.);
#586=FACE_OUTER_BOUND('',#866,.T.);
#587=FACE_OUTER_BOUND('',#867,.T.);
#588=FACE_OUTER_BOUND('',#868,.T.);
#589=FACE_OUTER_BOUND('',#869,.T.);
#590=FACE_OUTER_BOUND('',#870,.T.);
#591=FACE_OUTER_BOUND('',#871,.T.);
#592=FACE_OUTER_BOUND('',#872,.T.);
#593=FACE_OUTER_BOUND('',#873,.T.);
#594=FACE_OUTER_BOUND('',#874,.T.);
#595=FACE_OUTER_BOUND('',#875,.T.);
#596=FACE_OUTER_BOUND('',#876,.T.);
#597=FACE_OUTER_BOUND('',#877,.T.);
#598=FACE_OUTER_BOUND('',#878,.T.);
#599=FACE_OUTER_BOUND('',#879,.T.);
#600=FACE_OUTER_BOUND('',#880,.T.);
#601=FACE_OUTER_BOUND('',#881,.T.);
#602=FACE_OUTER_BOUND('',#882,.T.);
#603=FACE_OUTER_BOUND('',#883,.T.);
#604=FACE_OUTER_BOUND('',#884,.T.);
#605=FACE_OUTER_BOUND('',#885,.T.);
#606=FACE_OUTER_BOUND('',#887,.T.);
#607=FACE_OUTER_BOUND('',#889,.T.);
#608=FACE_OUTER_BOUND('',#891,.T.);
#609=FACE_OUTER_BOUND('',#893,.T.);
#610=FACE_OUTER_BOUND('',#895,.T.);
#611=FACE_OUTER_BOUND('',#897,.T.);
#612=FACE_OUTER_BOUND('',#900,.T.);
#613=FACE_OUTER_BOUND('',#903,.T.);
#614=FACE_OUTER_BOUND('',#905,.T.);
#615=FACE_OUTER_BOUND('',#908,.T.);
#616=FACE_OUTER_BOUND('',#909,.T.);
#617=FACE_OUTER_BOUND('',#910,.T.);
#618=FACE_OUTER_BOUND('',#911,.T.);
#619=FACE_OUTER_BOUND('',#912,.T.);
#620=FACE_OUTER_BOUND('',#913,.T.);
#621=FACE_OUTER_BOUND('',#914,.T.);
#622=FACE_OUTER_BOUND('',#915,.T.);
#623=FACE_OUTER_BOUND('',#916,.T.);
#624=FACE_OUTER_BOUND('',#917,.T.);
#625=FACE_OUTER_BOUND('',#918,.T.);
#626=FACE_OUTER_BOUND('',#919,.T.);
#627=FACE_OUTER_BOUND('',#920,.T.);
#628=FACE_OUTER_BOUND('',#921,.T.);
#629=FACE_OUTER_BOUND('',#922,.T.);
#630=FACE_OUTER_BOUND('',#923,.T.);
#631=FACE_OUTER_BOUND('',#924,.T.);
#632=FACE_OUTER_BOUND('',#925,.T.);
#633=FACE_OUTER_BOUND('',#926,.T.);
#634=FACE_OUTER_BOUND('',#928,.T.);
#635=FACE_OUTER_BOUND('',#929,.T.);
#636=FACE_OUTER_BOUND('',#930,.T.);
#637=FACE_OUTER_BOUND('',#931,.T.);
#638=FACE_OUTER_BOUND('',#932,.T.);
#639=FACE_OUTER_BOUND('',#933,.T.);
#640=FACE_OUTER_BOUND('',#934,.T.);
#641=FACE_OUTER_BOUND('',#935,.T.);
#642=FACE_OUTER_BOUND('',#936,.T.);
#643=FACE_OUTER_BOUND('',#937,.T.);
#644=FACE_OUTER_BOUND('',#938,.T.);
#645=FACE_OUTER_BOUND('',#939,.T.);
#646=FACE_OUTER_BOUND('',#940,.T.);
#647=FACE_OUTER_BOUND('',#941,.T.);
#648=FACE_OUTER_BOUND('',#942,.T.);
#649=FACE_OUTER_BOUND('',#943,.T.);
#650=FACE_OUTER_BOUND('',#944,.T.);
#651=FACE_OUTER_BOUND('',#945,.T.);
#652=FACE_OUTER_BOUND('',#946,.T.);
#653=FACE_OUTER_BOUND('',#947,.T.);
#654=FACE_OUTER_BOUND('',#948,.T.);
#655=FACE_OUTER_BOUND('',#949,.T.);
#656=FACE_OUTER_BOUND('',#950,.T.);
#657=FACE_OUTER_BOUND('',#951,.T.);
#658=FACE_OUTER_BOUND('',#952,.T.);
#659=FACE_OUTER_BOUND('',#953,.T.);
#660=FACE_OUTER_BOUND('',#954,.T.);
#661=FACE_OUTER_BOUND('',#955,.T.);
#662=FACE_OUTER_BOUND('',#956,.T.);
#663=FACE_OUTER_BOUND('',#957,.T.);
#664=FACE_OUTER_BOUND('',#958,.T.);
#665=FACE_OUTER_BOUND('',#959,.T.);
#666=FACE_OUTER_BOUND('',#960,.T.);
#667=FACE_OUTER_BOUND('',#961,.T.);
#668=FACE_OUTER_BOUND('',#962,.T.);
#669=FACE_OUTER_BOUND('',#963,.T.);
#670=FACE_OUTER_BOUND('',#964,.T.);
#671=FACE_OUTER_BOUND('',#965,.T.);
#672=FACE_OUTER_BOUND('',#966,.T.);
#673=FACE_OUTER_BOUND('',#967,.T.);
#674=FACE_OUTER_BOUND('',#968,.T.);
#675=FACE_OUTER_BOUND('',#969,.T.);
#676=FACE_OUTER_BOUND('',#970,.T.);
#677=FACE_OUTER_BOUND('',#971,.T.);
#678=FACE_OUTER_BOUND('',#972,.T.);
#679=FACE_OUTER_BOUND('',#973,.T.);
#680=FACE_OUTER_BOUND('',#974,.T.);
#681=FACE_OUTER_BOUND('',#975,.T.);
#682=FACE_OUTER_BOUND('',#976,.T.);
#683=FACE_OUTER_BOUND('',#977,.T.);
#684=FACE_OUTER_BOUND('',#978,.T.);
#685=FACE_OUTER_BOUND('',#979,.T.);
#686=FACE_OUTER_BOUND('',#980,.T.);
#687=FACE_OUTER_BOUND('',#981,.T.);
#688=FACE_OUTER_BOUND('',#982,.T.);
#689=FACE_OUTER_BOUND('',#983,.T.);
#690=FACE_OUTER_BOUND('',#984,.T.);
#691=FACE_OUTER_BOUND('',#985,.T.);
#692=FACE_OUTER_BOUND('',#986,.T.);
#693=FACE_OUTER_BOUND('',#987,.T.);
#694=FACE_OUTER_BOUND('',#988,.T.);
#695=FACE_OUTER_BOUND('',#989,.T.);
#696=FACE_OUTER_BOUND('',#990,.T.);
#697=FACE_OUTER_BOUND('',#991,.T.);
#698=FACE_OUTER_BOUND('',#992,.T.);
#699=FACE_OUTER_BOUND('',#993,.T.);
#700=FACE_OUTER_BOUND('',#994,.T.);
#701=FACE_OUTER_BOUND('',#995,.T.);
#702=FACE_OUTER_BOUND('',#996,.T.);
#703=FACE_OUTER_BOUND('',#997,.T.);
#704=FACE_OUTER_BOUND('',#998,.T.);
#705=FACE_OUTER_BOUND('',#999,.T.);
#706=FACE_OUTER_BOUND('',#1000,.T.);
#707=FACE_OUTER_BOUND('',#1001,.T.);
#708=FACE_OUTER_BOUND('',#1002,.T.);
#709=FACE_OUTER_BOUND('',#1003,.T.);
#710=FACE_OUTER_BOUND('',#1004,.T.);
#711=FACE_OUTER_BOUND('',#1005,.T.);
#712=FACE_OUTER_BOUND('',#1006,.T.);
#713=FACE_OUTER_BOUND('',#1007,.T.);
#714=FACE_OUTER_BOUND('',#1008,.T.);
#715=FACE_OUTER_BOUND('',#1009,.T.);
#716=FACE_OUTER_BOUND('',#1010,.T.);
#717=FACE_OUTER_BOUND('',#1011,.T.);
#718=FACE_OUTER_BOUND('',#1012,.T.);
#719=FACE_OUTER_BOUND('',#1013,.T.);
#720=FACE_OUTER_BOUND('',#1014,.T.);
#721=FACE_OUTER_BOUND('',#1015,.T.);
#722=FACE_OUTER_BOUND('',#1016,.T.);
#723=FACE_OUTER_BOUND('',#1017,.T.);
#724=FACE_OUTER_BOUND('',#1018,.T.);
#725=FACE_OUTER_BOUND('',#1019,.T.);
#726=FACE_OUTER_BOUND('',#1020,.T.);
#727=FACE_OUTER_BOUND('',#1021,.T.);
#728=FACE_OUTER_BOUND('',#1022,.T.);
#729=FACE_OUTER_BOUND('',#1023,.T.);
#730=FACE_OUTER_BOUND('',#1024,.T.);
#731=FACE_OUTER_BOUND('',#1025,.T.);
#732=FACE_OUTER_BOUND('',#1026,.T.);
#733=FACE_OUTER_BOUND('',#1027,.T.);
#734=FACE_OUTER_BOUND('',#1028,.T.);
#735=FACE_OUTER_BOUND('',#1029,.T.);
#736=FACE_OUTER_BOUND('',#1030,.T.);
#737=FACE_OUTER_BOUND('',#1031,.T.);
#738=FACE_OUTER_BOUND('',#1032,.T.);
#739=FACE_OUTER_BOUND('',#1033,.T.);
#740=FACE_OUTER_BOUND('',#1034,.T.);
#741=FACE_OUTER_BOUND('',#1035,.T.);
#742=FACE_OUTER_BOUND('',#1036,.T.);
#743=FACE_OUTER_BOUND('',#1037,.T.);
#744=FACE_OUTER_BOUND('',#1038,.T.);
#745=FACE_OUTER_BOUND('',#1039,.T.);
#746=FACE_OUTER_BOUND('',#1040,.T.);
#747=FACE_OUTER_BOUND('',#1041,.T.);
#748=FACE_OUTER_BOUND('',#1042,.T.);
#749=FACE_OUTER_BOUND('',#1043,.T.);
#750=FACE_OUTER_BOUND('',#1044,.T.);
#751=FACE_OUTER_BOUND('',#1045,.T.);
#752=FACE_OUTER_BOUND('',#1046,.T.);
#753=FACE_OUTER_BOUND('',#1047,.T.);
#754=FACE_OUTER_BOUND('',#1048,.T.);
#755=FACE_OUTER_BOUND('',#1049,.T.);
#756=FACE_OUTER_BOUND('',#1050,.T.);
#757=FACE_OUTER_BOUND('',#1051,.T.);
#758=FACE_OUTER_BOUND('',#1052,.T.);
#759=FACE_OUTER_BOUND('',#1053,.T.);
#760=FACE_OUTER_BOUND('',#1054,.T.);
#761=FACE_OUTER_BOUND('',#1055,.T.);
#762=FACE_OUTER_BOUND('',#1056,.T.);
#763=FACE_OUTER_BOUND('',#1057,.T.);
#764=FACE_OUTER_BOUND('',#1058,.T.);
#765=FACE_OUTER_BOUND('',#1059,.T.);
#766=FACE_OUTER_BOUND('',#1060,.T.);
#767=FACE_OUTER_BOUND('',#1061,.T.);
#768=FACE_OUTER_BOUND('',#1062,.T.);
#769=FACE_OUTER_BOUND('',#1063,.T.);
#770=FACE_OUTER_BOUND('',#1064,.T.);
#771=FACE_OUTER_BOUND('',#1065,.T.);
#772=FACE_OUTER_BOUND('',#1066,.T.);
#773=FACE_OUTER_BOUND('',#1067,.T.);
#774=FACE_OUTER_BOUND('',#1068,.T.);
#775=FACE_OUTER_BOUND('',#1069,.T.);
#776=FACE_OUTER_BOUND('',#1070,.T.);
#777=FACE_OUTER_BOUND('',#1071,.T.);
#778=FACE_OUTER_BOUND('',#1072,.T.);
#779=FACE_OUTER_BOUND('',#1073,.T.);
#780=FACE_OUTER_BOUND('',#1074,.T.);
#781=FACE_OUTER_BOUND('',#1075,.T.);
#782=FACE_OUTER_BOUND('',#1076,.T.);
#783=FACE_OUTER_BOUND('',#1077,.T.);
#784=FACE_OUTER_BOUND('',#1078,.T.);
#785=FACE_OUTER_BOUND('',#1079,.T.);
#786=FACE_OUTER_BOUND('',#1080,.T.);
#787=FACE_OUTER_BOUND('',#1081,.T.);
#788=FACE_OUTER_BOUND('',#1082,.T.);
#789=FACE_OUTER_BOUND('',#1083,.T.);
#790=FACE_OUTER_BOUND('',#1084,.T.);
#791=FACE_OUTER_BOUND('',#1085,.T.);
#792=FACE_OUTER_BOUND('',#1086,.T.);
#793=FACE_OUTER_BOUND('',#1087,.T.);
#794=FACE_OUTER_BOUND('',#1088,.T.);
#795=FACE_OUTER_BOUND('',#1089,.T.);
#796=FACE_OUTER_BOUND('',#1090,.T.);
#797=FACE_OUTER_BOUND('',#1091,.T.);
#798=FACE_OUTER_BOUND('',#1092,.T.);
#799=FACE_OUTER_BOUND('',#1093,.T.);
#800=FACE_OUTER_BOUND('',#1094,.T.);
#801=FACE_OUTER_BOUND('',#1095,.T.);
#802=FACE_OUTER_BOUND('',#1096,.T.);
#803=FACE_OUTER_BOUND('',#1097,.T.);
#804=FACE_OUTER_BOUND('',#1098,.T.);
#805=FACE_OUTER_BOUND('',#1099,.T.);
#806=FACE_OUTER_BOUND('',#1100,.T.);
#807=FACE_OUTER_BOUND('',#1101,.T.);
#808=FACE_OUTER_BOUND('',#1102,.T.);
#809=FACE_OUTER_BOUND('',#1103,.T.);
#810=FACE_OUTER_BOUND('',#1104,.T.);
#811=FACE_OUTER_BOUND('',#1105,.T.);
#812=FACE_OUTER_BOUND('',#1106,.T.);
#813=FACE_OUTER_BOUND('',#1107,.T.);
#814=FACE_OUTER_BOUND('',#1108,.T.);
#815=FACE_OUTER_BOUND('',#1109,.T.);
#816=FACE_OUTER_BOUND('',#1110,.T.);
#817=FACE_OUTER_BOUND('',#1111,.T.);
#818=FACE_OUTER_BOUND('',#1112,.T.);
#819=FACE_OUTER_BOUND('',#1113,.T.);
#820=FACE_OUTER_BOUND('',#1114,.T.);
#821=FACE_OUTER_BOUND('',#1115,.T.);
#822=FACE_OUTER_BOUND('',#1116,.T.);
#823=FACE_OUTER_BOUND('',#1117,.T.);
#824=FACE_OUTER_BOUND('',#1118,.T.);
#825=FACE_OUTER_BOUND('',#1119,.T.);
#826=FACE_OUTER_BOUND('',#1120,.T.);
#827=FACE_OUTER_BOUND('',#1121,.T.);
#828=FACE_OUTER_BOUND('',#1122,.T.);
#829=FACE_OUTER_BOUND('',#1123,.T.);
#830=FACE_OUTER_BOUND('',#1124,.T.);
#831=FACE_OUTER_BOUND('',#1125,.T.);
#832=FACE_OUTER_BOUND('',#1126,.T.);
#833=FACE_OUTER_BOUND('',#1127,.T.);
#834=FACE_OUTER_BOUND('',#1128,.T.);
#835=FACE_OUTER_BOUND('',#1129,.T.);
#836=FACE_OUTER_BOUND('',#1130,.T.);
#837=FACE_OUTER_BOUND('',#1131,.T.);
#838=FACE_OUTER_BOUND('',#1132,.T.);
#839=FACE_OUTER_BOUND('',#1133,.T.);
#840=FACE_OUTER_BOUND('',#1134,.T.);
#841=FACE_OUTER_BOUND('',#1135,.T.);
#842=FACE_OUTER_BOUND('',#1136,.T.);
#843=FACE_OUTER_BOUND('',#1137,.T.);
#844=FACE_OUTER_BOUND('',#1138,.T.);
#845=FACE_OUTER_BOUND('',#1139,.T.);
#846=FACE_OUTER_BOUND('',#1140,.T.);
#847=FACE_OUTER_BOUND('',#1141,.T.);
#848=FACE_OUTER_BOUND('',#1142,.T.);
#849=FACE_OUTER_BOUND('',#1143,.T.);
#850=FACE_OUTER_BOUND('',#1144,.T.);
#851=FACE_OUTER_BOUND('',#1145,.T.);
#852=FACE_OUTER_BOUND('',#1146,.T.);
#853=EDGE_LOOP('',(#3157,#3158,#3159,#3160,#3161));
#854=EDGE_LOOP('',(#3162,#3163,#3164));
#855=EDGE_LOOP('',(#3165,#3166,#3167,#3168));
#856=EDGE_LOOP('',(#3169,#3170,#3171));
#857=EDGE_LOOP('',(#3172,#3173,#3174,#3175));
#858=EDGE_LOOP('',(#3176,#3177,#3178));
#859=EDGE_LOOP('',(#3179,#3180,#3181));
#860=EDGE_LOOP('',(#3182,#3183,#3184,#3185));
#861=EDGE_LOOP('',(#3186,#3187,#3188));
#862=EDGE_LOOP('',(#3189,#3190,#3191,#3192));
#863=EDGE_LOOP('',(#3193,#3194,#3195));
#864=EDGE_LOOP('',(#3196,#3197,#3198,#3199));
#865=EDGE_LOOP('',(#3200,#3201,#3202,#3203));
#866=EDGE_LOOP('',(#3204,#3205,#3206));
#867=EDGE_LOOP('',(#3207,#3208,#3209,#3210));
#868=EDGE_LOOP('',(#3211,#3212,#3213));
#869=EDGE_LOOP('',(#3214,#3215,#3216,#3217));
#870=EDGE_LOOP('',(#3218,#3219,#3220,#3221));
#871=EDGE_LOOP('',(#3222,#3223,#3224));
#872=EDGE_LOOP('',(#3225,#3226,#3227));
#873=EDGE_LOOP('',(#3228,#3229,#3230,#3231,#3232));
#874=EDGE_LOOP('',(#3233,#3234,#3235,#3236));
#875=EDGE_LOOP('',(#3237,#3238,#3239,#3240));
#876=EDGE_LOOP('',(#3241,#3242,#3243,#3244));
#877=EDGE_LOOP('',(#3245,#3246,#3247,#3248));
#878=EDGE_LOOP('',(#3249,#3250,#3251,#3252));
#879=EDGE_LOOP('',(#3253,#3254,#3255,#3256));
#880=EDGE_LOOP('',(#3257,#3258,#3259,#3260));
#881=EDGE_LOOP('',(#3261,#3262,#3263,#3264));
#882=EDGE_LOOP('',(#3265,#3266,#3267,#3268));
#883=EDGE_LOOP('',(#3269,#3270,#3271,#3272));
#884=EDGE_LOOP('',(#3273,#3274,#3275,#3276));
#885=EDGE_LOOP('',(#3277,#3278,#3279,#3280));
#886=EDGE_LOOP('',(#3281,#3282,#3283,#3284,#3285,#3286,#3287,#3288,#3289,
#3290,#3291,#3292,#3293,#3294,#3295,#3296,#3297,#3298,#3299,#3300,#3301,
#3302));
#887=EDGE_LOOP('',(#3303,#3304,#3305,#3306));
#888=EDGE_LOOP('',(#3307,#3308,#3309,#3310,#3311,#3312,#3313,#3314,#3315,
#3316,#3317,#3318,#3319,#3320,#3321,#3322,#3323,#3324,#3325,#3326,#3327,
#3328,#3329,#3330,#3331,#3332,#3333,#3334,#3335,#3336));
#889=EDGE_LOOP('',(#3337,#3338,#3339,#3340));
#890=EDGE_LOOP('',(#3341,#3342,#3343,#3344,#3345,#3346,#3347,#3348,#3349,
#3350,#3351,#3352,#3353,#3354,#3355,#3356,#3357,#3358,#3359,#3360,#3361,
#3362));
#891=EDGE_LOOP('',(#3363,#3364,#3365,#3366));
#892=EDGE_LOOP('',(#3367,#3368,#3369,#3370,#3371,#3372,#3373,#3374,#3375));
#893=EDGE_LOOP('',(#3376,#3377,#3378,#3379));
#894=EDGE_LOOP('',(#3380,#3381,#3382,#3383,#3384,#3385,#3386,#3387,#3388,
#3389,#3390,#3391));
#895=EDGE_LOOP('',(#3392,#3393,#3394,#3395));
#896=EDGE_LOOP('',(#3396,#3397,#3398,#3399,#3400,#3401,#3402,#3403,#3404,
#3405,#3406,#3407,#3408,#3409,#3410,#3411));
#897=EDGE_LOOP('',(#3412,#3413,#3414,#3415));
#898=EDGE_LOOP('',(#3416,#3417,#3418,#3419,#3420,#3421,#3422,#3423,#3424));
#899=EDGE_LOOP('',(#3425,#3426,#3427,#3428,#3429,#3430,#3431,#3432,#3433,
#3434,#3435,#3436,#3437,#3438,#3439,#3440,#3441,#3442,#3443,#3444,#3445,
#3446));
#900=EDGE_LOOP('',(#3447,#3448,#3449,#3450));
#901=EDGE_LOOP('',(#3451,#3452,#3453,#3454,#3455,#3456,#3457,#3458,#3459,
#3460,#3461,#3462,#3463,#3464,#3465,#3466,#3467,#3468,#3469,#3470,#3471,
#3472,#3473,#3474,#3475,#3476,#3477,#3478,#3479,#3480));
#902=EDGE_LOOP('',(#3481,#3482,#3483,#3484,#3485,#3486,#3487,#3488,#3489));
#903=EDGE_LOOP('',(#3490,#3491,#3492,#3493));
#904=EDGE_LOOP('',(#3494));
#905=EDGE_LOOP('',(#3495,#3496,#3497,#3498));
#906=EDGE_LOOP('',(#3499,#3500,#3501,#3502));
#907=EDGE_LOOP('',(#3503,#3504,#3505,#3506,#3507,#3508,#3509,#3510,#3511,
#3512,#3513,#3514,#3515,#3516,#3517,#3518,#3519,#3520,#3521,#3522,#3523));
#908=EDGE_LOOP('',(#3524,#3525,#3526,#3527));
#909=EDGE_LOOP('',(#3528,#3529,#3530,#3531));
#910=EDGE_LOOP('',(#3532,#3533,#3534,#3535));
#911=EDGE_LOOP('',(#3536,#3537,#3538,#3539));
#912=EDGE_LOOP('',(#3540,#3541,#3542,#3543));
#913=EDGE_LOOP('',(#3544,#3545,#3546,#3547));
#914=EDGE_LOOP('',(#3548,#3549,#3550,#3551));
#915=EDGE_LOOP('',(#3552,#3553,#3554,#3555));
#916=EDGE_LOOP('',(#3556,#3557,#3558,#3559));
#917=EDGE_LOOP('',(#3560,#3561,#3562,#3563));
#918=EDGE_LOOP('',(#3564,#3565,#3566,#3567));
#919=EDGE_LOOP('',(#3568,#3569,#3570,#3571));
#920=EDGE_LOOP('',(#3572,#3573,#3574,#3575));
#921=EDGE_LOOP('',(#3576,#3577,#3578,#3579));
#922=EDGE_LOOP('',(#3580,#3581,#3582,#3583));
#923=EDGE_LOOP('',(#3584,#3585,#3586,#3587,#3588,#3589,#3590,#3591,#3592,
#3593,#3594,#3595,#3596,#3597,#3598));
#924=EDGE_LOOP('',(#3599,#3600,#3601,#3602));
#925=EDGE_LOOP('',(#3603,#3604,#3605,#3606));
#926=EDGE_LOOP('',(#3607));
#927=EDGE_LOOP('',(#3608));
#928=EDGE_LOOP('',(#3609,#3610,#3611,#3612));
#929=EDGE_LOOP('',(#3613,#3614,#3615,#3616));
#930=EDGE_LOOP('',(#3617,#3618,#3619,#3620));
#931=EDGE_LOOP('',(#3621,#3622,#3623,#3624));
#932=EDGE_LOOP('',(#3625,#3626,#3627,#3628));
#933=EDGE_LOOP('',(#3629,#3630,#3631,#3632));
#934=EDGE_LOOP('',(#3633,#3634,#3635,#3636));
#935=EDGE_LOOP('',(#3637,#3638,#3639,#3640));
#936=EDGE_LOOP('',(#3641,#3642,#3643,#3644));
#937=EDGE_LOOP('',(#3645,#3646,#3647,#3648));
#938=EDGE_LOOP('',(#3649,#3650,#3651,#3652));
#939=EDGE_LOOP('',(#3653,#3654,#3655,#3656));
#940=EDGE_LOOP('',(#3657,#3658,#3659,#3660));
#941=EDGE_LOOP('',(#3661,#3662,#3663,#3664));
#942=EDGE_LOOP('',(#3665,#3666,#3667,#3668));
#943=EDGE_LOOP('',(#3669,#3670,#3671,#3672));
#944=EDGE_LOOP('',(#3673,#3674,#3675,#3676));
#945=EDGE_LOOP('',(#3677,#3678,#3679,#3680));
#946=EDGE_LOOP('',(#3681,#3682,#3683,#3684));
#947=EDGE_LOOP('',(#3685,#3686,#3687,#3688));
#948=EDGE_LOOP('',(#3689,#3690,#3691,#3692));
#949=EDGE_LOOP('',(#3693,#3694,#3695,#3696,#3697,#3698,#3699,#3700,#3701,
#3702,#3703,#3704,#3705,#3706,#3707,#3708,#3709,#3710,#3711,#3712,#3713));
#950=EDGE_LOOP('',(#3714,#3715,#3716,#3717));
#951=EDGE_LOOP('',(#3718,#3719,#3720,#3721));
#952=EDGE_LOOP('',(#3722,#3723,#3724,#3725));
#953=EDGE_LOOP('',(#3726,#3727,#3728,#3729));
#954=EDGE_LOOP('',(#3730,#3731,#3732,#3733));
#955=EDGE_LOOP('',(#3734,#3735,#3736,#3737));
#956=EDGE_LOOP('',(#3738,#3739,#3740,#3741));
#957=EDGE_LOOP('',(#3742,#3743,#3744,#3745));
#958=EDGE_LOOP('',(#3746,#3747,#3748,#3749));
#959=EDGE_LOOP('',(#3750,#3751,#3752,#3753));
#960=EDGE_LOOP('',(#3754,#3755,#3756,#3757));
#961=EDGE_LOOP('',(#3758,#3759,#3760,#3761));
#962=EDGE_LOOP('',(#3762,#3763,#3764,#3765));
#963=EDGE_LOOP('',(#3766,#3767,#3768,#3769));
#964=EDGE_LOOP('',(#3770,#3771,#3772,#3773));
#965=EDGE_LOOP('',(#3774,#3775,#3776,#3777));
#966=EDGE_LOOP('',(#3778,#3779,#3780,#3781));
#967=EDGE_LOOP('',(#3782,#3783,#3784,#3785));
#968=EDGE_LOOP('',(#3786,#3787,#3788,#3789));
#969=EDGE_LOOP('',(#3790,#3791,#3792,#3793));
#970=EDGE_LOOP('',(#3794,#3795,#3796,#3797));
#971=EDGE_LOOP('',(#3798,#3799,#3800,#3801));
#972=EDGE_LOOP('',(#3802,#3803,#3804,#3805));
#973=EDGE_LOOP('',(#3806,#3807,#3808,#3809));
#974=EDGE_LOOP('',(#3810,#3811,#3812,#3813));
#975=EDGE_LOOP('',(#3814,#3815,#3816,#3817));
#976=EDGE_LOOP('',(#3818,#3819,#3820,#3821));
#977=EDGE_LOOP('',(#3822,#3823,#3824,#3825,#3826,#3827,#3828,#3829,#3830,
#3831,#3832,#3833,#3834,#3835,#3836,#3837,#3838,#3839,#3840,#3841,#3842,
#3843));
#978=EDGE_LOOP('',(#3844,#3845,#3846,#3847));
#979=EDGE_LOOP('',(#3848,#3849,#3850,#3851));
#980=EDGE_LOOP('',(#3852,#3853,#3854,#3855));
#981=EDGE_LOOP('',(#3856,#3857,#3858,#3859));
#982=EDGE_LOOP('',(#3860,#3861,#3862,#3863));
#983=EDGE_LOOP('',(#3864,#3865,#3866,#3867));
#984=EDGE_LOOP('',(#3868,#3869,#3870,#3871));
#985=EDGE_LOOP('',(#3872,#3873,#3874,#3875));
#986=EDGE_LOOP('',(#3876,#3877,#3878,#3879));
#987=EDGE_LOOP('',(#3880,#3881,#3882,#3883,#3884,#3885,#3886,#3887,#3888));
#988=EDGE_LOOP('',(#3889,#3890,#3891,#3892));
#989=EDGE_LOOP('',(#3893,#3894,#3895,#3896));
#990=EDGE_LOOP('',(#3897,#3898,#3899,#3900));
#991=EDGE_LOOP('',(#3901,#3902,#3903,#3904));
#992=EDGE_LOOP('',(#3905,#3906,#3907,#3908));
#993=EDGE_LOOP('',(#3909,#3910,#3911,#3912));
#994=EDGE_LOOP('',(#3913,#3914,#3915,#3916));
#995=EDGE_LOOP('',(#3917,#3918,#3919,#3920));
#996=EDGE_LOOP('',(#3921,#3922,#3923,#3924));
#997=EDGE_LOOP('',(#3925,#3926,#3927,#3928,#3929,#3930,#3931,#3932,#3933));
#998=EDGE_LOOP('',(#3934,#3935,#3936,#3937));
#999=EDGE_LOOP('',(#3938,#3939,#3940,#3941));
#1000=EDGE_LOOP('',(#3942,#3943,#3944,#3945));
#1001=EDGE_LOOP('',(#3946,#3947,#3948,#3949));
#1002=EDGE_LOOP('',(#3950,#3951,#3952,#3953));
#1003=EDGE_LOOP('',(#3954,#3955,#3956,#3957));
#1004=EDGE_LOOP('',(#3958,#3959,#3960,#3961));
#1005=EDGE_LOOP('',(#3962,#3963,#3964,#3965));
#1006=EDGE_LOOP('',(#3966,#3967,#3968,#3969));
#1007=EDGE_LOOP('',(#3970,#3971,#3972,#3973));
#1008=EDGE_LOOP('',(#3974,#3975,#3976,#3977));
#1009=EDGE_LOOP('',(#3978,#3979,#3980,#3981));
#1010=EDGE_LOOP('',(#3982,#3983,#3984,#3985));
#1011=EDGE_LOOP('',(#3986,#3987,#3988,#3989));
#1012=EDGE_LOOP('',(#3990,#3991,#3992,#3993));
#1013=EDGE_LOOP('',(#3994,#3995,#3996,#3997));
#1014=EDGE_LOOP('',(#3998,#3999,#4000,#4001));
#1015=EDGE_LOOP('',(#4002,#4003,#4004,#4005));
#1016=EDGE_LOOP('',(#4006,#4007,#4008,#4009));
#1017=EDGE_LOOP('',(#4010,#4011,#4012,#4013));
#1018=EDGE_LOOP('',(#4014,#4015,#4016,#4017));
#1019=EDGE_LOOP('',(#4018,#4019,#4020,#4021));
#1020=EDGE_LOOP('',(#4022,#4023,#4024,#4025));
#1021=EDGE_LOOP('',(#4026,#4027,#4028,#4029));
#1022=EDGE_LOOP('',(#4030,#4031,#4032,#4033));
#1023=EDGE_LOOP('',(#4034,#4035,#4036,#4037));
#1024=EDGE_LOOP('',(#4038,#4039,#4040,#4041));
#1025=EDGE_LOOP('',(#4042,#4043,#4044,#4045));
#1026=EDGE_LOOP('',(#4046,#4047,#4048,#4049));
#1027=EDGE_LOOP('',(#4050,#4051,#4052,#4053));
#1028=EDGE_LOOP('',(#4054,#4055,#4056,#4057,#4058,#4059,#4060,#4061,#4062,
#4063,#4064,#4065,#4066,#4067,#4068,#4069,#4070,#4071,#4072,#4073,#4074,
#4075,#4076,#4077,#4078,#4079,#4080,#4081,#4082,#4083));
#1029=EDGE_LOOP('',(#4084,#4085,#4086,#4087));
#1030=EDGE_LOOP('',(#4088,#4089,#4090,#4091));
#1031=EDGE_LOOP('',(#4092,#4093,#4094,#4095));
#1032=EDGE_LOOP('',(#4096,#4097,#4098,#4099));
#1033=EDGE_LOOP('',(#4100,#4101,#4102,#4103));
#1034=EDGE_LOOP('',(#4104,#4105,#4106,#4107));
#1035=EDGE_LOOP('',(#4108,#4109,#4110,#4111));
#1036=EDGE_LOOP('',(#4112,#4113,#4114,#4115));
#1037=EDGE_LOOP('',(#4116,#4117,#4118,#4119));
#1038=EDGE_LOOP('',(#4120,#4121,#4122,#4123));
#1039=EDGE_LOOP('',(#4124,#4125,#4126,#4127));
#1040=EDGE_LOOP('',(#4128,#4129,#4130,#4131));
#1041=EDGE_LOOP('',(#4132,#4133,#4134,#4135));
#1042=EDGE_LOOP('',(#4136,#4137,#4138,#4139));
#1043=EDGE_LOOP('',(#4140,#4141,#4142,#4143));
#1044=EDGE_LOOP('',(#4144,#4145,#4146,#4147));
#1045=EDGE_LOOP('',(#4148,#4149,#4150,#4151,#4152,#4153,#4154,#4155,#4156,
#4157,#4158,#4159,#4160,#4161,#4162,#4163));
#1046=EDGE_LOOP('',(#4164,#4165,#4166,#4167));
#1047=EDGE_LOOP('',(#4168,#4169,#4170,#4171));
#1048=EDGE_LOOP('',(#4172,#4173,#4174,#4175));
#1049=EDGE_LOOP('',(#4176,#4177,#4178,#4179));
#1050=EDGE_LOOP('',(#4180,#4181,#4182,#4183));
#1051=EDGE_LOOP('',(#4184,#4185,#4186,#4187));
#1052=EDGE_LOOP('',(#4188,#4189,#4190,#4191));
#1053=EDGE_LOOP('',(#4192,#4193,#4194,#4195));
#1054=EDGE_LOOP('',(#4196,#4197,#4198,#4199));
#1055=EDGE_LOOP('',(#4200,#4201,#4202,#4203));
#1056=EDGE_LOOP('',(#4204,#4205,#4206,#4207));
#1057=EDGE_LOOP('',(#4208,#4209,#4210,#4211));
#1058=EDGE_LOOP('',(#4212,#4213,#4214,#4215));
#1059=EDGE_LOOP('',(#4216,#4217,#4218,#4219));
#1060=EDGE_LOOP('',(#4220,#4221,#4222,#4223));
#1061=EDGE_LOOP('',(#4224,#4225,#4226,#4227));
#1062=EDGE_LOOP('',(#4228,#4229,#4230,#4231));
#1063=EDGE_LOOP('',(#4232,#4233,#4234,#4235));
#1064=EDGE_LOOP('',(#4236,#4237,#4238,#4239));
#1065=EDGE_LOOP('',(#4240,#4241,#4242,#4243));
#1066=EDGE_LOOP('',(#4244,#4245,#4246,#4247));
#1067=EDGE_LOOP('',(#4248,#4249,#4250,#4251));
#1068=EDGE_LOOP('',(#4252,#4253,#4254,#4255,#4256,#4257,#4258,#4259,#4260,
#4261,#4262,#4263,#4264,#4265,#4266,#4267,#4268,#4269,#4270,#4271,#4272,
#4273));
#1069=EDGE_LOOP('',(#4274,#4275,#4276,#4277));
#1070=EDGE_LOOP('',(#4278,#4279,#4280,#4281));
#1071=EDGE_LOOP('',(#4282,#4283,#4284,#4285));
#1072=EDGE_LOOP('',(#4286,#4287,#4288,#4289));
#1073=EDGE_LOOP('',(#4290,#4291,#4292,#4293));
#1074=EDGE_LOOP('',(#4294,#4295,#4296,#4297));
#1075=EDGE_LOOP('',(#4298,#4299,#4300,#4301));
#1076=EDGE_LOOP('',(#4302,#4303,#4304,#4305));
#1077=EDGE_LOOP('',(#4306,#4307,#4308,#4309));
#1078=EDGE_LOOP('',(#4310,#4311,#4312,#4313));
#1079=EDGE_LOOP('',(#4314,#4315,#4316,#4317));
#1080=EDGE_LOOP('',(#4318,#4319,#4320,#4321));
#1081=EDGE_LOOP('',(#4322,#4323,#4324,#4325));
#1082=EDGE_LOOP('',(#4326,#4327,#4328,#4329));
#1083=EDGE_LOOP('',(#4330,#4331,#4332,#4333));
#1084=EDGE_LOOP('',(#4334,#4335,#4336,#4337));
#1085=EDGE_LOOP('',(#4338,#4339,#4340,#4341));
#1086=EDGE_LOOP('',(#4342,#4343,#4344,#4345));
#1087=EDGE_LOOP('',(#4346,#4347,#4348,#4349));
#1088=EDGE_LOOP('',(#4350,#4351,#4352,#4353));
#1089=EDGE_LOOP('',(#4354,#4355,#4356,#4357));
#1090=EDGE_LOOP('',(#4358,#4359,#4360,#4361));
#1091=EDGE_LOOP('',(#4362,#4363,#4364,#4365));
#1092=EDGE_LOOP('',(#4366,#4367,#4368,#4369));
#1093=EDGE_LOOP('',(#4370,#4371,#4372,#4373));
#1094=EDGE_LOOP('',(#4374,#4375,#4376,#4377));
#1095=EDGE_LOOP('',(#4378,#4379,#4380,#4381));
#1096=EDGE_LOOP('',(#4382,#4383,#4384,#4385));
#1097=EDGE_LOOP('',(#4386,#4387,#4388,#4389));
#1098=EDGE_LOOP('',(#4390,#4391,#4392,#4393));
#1099=EDGE_LOOP('',(#4394,#4395,#4396,#4397,#4398,#4399,#4400,#4401,#4402,
#4403,#4404,#4405,#4406,#4407,#4408,#4409,#4410,#4411,#4412,#4413,#4414,
#4415,#4416,#4417,#4418,#4419,#4420,#4421,#4422,#4423));
#1100=EDGE_LOOP('',(#4424,#4425,#4426,#4427));
#1101=EDGE_LOOP('',(#4428,#4429,#4430,#4431));
#1102=EDGE_LOOP('',(#4432,#4433,#4434,#4435));
#1103=EDGE_LOOP('',(#4436,#4437,#4438,#4439));
#1104=EDGE_LOOP('',(#4440,#4441,#4442,#4443));
#1105=EDGE_LOOP('',(#4444,#4445,#4446,#4447));
#1106=EDGE_LOOP('',(#4448,#4449,#4450,#4451));
#1107=EDGE_LOOP('',(#4452,#4453,#4454,#4455));
#1108=EDGE_LOOP('',(#4456,#4457,#4458,#4459));
#1109=EDGE_LOOP('',(#4460,#4461,#4462,#4463));
#1110=EDGE_LOOP('',(#4464,#4465,#4466,#4467));
#1111=EDGE_LOOP('',(#4468,#4469,#4470,#4471));
#1112=EDGE_LOOP('',(#4472,#4473,#4474,#4475));
#1113=EDGE_LOOP('',(#4476,#4477,#4478,#4479));
#1114=EDGE_LOOP('',(#4480,#4481,#4482,#4483));
#1115=EDGE_LOOP('',(#4484,#4485,#4486,#4487));
#1116=EDGE_LOOP('',(#4488,#4489,#4490,#4491));
#1117=EDGE_LOOP('',(#4492,#4493,#4494,#4495));
#1118=EDGE_LOOP('',(#4496,#4497,#4498,#4499));
#1119=EDGE_LOOP('',(#4500,#4501,#4502,#4503));
#1120=EDGE_LOOP('',(#4504,#4505,#4506,#4507));
#1121=EDGE_LOOP('',(#4508,#4509,#4510,#4511));
#1122=EDGE_LOOP('',(#4512,#4513,#4514,#4515,#4516,#4517,#4518,#4519,#4520,
#4521,#4522,#4523,#4524,#4525,#4526,#4527,#4528,#4529,#4530,#4531,#4532,
#4533));
#1123=EDGE_LOOP('',(#4534,#4535,#4536,#4537));
#1124=EDGE_LOOP('',(#4538,#4539,#4540,#4541));
#1125=EDGE_LOOP('',(#4542,#4543,#4544,#4545));
#1126=EDGE_LOOP('',(#4546,#4547,#4548,#4549));
#1127=EDGE_LOOP('',(#4550,#4551,#4552,#4553));
#1128=EDGE_LOOP('',(#4554,#4555,#4556,#4557));
#1129=EDGE_LOOP('',(#4558,#4559,#4560,#4561));
#1130=EDGE_LOOP('',(#4562,#4563,#4564,#4565));
#1131=EDGE_LOOP('',(#4566,#4567,#4568,#4569));
#1132=EDGE_LOOP('',(#4570,#4571,#4572,#4573,#4574,#4575,#4576,#4577,#4578));
#1133=EDGE_LOOP('',(#4579,#4580,#4581,#4582));
#1134=EDGE_LOOP('',(#4583,#4584,#4585,#4586));
#1135=EDGE_LOOP('',(#4587,#4588,#4589,#4590));
#1136=EDGE_LOOP('',(#4591,#4592,#4593,#4594));
#1137=EDGE_LOOP('',(#4595,#4596,#4597,#4598));
#1138=EDGE_LOOP('',(#4599,#4600,#4601,#4602));
#1139=EDGE_LOOP('',(#4603,#4604,#4605,#4606));
#1140=EDGE_LOOP('',(#4607,#4608,#4609,#4610));
#1141=EDGE_LOOP('',(#4611,#4612,#4613,#4614));
#1142=EDGE_LOOP('',(#4615,#4616,#4617,#4618));
#1143=EDGE_LOOP('',(#4619,#4620,#4621,#4622));
#1144=EDGE_LOOP('',(#4623,#4624,#4625,#4626));
#1145=EDGE_LOOP('',(#4627,#4628,#4629,#4630,#4631,#4632,#4633,#4634,#4635,
#4636,#4637,#4638));
#1146=EDGE_LOOP('',(#4639));
#1147=EDGE_LOOP('',(#4640,#4641,#4642,#4643,#4644,#4645,#4646,#4647,#4648,
#4649,#4650,#4651,#4652,#4653,#4654));
#1148=LINE('',#5756,#1535);
#1149=LINE('',#5758,#1536);
#1150=LINE('',#5760,#1537);
#1151=LINE('',#5762,#1538);
#1152=LINE('',#5763,#1539);
#1153=LINE('',#5767,#1540);
#1154=LINE('',#5769,#1541);
#1155=LINE('',#5770,#1542);
#1156=LINE('',#5772,#1543);
#1157=LINE('',#5773,#1544);
#1158=LINE('',#5777,#1545);
#1159=LINE('',#5779,#1546);
#1160=LINE('',#5780,#1547);
#1161=LINE('',#5782,#1548);
#1162=LINE('',#5783,#1549);
#1163=LINE('',#5787,#1550);
#1164=LINE('',#5789,#1551);
#1165=LINE('',#5790,#1552);
#1166=LINE('',#5794,#1553);
#1167=LINE('',#5796,#1554);
#1168=LINE('',#5797,#1555);
#1169=LINE('',#5799,#1556);
#1170=LINE('',#5800,#1557);
#1171=LINE('',#5804,#1558);
#1172=LINE('',#5806,#1559);
#1173=LINE('',#5807,#1560);
#1174=LINE('',#5809,#1561);
#1175=LINE('',#5810,#1562);
#1176=LINE('',#5814,#1563);
#1177=LINE('',#5816,#1564);
#1178=LINE('',#5817,#1565);
#1179=LINE('',#5819,#1566);
#1180=LINE('',#5820,#1567);
#1181=LINE('',#5822,#1568);
#1182=LINE('',#5823,#1569);
#1183=LINE('',#5827,#1570);
#1184=LINE('',#5829,#1571);
#1185=LINE('',#5830,#1572);
#1186=LINE('',#5832,#1573);
#1187=LINE('',#5833,#1574);
#1188=LINE('',#5837,#1575);
#1189=LINE('',#5839,#1576);
#1190=LINE('',#5840,#1577);
#1191=LINE('',#5842,#1578);
#1192=LINE('',#5843,#1579);
#1193=LINE('',#5845,#1580);
#1194=LINE('',#5846,#1581);
#1195=LINE('',#5850,#1582);
#1196=LINE('',#5852,#1583);
#1197=LINE('',#5853,#1584);
#1198=LINE('',#5857,#1585);
#1199=LINE('',#5859,#1586);
#1200=LINE('',#5860,#1587);
#1201=LINE('',#5864,#1588);
#1202=LINE('',#5866,#1589);
#1203=LINE('',#5868,#1590);
#1204=LINE('',#5870,#1591);
#1205=LINE('',#5871,#1592);
#1206=LINE('',#5873,#1593);
#1207=LINE('',#5874,#1594);
#1208=LINE('',#5876,#1595);
#1209=LINE('',#5877,#1596);
#1210=LINE('',#5879,#1597);
#1211=LINE('',#5880,#1598);
#1212=LINE('',#5882,#1599);
#1213=LINE('',#5883,#1600);
#1214=LINE('',#5885,#1601);
#1215=LINE('',#5886,#1602);
#1216=LINE('',#5888,#1603);
#1217=LINE('',#5889,#1604);
#1218=LINE('',#5891,#1605);
#1219=LINE('',#5892,#1606);
#1220=LINE('',#5894,#1607);
#1221=LINE('',#5895,#1608);
#1222=LINE('',#5897,#1609);
#1223=LINE('',#5898,#1610);
#1224=LINE('',#5900,#1611);
#1225=LINE('',#5901,#1612);
#1226=LINE('',#5903,#1613);
#1227=LINE('',#5904,#1614);
#1228=LINE('',#5920,#1615);
#1229=LINE('',#5954,#1616);
#1230=LINE('',#5956,#1617);
#1231=LINE('',#5958,#1618);
#1232=LINE('',#5960,#1619);
#1233=LINE('',#5962,#1620);
#1234=LINE('',#5964,#1621);
#1235=LINE('',#5995,#1622);
#1236=LINE('',#6025,#1623);
#1237=LINE('',#6055,#1624);
#1238=LINE('',#6106,#1625);
#1239=LINE('',#6108,#1626);
#1240=LINE('',#6110,#1627);
#1241=LINE('',#6148,#1628);
#1242=LINE('',#6183,#1629);
#1243=LINE('',#6185,#1630);
#1244=LINE('',#6187,#1631);
#1245=LINE('',#6189,#1632);
#1246=LINE('',#6199,#1633);
#1247=LINE('',#6324,#1634);
#1248=LINE('',#6326,#1635);
#1249=LINE('',#6328,#1636);
#1250=LINE('',#6330,#1637);
#1251=LINE('',#6340,#1638);
#1252=LINE('',#6354,#1639);
#1253=LINE('',#6356,#1640);
#1254=LINE('',#6358,#1641);
#1255=LINE('',#6396,#1642);
#1256=LINE('',#6439,#1643);
#1257=LINE('',#6469,#1644);
#1258=LINE('',#6499,#1645);
#1259=LINE('',#6545,#1646);
#1260=LINE('',#6547,#1647);
#1261=LINE('',#6549,#1648);
#1262=LINE('',#6551,#1649);
#1263=LINE('',#6561,#1650);
#1264=LINE('',#6571,#1651);
#1265=LINE('',#6573,#1652);
#1266=LINE('',#6575,#1653);
#1267=LINE('',#6576,#1654);
#1268=LINE('',#6587,#1655);
#1269=LINE('',#6629,#1656);
#1270=LINE('',#6669,#1657);
#1271=LINE('',#6674,#1658);
#1272=LINE('',#6689,#1659);
#1273=LINE('',#6704,#1660);
#1274=LINE('',#6719,#1661);
#1275=LINE('',#6734,#1662);
#1276=LINE('',#6749,#1663);
#1277=LINE('',#6764,#1664);
#1278=LINE('',#6779,#1665);
#1279=LINE('',#6794,#1666);
#1280=LINE('',#6809,#1667);
#1281=LINE('',#6824,#1668);
#1282=LINE('',#6839,#1669);
#1283=LINE('',#6854,#1670);
#1284=LINE('',#6869,#1671);
#1285=LINE('',#6887,#1672);
#1286=LINE('',#6891,#1673);
#1287=LINE('',#6901,#1674);
#1288=LINE('',#6906,#1675);
#1289=LINE('',#6914,#1676);
#1290=LINE('',#6925,#1677);
#1291=LINE('',#6936,#1678);
#1292=LINE('',#6947,#1679);
#1293=LINE('',#6958,#1680);
#1294=LINE('',#6969,#1681);
#1295=LINE('',#6980,#1682);
#1296=LINE('',#6986,#1683);
#1297=LINE('',#6987,#1684);
#1298=LINE('',#6995,#1685);
#1299=LINE('',#7006,#1686);
#1300=LINE('',#7017,#1687);
#1301=LINE('',#7028,#1688);
#1302=LINE('',#7039,#1689);
#1303=LINE('',#7050,#1690);
#1304=LINE('',#7061,#1691);
#1305=LINE('',#7072,#1692);
#1306=LINE('',#7083,#1693);
#1307=LINE('',#7094,#1694);
#1308=LINE('',#7100,#1695);
#1309=LINE('',#7101,#1696);
#1310=LINE('',#7114,#1697);
#1311=LINE('',#7116,#1698);
#1312=LINE('',#7117,#1699);
#1313=LINE('',#7120,#1700);
#1314=LINE('',#7121,#1701);
#1315=LINE('',#7124,#1702);
#1316=LINE('',#7125,#1703);
#1317=LINE('',#7127,#1704);
#1318=LINE('',#7136,#1705);
#1319=LINE('',#7141,#1706);
#1320=LINE('',#7149,#1707);
#1321=LINE('',#7160,#1708);
#1322=LINE('',#7171,#1709);
#1323=LINE('',#7182,#1710);
#1324=LINE('',#7193,#1711);
#1325=LINE('',#7204,#1712);
#1326=LINE('',#7215,#1713);
#1327=LINE('',#7221,#1714);
#1328=LINE('',#7222,#1715);
#1329=LINE('',#7230,#1716);
#1330=LINE('',#7241,#1717);
#1331=LINE('',#7252,#1718);
#1332=LINE('',#7263,#1719);
#1333=LINE('',#7274,#1720);
#1334=LINE('',#7285,#1721);
#1335=LINE('',#7296,#1722);
#1336=LINE('',#7307,#1723);
#1337=LINE('',#7318,#1724);
#1338=LINE('',#7324,#1725);
#1339=LINE('',#7325,#1726);
#1340=LINE('',#7328,#1727);
#1341=LINE('',#7329,#1728);
#1342=LINE('',#7332,#1729);
#1343=LINE('',#7333,#1730);
#1344=LINE('',#7351,#1731);
#1345=LINE('',#7356,#1732);
#1346=LINE('',#7364,#1733);
#1347=LINE('',#7370,#1734);
#1348=LINE('',#7371,#1735);
#1349=LINE('',#7379,#1736);
#1350=LINE('',#7390,#1737);
#1351=LINE('',#7396,#1738);
#1352=LINE('',#7397,#1739);
#1353=LINE('',#7400,#1740);
#1354=LINE('',#7401,#1741);
#1355=LINE('',#7404,#1742);
#1356=LINE('',#7405,#1743);
#1357=LINE('',#7407,#1744);
#1358=LINE('',#7416,#1745);
#1359=LINE('',#7421,#1746);
#1360=LINE('',#7429,#1747);
#1361=LINE('',#7435,#1748);
#1362=LINE('',#7436,#1749);
#1363=LINE('',#7444,#1750);
#1364=LINE('',#7455,#1751);
#1365=LINE('',#7461,#1752);
#1366=LINE('',#7462,#1753);
#1367=LINE('',#7465,#1754);
#1368=LINE('',#7466,#1755);
#1369=LINE('',#7469,#1756);
#1370=LINE('',#7470,#1757);
#1371=LINE('',#7472,#1758);
#1372=LINE('',#7481,#1759);
#1373=LINE('',#7486,#1760);
#1374=LINE('',#7494,#1761);
#1375=LINE('',#7505,#1762);
#1376=LINE('',#7516,#1763);
#1377=LINE('',#7527,#1764);
#1378=LINE('',#7538,#1765);
#1379=LINE('',#7549,#1766);
#1380=LINE('',#7560,#1767);
#1381=LINE('',#7571,#1768);
#1382=LINE('',#7582,#1769);
#1383=LINE('',#7593,#1770);
#1384=LINE('',#7599,#1771);
#1385=LINE('',#7600,#1772);
#1386=LINE('',#7608,#1773);
#1387=LINE('',#7619,#1774);
#1388=LINE('',#7630,#1775);
#1389=LINE('',#7641,#1776);
#1390=LINE('',#7652,#1777);
#1391=LINE('',#7663,#1778);
#1392=LINE('',#7674,#1779);
#1393=LINE('',#7680,#1780);
#1394=LINE('',#7681,#1781);
#1395=LINE('',#7689,#1782);
#1396=LINE('',#7700,#1783);
#1397=LINE('',#7711,#1784);
#1398=LINE('',#7722,#1785);
#1399=LINE('',#7733,#1786);
#1400=LINE('',#7744,#1787);
#1401=LINE('',#7755,#1788);
#1402=LINE('',#7761,#1789);
#1403=LINE('',#7762,#1790);
#1404=LINE('',#7770,#1791);
#1405=LINE('',#7791,#1792);
#1406=LINE('',#7796,#1793);
#1407=LINE('',#7804,#1794);
#1408=LINE('',#7815,#1795);
#1409=LINE('',#7826,#1796);
#1410=LINE('',#7837,#1797);
#1411=LINE('',#7848,#1798);
#1412=LINE('',#7859,#1799);
#1413=LINE('',#7870,#1800);
#1414=LINE('',#7881,#1801);
#1415=LINE('',#7892,#1802);
#1416=LINE('',#7903,#1803);
#1417=LINE('',#7914,#1804);
#1418=LINE('',#7925,#1805);
#1419=LINE('',#7936,#1806);
#1420=LINE('',#7947,#1807);
#1421=LINE('',#7968,#1808);
#1422=LINE('',#7973,#1809);
#1423=LINE('',#7981,#1810);
#1424=LINE('',#7992,#1811);
#1425=LINE('',#8003,#1812);
#1426=LINE('',#8014,#1813);
#1427=LINE('',#8020,#1814);
#1428=LINE('',#8021,#1815);
#1429=LINE('',#8024,#1816);
#1430=LINE('',#8025,#1817);
#1431=LINE('',#8028,#1818);
#1432=LINE('',#8029,#1819);
#1433=LINE('',#8032,#1820);
#1434=LINE('',#8033,#1821);
#1435=LINE('',#8036,#1822);
#1436=LINE('',#8037,#1823);
#1437=LINE('',#8040,#1824);
#1438=LINE('',#8041,#1825);
#1439=LINE('',#8049,#1826);
#1440=LINE('',#8060,#1827);
#1441=LINE('',#8071,#1828);
#1442=LINE('',#8082,#1829);
#1443=LINE('',#8093,#1830);
#1444=LINE('',#8104,#1831);
#1445=LINE('',#8115,#1832);
#1446=LINE('',#8126,#1833);
#1447=LINE('',#8132,#1834);
#1448=LINE('',#8133,#1835);
#1449=LINE('',#8141,#1836);
#1450=LINE('',#8162,#1837);
#1451=LINE('',#8167,#1838);
#1452=LINE('',#8175,#1839);
#1453=LINE('',#8186,#1840);
#1454=LINE('',#8197,#1841);
#1455=LINE('',#8208,#1842);
#1456=LINE('',#8219,#1843);
#1457=LINE('',#8230,#1844);
#1458=LINE('',#8241,#1845);
#1459=LINE('',#8252,#1846);
#1460=LINE('',#8263,#1847);
#1461=LINE('',#8274,#1848);
#1462=LINE('',#8280,#1849);
#1463=LINE('',#8281,#1850);
#1464=LINE('',#8289,#1851);
#1465=LINE('',#8300,#1852);
#1466=LINE('',#8311,#1853);
#1467=LINE('',#8322,#1854);
#1468=LINE('',#8333,#1855);
#1469=LINE('',#8344,#1856);
#1470=LINE('',#8355,#1857);
#1471=LINE('',#8361,#1858);
#1472=LINE('',#8362,#1859);
#1473=LINE('',#8370,#1860);
#1474=LINE('',#8381,#1861);
#1475=LINE('',#8392,#1862);
#1476=LINE('',#8403,#1863);
#1477=LINE('',#8414,#1864);
#1478=LINE('',#8425,#1865);
#1479=LINE('',#8436,#1866);
#1480=LINE('',#8442,#1867);
#1481=LINE('',#8443,#1868);
#1482=LINE('',#8451,#1869);
#1483=LINE('',#8472,#1870);
#1484=LINE('',#8477,#1871);
#1485=LINE('',#8485,#1872);
#1486=LINE('',#8496,#1873);
#1487=LINE('',#8507,#1874);
#1488=LINE('',#8518,#1875);
#1489=LINE('',#8529,#1876);
#1490=LINE('',#8540,#1877);
#1491=LINE('',#8551,#1878);
#1492=LINE('',#8557,#1879);
#1493=LINE('',#8558,#1880);
#1494=LINE('',#8566,#1881);
#1495=LINE('',#8577,#1882);
#1496=LINE('',#8588,#1883);
#1497=LINE('',#8599,#1884);
#1498=LINE('',#8610,#1885);
#1499=LINE('',#8621,#1886);
#1500=LINE('',#8632,#1887);
#1501=LINE('',#8643,#1888);
#1502=LINE('',#8654,#1889);
#1503=LINE('',#8660,#1890);
#1504=LINE('',#8661,#1891);
#1505=LINE('',#8664,#1892);
#1506=LINE('',#8665,#1893);
#1507=LINE('',#8668,#1894);
#1508=LINE('',#8669,#1895);
#1509=LINE('',#8687,#1896);
#1510=LINE('',#8692,#1897);
#1511=LINE('',#8700,#1898);
#1512=LINE('',#8706,#1899);
#1513=LINE('',#8707,#1900);
#1514=LINE('',#8715,#1901);
#1515=LINE('',#8726,#1902);
#1516=LINE('',#8732,#1903);
#1517=LINE('',#8733,#1904);
#1518=LINE('',#8736,#1905);
#1519=LINE('',#8737,#1906);
#1520=LINE('',#8740,#1907);
#1521=LINE('',#8741,#1908);
#1522=LINE('',#8743,#1909);
#1523=LINE('',#8752,#1910);
#1524=LINE('',#8757,#1911);
#1525=LINE('',#8765,#1912);
#1526=LINE('',#8776,#1913);
#1527=LINE('',#8787,#1914);
#1528=LINE('',#8798,#1915);
#1529=LINE('',#8809,#1916);
#1530=LINE('',#8820,#1917);
#1531=LINE('',#8831,#1918);
#1532=LINE('',#8842,#1919);
#1533=LINE('',#8853,#1920);
#1534=LINE('',#8864,#1921);
#1535=VECTOR('',#5157,10.);
#1536=VECTOR('',#5158,10.);
#1537=VECTOR('',#5159,10.);
#1538=VECTOR('',#5160,10.);
#1539=VECTOR('',#5161,10.);
#1540=VECTOR('',#5164,10.);
#1541=VECTOR('',#5165,10.);
#1542=VECTOR('',#5166,10.);
#1543=VECTOR('',#5169,10.);
#1544=VECTOR('',#5170,10.);
#1545=VECTOR('',#5173,10.);
#1546=VECTOR('',#5174,10.);
#1547=VECTOR('',#5175,10.);
#1548=VECTOR('',#5178,10.);
#1549=VECTOR('',#5179,10.);
#1550=VECTOR('',#5182,10.);
#1551=VECTOR('',#5183,10.);
#1552=VECTOR('',#5184,10.);
#1553=VECTOR('',#5187,10.);
#1554=VECTOR('',#5188,10.);
#1555=VECTOR('',#5189,10.);
#1556=VECTOR('',#5192,10.);
#1557=VECTOR('',#5193,10.);
#1558=VECTOR('',#5196,10.);
#1559=VECTOR('',#5197,10.);
#1560=VECTOR('',#5198,10.);
#1561=VECTOR('',#5201,10.);
#1562=VECTOR('',#5202,10.);
#1563=VECTOR('',#5205,10.);
#1564=VECTOR('',#5206,10.);
#1565=VECTOR('',#5207,10.);
#1566=VECTOR('',#5210,10.);
#1567=VECTOR('',#5211,10.);
#1568=VECTOR('',#5214,10.);
#1569=VECTOR('',#5215,10.);
#1570=VECTOR('',#5218,10.);
#1571=VECTOR('',#5219,10.);
#1572=VECTOR('',#5220,10.);
#1573=VECTOR('',#5223,10.);
#1574=VECTOR('',#5224,10.);
#1575=VECTOR('',#5227,10.);
#1576=VECTOR('',#5228,10.);
#1577=VECTOR('',#5229,10.);
#1578=VECTOR('',#5232,10.);
#1579=VECTOR('',#5233,10.);
#1580=VECTOR('',#5236,10.);
#1581=VECTOR('',#5237,10.);
#1582=VECTOR('',#5240,10.);
#1583=VECTOR('',#5241,10.);
#1584=VECTOR('',#5242,10.);
#1585=VECTOR('',#5245,10.);
#1586=VECTOR('',#5246,10.);
#1587=VECTOR('',#5247,10.);
#1588=VECTOR('',#5250,10.);
#1589=VECTOR('',#5251,10.);
#1590=VECTOR('',#5252,10.);
#1591=VECTOR('',#5253,10.);
#1592=VECTOR('',#5254,10.);
#1593=VECTOR('',#5257,10.);
#1594=VECTOR('',#5258,10.);
#1595=VECTOR('',#5261,10.);
#1596=VECTOR('',#5262,10.);
#1597=VECTOR('',#5265,10.);
#1598=VECTOR('',#5266,10.);
#1599=VECTOR('',#5269,10.);
#1600=VECTOR('',#5270,10.);
#1601=VECTOR('',#5273,10.);
#1602=VECTOR('',#5274,10.);
#1603=VECTOR('',#5277,10.);
#1604=VECTOR('',#5278,10.);
#1605=VECTOR('',#5281,10.);
#1606=VECTOR('',#5282,10.);
#1607=VECTOR('',#5285,10.);
#1608=VECTOR('',#5286,10.);
#1609=VECTOR('',#5289,10.);
#1610=VECTOR('',#5290,10.);
#1611=VECTOR('',#5293,10.);
#1612=VECTOR('',#5294,10.);
#1613=VECTOR('',#5297,10.);
#1614=VECTOR('',#5298,10.);
#1615=VECTOR('',#5301,10.);
#1616=VECTOR('',#5302,10.);
#1617=VECTOR('',#5303,10.);
#1618=VECTOR('',#5304,10.);
#1619=VECTOR('',#5305,10.);
#1620=VECTOR('',#5306,10.);
#1621=VECTOR('',#5307,10.);
#1622=VECTOR('',#5310,10.);
#1623=VECTOR('',#5311,10.);
#1624=VECTOR('',#5312,10.);
#1625=VECTOR('',#5315,10.);
#1626=VECTOR('',#5316,10.);
#1627=VECTOR('',#5317,10.);
#1628=VECTOR('',#5318,10.);
#1629=VECTOR('',#5321,10.);
#1630=VECTOR('',#5322,10.);
#1631=VECTOR('',#5323,10.);
#1632=VECTOR('',#5324,10.);
#1633=VECTOR('',#5325,10.);
#1634=VECTOR('',#5332,10.);
#1635=VECTOR('',#5333,10.);
#1636=VECTOR('',#5334,10.);
#1637=VECTOR('',#5335,10.);
#1638=VECTOR('',#5336,10.);
#1639=VECTOR('',#5337,10.);
#1640=VECTOR('',#5338,10.);
#1641=VECTOR('',#5339,10.);
#1642=VECTOR('',#5340,10.);
#1643=VECTOR('',#5343,10.);
#1644=VECTOR('',#5344,10.);
#1645=VECTOR('',#5345,10.);
#1646=VECTOR('',#5346,10.);
#1647=VECTOR('',#5347,10.);
#1648=VECTOR('',#5348,10.);
#1649=VECTOR('',#5349,10.);
#1650=VECTOR('',#5350,10.);
#1651=VECTOR('',#5357,10.);
#1652=VECTOR('',#5358,10.);
#1653=VECTOR('',#5359,10.);
#1654=VECTOR('',#5360,10.);
#1655=VECTOR('',#5361,10.);
#1656=VECTOR('',#5362,10.);
#1657=VECTOR('',#5363,10.);
#1658=VECTOR('',#5364,10.);
#1659=VECTOR('',#5365,10.);
#1660=VECTOR('',#5366,10.);
#1661=VECTOR('',#5367,10.);
#1662=VECTOR('',#5368,10.);
#1663=VECTOR('',#5369,10.);
#1664=VECTOR('',#5370,10.);
#1665=VECTOR('',#5371,10.);
#1666=VECTOR('',#5372,10.);
#1667=VECTOR('',#5373,10.);
#1668=VECTOR('',#5374,10.);
#1669=VECTOR('',#5375,10.);
#1670=VECTOR('',#5376,10.);
#1671=VECTOR('',#5377,10.);
#1672=VECTOR('',#5384,4.896);
#1673=VECTOR('',#5389,5.616);
#1674=VECTOR('',#5394,10.);
#1675=VECTOR('',#5395,10.);
#1676=VECTOR('',#5396,10.);
#1677=VECTOR('',#5397,10.);
#1678=VECTOR('',#5398,10.);
#1679=VECTOR('',#5399,10.);
#1680=VECTOR('',#5400,10.);
#1681=VECTOR('',#5401,10.);
#1682=VECTOR('',#5402,10.);
#1683=VECTOR('',#5405,10.);
#1684=VECTOR('',#5406,10.);
#1685=VECTOR('',#5407,10.);
#1686=VECTOR('',#5408,10.);
#1687=VECTOR('',#5409,10.);
#1688=VECTOR('',#5410,10.);
#1689=VECTOR('',#5411,10.);
#1690=VECTOR('',#5412,10.);
#1691=VECTOR('',#5413,10.);
#1692=VECTOR('',#5414,10.);
#1693=VECTOR('',#5415,10.);
#1694=VECTOR('',#5416,10.);
#1695=VECTOR('',#5419,10.);
#1696=VECTOR('',#5420,10.);
#1697=VECTOR('',#5425,10.);
#1698=VECTOR('',#5426,10.);
#1699=VECTOR('',#5427,10.);
#1700=VECTOR('',#5430,10.);
#1701=VECTOR('',#5431,10.);
#1702=VECTOR('',#5434,10.);
#1703=VECTOR('',#5435,10.);
#1704=VECTOR('',#5438,10.);
#1705=VECTOR('',#5441,10.);
#1706=VECTOR('',#5442,10.);
#1707=VECTOR('',#5443,10.);
#1708=VECTOR('',#5444,10.);
#1709=VECTOR('',#5445,10.);
#1710=VECTOR('',#5446,10.);
#1711=VECTOR('',#5447,10.);
#1712=VECTOR('',#5448,10.);
#1713=VECTOR('',#5449,10.);
#1714=VECTOR('',#5452,10.);
#1715=VECTOR('',#5453,10.);
#1716=VECTOR('',#5454,10.);
#1717=VECTOR('',#5455,10.);
#1718=VECTOR('',#5456,10.);
#1719=VECTOR('',#5457,10.);
#1720=VECTOR('',#5458,10.);
#1721=VECTOR('',#5459,10.);
#1722=VECTOR('',#5460,10.);
#1723=VECTOR('',#5461,10.);
#1724=VECTOR('',#5462,10.);
#1725=VECTOR('',#5465,10.);
#1726=VECTOR('',#5466,10.);
#1727=VECTOR('',#5469,10.);
#1728=VECTOR('',#5470,10.);
#1729=VECTOR('',#5473,10.);
#1730=VECTOR('',#5474,10.);
#1731=VECTOR('',#5477,10.);
#1732=VECTOR('',#5478,10.);
#1733=VECTOR('',#5479,10.);
#1734=VECTOR('',#5482,10.);
#1735=VECTOR('',#5483,10.);
#1736=VECTOR('',#5484,10.);
#1737=VECTOR('',#5485,10.);
#1738=VECTOR('',#5488,10.);
#1739=VECTOR('',#5489,10.);
#1740=VECTOR('',#5492,10.);
#1741=VECTOR('',#5493,10.);
#1742=VECTOR('',#5496,10.);
#1743=VECTOR('',#5497,10.);
#1744=VECTOR('',#5500,10.);
#1745=VECTOR('',#5503,10.);
#1746=VECTOR('',#5504,10.);
#1747=VECTOR('',#5505,10.);
#1748=VECTOR('',#5508,10.);
#1749=VECTOR('',#5509,10.);
#1750=VECTOR('',#5510,10.);
#1751=VECTOR('',#5511,10.);
#1752=VECTOR('',#5514,10.);
#1753=VECTOR('',#5515,10.);
#1754=VECTOR('',#5518,10.);
#1755=VECTOR('',#5519,10.);
#1756=VECTOR('',#5522,10.);
#1757=VECTOR('',#5523,10.);
#1758=VECTOR('',#5526,10.);
#1759=VECTOR('',#5529,10.);
#1760=VECTOR('',#5530,10.);
#1761=VECTOR('',#5531,10.);
#1762=VECTOR('',#5532,10.);
#1763=VECTOR('',#5533,10.);
#1764=VECTOR('',#5534,10.);
#1765=VECTOR('',#5535,10.);
#1766=VECTOR('',#5536,10.);
#1767=VECTOR('',#5537,10.);
#1768=VECTOR('',#5538,10.);
#1769=VECTOR('',#5539,10.);
#1770=VECTOR('',#5540,10.);
#1771=VECTOR('',#5543,10.);
#1772=VECTOR('',#5544,10.);
#1773=VECTOR('',#5545,10.);
#1774=VECTOR('',#5546,10.);
#1775=VECTOR('',#5547,10.);
#1776=VECTOR('',#5548,10.);
#1777=VECTOR('',#5549,10.);
#1778=VECTOR('',#5550,10.);
#1779=VECTOR('',#5551,10.);
#1780=VECTOR('',#5554,10.);
#1781=VECTOR('',#5555,10.);
#1782=VECTOR('',#5556,10.);
#1783=VECTOR('',#5557,10.);
#1784=VECTOR('',#5558,10.);
#1785=VECTOR('',#5559,10.);
#1786=VECTOR('',#5560,10.);
#1787=VECTOR('',#5561,10.);
#1788=VECTOR('',#5562,10.);
#1789=VECTOR('',#5565,10.);
#1790=VECTOR('',#5566,10.);
#1791=VECTOR('',#5567,10.);
#1792=VECTOR('',#5570,10.);
#1793=VECTOR('',#5571,10.);
#1794=VECTOR('',#5572,10.);
#1795=VECTOR('',#5573,10.);
#1796=VECTOR('',#5574,10.);
#1797=VECTOR('',#5575,10.);
#1798=VECTOR('',#5576,10.);
#1799=VECTOR('',#5577,10.);
#1800=VECTOR('',#5578,10.);
#1801=VECTOR('',#5579,10.);
#1802=VECTOR('',#5580,10.);
#1803=VECTOR('',#5581,10.);
#1804=VECTOR('',#5582,10.);
#1805=VECTOR('',#5583,10.);
#1806=VECTOR('',#5584,10.);
#1807=VECTOR('',#5585,10.);
#1808=VECTOR('',#5588,10.);
#1809=VECTOR('',#5589,10.);
#1810=VECTOR('',#5590,10.);
#1811=VECTOR('',#5591,10.);
#1812=VECTOR('',#5592,10.);
#1813=VECTOR('',#5593,10.);
#1814=VECTOR('',#5596,10.);
#1815=VECTOR('',#5597,10.);
#1816=VECTOR('',#5600,10.);
#1817=VECTOR('',#5601,10.);
#1818=VECTOR('',#5604,10.);
#1819=VECTOR('',#5605,10.);
#1820=VECTOR('',#5608,10.);
#1821=VECTOR('',#5609,10.);
#1822=VECTOR('',#5612,10.);
#1823=VECTOR('',#5613,10.);
#1824=VECTOR('',#5616,10.);
#1825=VECTOR('',#5617,10.);
#1826=VECTOR('',#5618,10.);
#1827=VECTOR('',#5619,10.);
#1828=VECTOR('',#5620,10.);
#1829=VECTOR('',#5621,10.);
#1830=VECTOR('',#5622,10.);
#1831=VECTOR('',#5623,10.);
#1832=VECTOR('',#5624,10.);
#1833=VECTOR('',#5625,10.);
#1834=VECTOR('',#5628,10.);
#1835=VECTOR('',#5629,10.);
#1836=VECTOR('',#5630,10.);
#1837=VECTOR('',#5633,10.);
#1838=VECTOR('',#5634,10.);
#1839=VECTOR('',#5635,10.);
#1840=VECTOR('',#5636,10.);
#1841=VECTOR('',#5637,10.);
#1842=VECTOR('',#5638,10.);
#1843=VECTOR('',#5639,10.);
#1844=VECTOR('',#5640,10.);
#1845=VECTOR('',#5641,10.);
#1846=VECTOR('',#5642,10.);
#1847=VECTOR('',#5643,10.);
#1848=VECTOR('',#5644,10.);
#1849=VECTOR('',#5647,10.);
#1850=VECTOR('',#5648,10.);
#1851=VECTOR('',#5649,10.);
#1852=VECTOR('',#5650,10.);
#1853=VECTOR('',#5651,10.);
#1854=VECTOR('',#5652,10.);
#1855=VECTOR('',#5653,10.);
#1856=VECTOR('',#5654,10.);
#1857=VECTOR('',#5655,10.);
#1858=VECTOR('',#5658,10.);
#1859=VECTOR('',#5659,10.);
#1860=VECTOR('',#5660,10.);
#1861=VECTOR('',#5661,10.);
#1862=VECTOR('',#5662,10.);
#1863=VECTOR('',#5663,10.);
#1864=VECTOR('',#5664,10.);
#1865=VECTOR('',#5665,10.);
#1866=VECTOR('',#5666,10.);
#1867=VECTOR('',#5669,10.);
#1868=VECTOR('',#5670,10.);
#1869=VECTOR('',#5671,10.);
#1870=VECTOR('',#5674,10.);
#1871=VECTOR('',#5675,10.);
#1872=VECTOR('',#5676,10.);
#1873=VECTOR('',#5677,10.);
#1874=VECTOR('',#5678,10.);
#1875=VECTOR('',#5679,10.);
#1876=VECTOR('',#5680,10.);
#1877=VECTOR('',#5681,10.);
#1878=VECTOR('',#5682,10.);
#1879=VECTOR('',#5685,10.);
#1880=VECTOR('',#5686,10.);
#1881=VECTOR('',#5687,10.);
#1882=VECTOR('',#5688,10.);
#1883=VECTOR('',#5689,10.);
#1884=VECTOR('',#5690,10.);
#1885=VECTOR('',#5691,10.);
#1886=VECTOR('',#5692,10.);
#1887=VECTOR('',#5693,10.);
#1888=VECTOR('',#5694,10.);
#1889=VECTOR('',#5695,10.);
#1890=VECTOR('',#5698,10.);
#1891=VECTOR('',#5699,10.);
#1892=VECTOR('',#5702,10.);
#1893=VECTOR('',#5703,10.);
#1894=VECTOR('',#5706,10.);
#1895=VECTOR('',#5707,10.);
#1896=VECTOR('',#5710,10.);
#1897=VECTOR('',#5711,10.);
#1898=VECTOR('',#5712,10.);
#1899=VECTOR('',#5715,10.);
#1900=VECTOR('',#5716,10.);
#1901=VECTOR('',#5717,10.);
#1902=VECTOR('',#5718,10.);
#1903=VECTOR('',#5721,10.);
#1904=VECTOR('',#5722,10.);
#1905=VECTOR('',#5725,10.);
#1906=VECTOR('',#5726,10.);
#1907=VECTOR('',#5729,10.);
#1908=VECTOR('',#5730,10.);
#1909=VECTOR('',#5733,10.);
#1910=VECTOR('',#5736,10.);
#1911=VECTOR('',#5737,10.);
#1912=VECTOR('',#5738,10.);
#1913=VECTOR('',#5739,10.);
#1914=VECTOR('',#5740,10.);
#1915=VECTOR('',#5741,10.);
#1916=VECTOR('',#5742,10.);
#1917=VECTOR('',#5743,10.);
#1918=VECTOR('',#5744,10.);
#1919=VECTOR('',#5745,10.);
#1920=VECTOR('',#5746,10.);
#1921=VECTOR('',#5747,10.);
#1922=VERTEX_POINT('',#5754);
#1923=VERTEX_POINT('',#5755);
#1924=VERTEX_POINT('',#5757);
#1925=VERTEX_POINT('',#5759);
#1926=VERTEX_POINT('',#5761);
#1927=VERTEX_POINT('',#5765);
#1928=VERTEX_POINT('',#5766);
#1929=VERTEX_POINT('',#5768);
#1930=VERTEX_POINT('',#5775);
#1931=VERTEX_POINT('',#5776);
#1932=VERTEX_POINT('',#5778);
#1933=VERTEX_POINT('',#5785);
#1934=VERTEX_POINT('',#5786);
#1935=VERTEX_POINT('',#5788);
#1936=VERTEX_POINT('',#5792);
#1937=VERTEX_POINT('',#5793);
#1938=VERTEX_POINT('',#5795);
#1939=VERTEX_POINT('',#5802);
#1940=VERTEX_POINT('',#5803);
#1941=VERTEX_POINT('',#5805);
#1942=VERTEX_POINT('',#5812);
#1943=VERTEX_POINT('',#5813);
#1944=VERTEX_POINT('',#5815);
#1945=VERTEX_POINT('',#5825);
#1946=VERTEX_POINT('',#5826);
#1947=VERTEX_POINT('',#5828);
#1948=VERTEX_POINT('',#5835);
#1949=VERTEX_POINT('',#5836);
#1950=VERTEX_POINT('',#5838);
#1951=VERTEX_POINT('',#5848);
#1952=VERTEX_POINT('',#5849);
#1953=VERTEX_POINT('',#5851);
#1954=VERTEX_POINT('',#5855);
#1955=VERTEX_POINT('',#5856);
#1956=VERTEX_POINT('',#5858);
#1957=VERTEX_POINT('',#5862);
#1958=VERTEX_POINT('',#5863);
#1959=VERTEX_POINT('',#5865);
#1960=VERTEX_POINT('',#5867);
#1961=VERTEX_POINT('',#5869);
#1962=VERTEX_POINT('',#5906);
#1963=VERTEX_POINT('',#5907);
#1964=VERTEX_POINT('',#5911);
#1965=VERTEX_POINT('',#5915);
#1966=VERTEX_POINT('',#5919);
#1967=VERTEX_POINT('',#5921);
#1968=VERTEX_POINT('',#5925);
#1969=VERTEX_POINT('',#5929);
#1970=VERTEX_POINT('',#5933);
#1971=VERTEX_POINT('',#5937);
#1972=VERTEX_POINT('',#5941);
#1973=VERTEX_POINT('',#5945);
#1974=VERTEX_POINT('',#5949);
#1975=VERTEX_POINT('',#5953);
#1976=VERTEX_POINT('',#5955);
#1977=VERTEX_POINT('',#5957);
#1978=VERTEX_POINT('',#5959);
#1979=VERTEX_POINT('',#5961);
#1980=VERTEX_POINT('',#5963);
#1981=VERTEX_POINT('',#5965);
#1982=VERTEX_POINT('',#5969);
#1983=VERTEX_POINT('',#5973);
#1984=VERTEX_POINT('',#5981);
#1985=VERTEX_POINT('',#5982);
#1986=VERTEX_POINT('',#5986);
#1987=VERTEX_POINT('',#5990);
#1988=VERTEX_POINT('',#5994);
#1989=VERTEX_POINT('',#5996);
#1990=VERTEX_POINT('',#6000);
#1991=VERTEX_POINT('',#6004);
#1992=VERTEX_POINT('',#6008);
#1993=VERTEX_POINT('',#6012);
#1994=VERTEX_POINT('',#6016);
#1995=VERTEX_POINT('',#6020);
#1996=VERTEX_POINT('',#6024);
#1997=VERTEX_POINT('',#6026);
#1998=VERTEX_POINT('',#6030);
#1999=VERTEX_POINT('',#6034);
#2000=VERTEX_POINT('',#6038);
#2001=VERTEX_POINT('',#6042);
#2002=VERTEX_POINT('',#6046);
#2003=VERTEX_POINT('',#6050);
#2004=VERTEX_POINT('',#6054);
#2005=VERTEX_POINT('',#6056);
#2006=VERTEX_POINT('',#6060);
#2007=VERTEX_POINT('',#6064);
#2008=VERTEX_POINT('',#6068);
#2009=VERTEX_POINT('',#6072);
#2010=VERTEX_POINT('',#6076);
#2011=VERTEX_POINT('',#6080);
#2012=VERTEX_POINT('',#6084);
#2013=VERTEX_POINT('',#6088);
#2014=VERTEX_POINT('',#6096);
#2015=VERTEX_POINT('',#6097);
#2016=VERTEX_POINT('',#6101);
#2017=VERTEX_POINT('',#6105);
#2018=VERTEX_POINT('',#6107);
#2019=VERTEX_POINT('',#6109);
#2020=VERTEX_POINT('',#6111);
#2021=VERTEX_POINT('',#6115);
#2022=VERTEX_POINT('',#6119);
#2023=VERTEX_POINT('',#6123);
#2024=VERTEX_POINT('',#6127);
#2025=VERTEX_POINT('',#6131);
#2026=VERTEX_POINT('',#6135);
#2027=VERTEX_POINT('',#6139);
#2028=VERTEX_POINT('',#6143);
#2029=VERTEX_POINT('',#6147);
#2030=VERTEX_POINT('',#6149);
#2031=VERTEX_POINT('',#6153);
#2032=VERTEX_POINT('',#6157);
#2033=VERTEX_POINT('',#6161);
#2034=VERTEX_POINT('',#6165);
#2035=VERTEX_POINT('',#6169);
#2036=VERTEX_POINT('',#6177);
#2037=VERTEX_POINT('',#6178);
#2038=VERTEX_POINT('',#6182);
#2039=VERTEX_POINT('',#6184);
#2040=VERTEX_POINT('',#6186);
#2041=VERTEX_POINT('',#6188);
#2042=VERTEX_POINT('',#6190);
#2043=VERTEX_POINT('',#6194);
#2044=VERTEX_POINT('',#6198);
#2045=VERTEX_POINT('',#6204);
#2046=VERTEX_POINT('',#6205);
#2047=VERTEX_POINT('',#6209);
#2048=VERTEX_POINT('',#6213);
#2049=VERTEX_POINT('',#6217);
#2050=VERTEX_POINT('',#6221);
#2051=VERTEX_POINT('',#6225);
#2052=VERTEX_POINT('',#6229);
#2053=VERTEX_POINT('',#6233);
#2054=VERTEX_POINT('',#6237);
#2055=VERTEX_POINT('',#6241);
#2056=VERTEX_POINT('',#6245);
#2057=VERTEX_POINT('',#6253);
#2058=VERTEX_POINT('',#6254);
#2059=VERTEX_POINT('',#6258);
#2060=VERTEX_POINT('',#6262);
#2061=VERTEX_POINT('',#6266);
#2062=VERTEX_POINT('',#6270);
#2063=VERTEX_POINT('',#6274);
#2064=VERTEX_POINT('',#6278);
#2065=VERTEX_POINT('',#6282);
#2066=VERTEX_POINT('',#6286);
#2067=VERTEX_POINT('',#6290);
#2068=VERTEX_POINT('',#6294);
#2069=VERTEX_POINT('',#6298);
#2070=VERTEX_POINT('',#6302);
#2071=VERTEX_POINT('',#6306);
#2072=VERTEX_POINT('',#6310);
#2073=VERTEX_POINT('',#6318);
#2074=VERTEX_POINT('',#6319);
#2075=VERTEX_POINT('',#6323);
#2076=VERTEX_POINT('',#6325);
#2077=VERTEX_POINT('',#6327);
#2078=VERTEX_POINT('',#6329);
#2079=VERTEX_POINT('',#6331);
#2080=VERTEX_POINT('',#6335);
#2081=VERTEX_POINT('',#6339);
#2082=VERTEX_POINT('',#6344);
#2083=VERTEX_POINT('',#6345);
#2084=VERTEX_POINT('',#6349);
#2085=VERTEX_POINT('',#6353);
#2086=VERTEX_POINT('',#6355);
#2087=VERTEX_POINT('',#6357);
#2088=VERTEX_POINT('',#6359);
#2089=VERTEX_POINT('',#6363);
#2090=VERTEX_POINT('',#6367);
#2091=VERTEX_POINT('',#6371);
#2092=VERTEX_POINT('',#6375);
#2093=VERTEX_POINT('',#6379);
#2094=VERTEX_POINT('',#6383);
#2095=VERTEX_POINT('',#6387);
#2096=VERTEX_POINT('',#6391);
#2097=VERTEX_POINT('',#6395);
#2098=VERTEX_POINT('',#6397);
#2099=VERTEX_POINT('',#6401);
#2100=VERTEX_POINT('',#6405);
#2101=VERTEX_POINT('',#6409);
#2102=VERTEX_POINT('',#6413);
#2103=VERTEX_POINT('',#6417);
#2104=VERTEX_POINT('',#6425);
#2105=VERTEX_POINT('',#6426);
#2106=VERTEX_POINT('',#6430);
#2107=VERTEX_POINT('',#6434);
#2108=VERTEX_POINT('',#6438);
#2109=VERTEX_POINT('',#6440);
#2110=VERTEX_POINT('',#6444);
#2111=VERTEX_POINT('',#6448);
#2112=VERTEX_POINT('',#6452);
#2113=VERTEX_POINT('',#6456);
#2114=VERTEX_POINT('',#6460);
#2115=VERTEX_POINT('',#6464);
#2116=VERTEX_POINT('',#6468);
#2117=VERTEX_POINT('',#6470);
#2118=VERTEX_POINT('',#6474);
#2119=VERTEX_POINT('',#6478);
#2120=VERTEX_POINT('',#6482);
#2121=VERTEX_POINT('',#6486);
#2122=VERTEX_POINT('',#6490);
#2123=VERTEX_POINT('',#6494);
#2124=VERTEX_POINT('',#6498);
#2125=VERTEX_POINT('',#6500);
#2126=VERTEX_POINT('',#6504);
#2127=VERTEX_POINT('',#6508);
#2128=VERTEX_POINT('',#6512);
#2129=VERTEX_POINT('',#6516);
#2130=VERTEX_POINT('',#6520);
#2131=VERTEX_POINT('',#6524);
#2132=VERTEX_POINT('',#6528);
#2133=VERTEX_POINT('',#6532);
#2134=VERTEX_POINT('',#6539);
#2135=VERTEX_POINT('',#6540);
#2136=VERTEX_POINT('',#6544);
#2137=VERTEX_POINT('',#6546);
#2138=VERTEX_POINT('',#6548);
#2139=VERTEX_POINT('',#6550);
#2140=VERTEX_POINT('',#6552);
#2141=VERTEX_POINT('',#6556);
#2142=VERTEX_POINT('',#6560);
#2143=VERTEX_POINT('',#6566);
#2144=VERTEX_POINT('',#6569);
#2145=VERTEX_POINT('',#6570);
#2146=VERTEX_POINT('',#6572);
#2147=VERTEX_POINT('',#6574);
#2148=VERTEX_POINT('',#6577);
#2149=VERTEX_POINT('',#6578);
#2150=VERTEX_POINT('',#6582);
#2151=VERTEX_POINT('',#6586);
#2152=VERTEX_POINT('',#6588);
#2153=VERTEX_POINT('',#6592);
#2154=VERTEX_POINT('',#6596);
#2155=VERTEX_POINT('',#6600);
#2156=VERTEX_POINT('',#6604);
#2157=VERTEX_POINT('',#6608);
#2158=VERTEX_POINT('',#6612);
#2159=VERTEX_POINT('',#6616);
#2160=VERTEX_POINT('',#6620);
#2161=VERTEX_POINT('',#6624);
#2162=VERTEX_POINT('',#6628);
#2163=VERTEX_POINT('',#6630);
#2164=VERTEX_POINT('',#6634);
#2165=VERTEX_POINT('',#6638);
#2166=VERTEX_POINT('',#6642);
#2167=VERTEX_POINT('',#6646);
#2168=VERTEX_POINT('',#6650);
#2169=VERTEX_POINT('',#6663);
#2170=VERTEX_POINT('',#6664);
#2171=VERTEX_POINT('',#6668);
#2172=VERTEX_POINT('',#6670);
#2173=VERTEX_POINT('',#6681);
#2174=VERTEX_POINT('',#6685);
#2175=VERTEX_POINT('',#6696);
#2176=VERTEX_POINT('',#6700);
#2177=VERTEX_POINT('',#6711);
#2178=VERTEX_POINT('',#6715);
#2179=VERTEX_POINT('',#6726);
#2180=VERTEX_POINT('',#6730);
#2181=VERTEX_POINT('',#6741);
#2182=VERTEX_POINT('',#6745);
#2183=VERTEX_POINT('',#6756);
#2184=VERTEX_POINT('',#6760);
#2185=VERTEX_POINT('',#6771);
#2186=VERTEX_POINT('',#6775);
#2187=VERTEX_POINT('',#6786);
#2188=VERTEX_POINT('',#6790);
#2189=VERTEX_POINT('',#6801);
#2190=VERTEX_POINT('',#6805);
#2191=VERTEX_POINT('',#6816);
#2192=VERTEX_POINT('',#6820);
#2193=VERTEX_POINT('',#6831);
#2194=VERTEX_POINT('',#6835);
#2195=VERTEX_POINT('',#6846);
#2196=VERTEX_POINT('',#6850);
#2197=VERTEX_POINT('',#6861);
#2198=VERTEX_POINT('',#6865);
#2199=VERTEX_POINT('',#6884);
#2200=VERTEX_POINT('',#6886);
#2201=VERTEX_POINT('',#6890);
#2202=VERTEX_POINT('',#6900);
#2203=VERTEX_POINT('',#6902);
#2204=VERTEX_POINT('',#6913);
#2205=VERTEX_POINT('',#6924);
#2206=VERTEX_POINT('',#6935);
#2207=VERTEX_POINT('',#6946);
#2208=VERTEX_POINT('',#6957);
#2209=VERTEX_POINT('',#6968);
#2210=VERTEX_POINT('',#6979);
#2211=VERTEX_POINT('',#6985);
#2212=VERTEX_POINT('',#6994);
#2213=VERTEX_POINT('',#7005);
#2214=VERTEX_POINT('',#7016);
#2215=VERTEX_POINT('',#7027);
#2216=VERTEX_POINT('',#7038);
#2217=VERTEX_POINT('',#7049);
#2218=VERTEX_POINT('',#7060);
#2219=VERTEX_POINT('',#7071);
#2220=VERTEX_POINT('',#7082);
#2221=VERTEX_POINT('',#7093);
#2222=VERTEX_POINT('',#7099);
#2223=VERTEX_POINT('',#7113);
#2224=VERTEX_POINT('',#7115);
#2225=VERTEX_POINT('',#7119);
#2226=VERTEX_POINT('',#7123);
#2227=VERTEX_POINT('',#7135);
#2228=VERTEX_POINT('',#7137);
#2229=VERTEX_POINT('',#7148);
#2230=VERTEX_POINT('',#7159);
#2231=VERTEX_POINT('',#7170);
#2232=VERTEX_POINT('',#7181);
#2233=VERTEX_POINT('',#7192);
#2234=VERTEX_POINT('',#7203);
#2235=VERTEX_POINT('',#7214);
#2236=VERTEX_POINT('',#7220);
#2237=VERTEX_POINT('',#7229);
#2238=VERTEX_POINT('',#7240);
#2239=VERTEX_POINT('',#7251);
#2240=VERTEX_POINT('',#7262);
#2241=VERTEX_POINT('',#7273);
#2242=VERTEX_POINT('',#7284);
#2243=VERTEX_POINT('',#7295);
#2244=VERTEX_POINT('',#7306);
#2245=VERTEX_POINT('',#7317);
#2246=VERTEX_POINT('',#7323);
#2247=VERTEX_POINT('',#7327);
#2248=VERTEX_POINT('',#7331);
#2249=VERTEX_POINT('',#7350);
#2250=VERTEX_POINT('',#7352);
#2251=VERTEX_POINT('',#7363);
#2252=VERTEX_POINT('',#7369);
#2253=VERTEX_POINT('',#7378);
#2254=VERTEX_POINT('',#7389);
#2255=VERTEX_POINT('',#7395);
#2256=VERTEX_POINT('',#7399);
#2257=VERTEX_POINT('',#7403);
#2258=VERTEX_POINT('',#7415);
#2259=VERTEX_POINT('',#7417);
#2260=VERTEX_POINT('',#7428);
#2261=VERTEX_POINT('',#7434);
#2262=VERTEX_POINT('',#7443);
#2263=VERTEX_POINT('',#7454);
#2264=VERTEX_POINT('',#7460);
#2265=VERTEX_POINT('',#7464);
#2266=VERTEX_POINT('',#7468);
#2267=VERTEX_POINT('',#7480);
#2268=VERTEX_POINT('',#7482);
#2269=VERTEX_POINT('',#7493);
#2270=VERTEX_POINT('',#7504);
#2271=VERTEX_POINT('',#7515);
#2272=VERTEX_POINT('',#7526);
#2273=VERTEX_POINT('',#7537);
#2274=VERTEX_POINT('',#7548);
#2275=VERTEX_POINT('',#7559);
#2276=VERTEX_POINT('',#7570);
#2277=VERTEX_POINT('',#7581);
#2278=VERTEX_POINT('',#7592);
#2279=VERTEX_POINT('',#7598);
#2280=VERTEX_POINT('',#7607);
#2281=VERTEX_POINT('',#7618);
#2282=VERTEX_POINT('',#7629);
#2283=VERTEX_POINT('',#7640);
#2284=VERTEX_POINT('',#7651);
#2285=VERTEX_POINT('',#7662);
#2286=VERTEX_POINT('',#7673);
#2287=VERTEX_POINT('',#7679);
#2288=VERTEX_POINT('',#7688);
#2289=VERTEX_POINT('',#7699);
#2290=VERTEX_POINT('',#7710);
#2291=VERTEX_POINT('',#7721);
#2292=VERTEX_POINT('',#7732);
#2293=VERTEX_POINT('',#7743);
#2294=VERTEX_POINT('',#7754);
#2295=VERTEX_POINT('',#7760);
#2296=VERTEX_POINT('',#7769);
#2297=VERTEX_POINT('',#7790);
#2298=VERTEX_POINT('',#7792);
#2299=VERTEX_POINT('',#7803);
#2300=VERTEX_POINT('',#7814);
#2301=VERTEX_POINT('',#7825);
#2302=VERTEX_POINT('',#7836);
#2303=VERTEX_POINT('',#7847);
#2304=VERTEX_POINT('',#7858);
#2305=VERTEX_POINT('',#7869);
#2306=VERTEX_POINT('',#7880);
#2307=VERTEX_POINT('',#7891);
#2308=VERTEX_POINT('',#7902);
#2309=VERTEX_POINT('',#7913);
#2310=VERTEX_POINT('',#7924);
#2311=VERTEX_POINT('',#7935);
#2312=VERTEX_POINT('',#7946);
#2313=VERTEX_POINT('',#7967);
#2314=VERTEX_POINT('',#7969);
#2315=VERTEX_POINT('',#7980);
#2316=VERTEX_POINT('',#7991);
#2317=VERTEX_POINT('',#8002);
#2318=VERTEX_POINT('',#8013);
#2319=VERTEX_POINT('',#8019);
#2320=VERTEX_POINT('',#8023);
#2321=VERTEX_POINT('',#8027);
#2322=VERTEX_POINT('',#8031);
#2323=VERTEX_POINT('',#8035);
#2324=VERTEX_POINT('',#8039);
#2325=VERTEX_POINT('',#8048);
#2326=VERTEX_POINT('',#8059);
#2327=VERTEX_POINT('',#8070);
#2328=VERTEX_POINT('',#8081);
#2329=VERTEX_POINT('',#8092);
#2330=VERTEX_POINT('',#8103);
#2331=VERTEX_POINT('',#8114);
#2332=VERTEX_POINT('',#8125);
#2333=VERTEX_POINT('',#8131);
#2334=VERTEX_POINT('',#8140);
#2335=VERTEX_POINT('',#8161);
#2336=VERTEX_POINT('',#8163);
#2337=VERTEX_POINT('',#8174);
#2338=VERTEX_POINT('',#8185);
#2339=VERTEX_POINT('',#8196);
#2340=VERTEX_POINT('',#8207);
#2341=VERTEX_POINT('',#8218);
#2342=VERTEX_POINT('',#8229);
#2343=VERTEX_POINT('',#8240);
#2344=VERTEX_POINT('',#8251);
#2345=VERTEX_POINT('',#8262);
#2346=VERTEX_POINT('',#8273);
#2347=VERTEX_POINT('',#8279);
#2348=VERTEX_POINT('',#8288);
#2349=VERTEX_POINT('',#8299);
#2350=VERTEX_POINT('',#8310);
#2351=VERTEX_POINT('',#8321);
#2352=VERTEX_POINT('',#8332);
#2353=VERTEX_POINT('',#8343);
#2354=VERTEX_POINT('',#8354);
#2355=VERTEX_POINT('',#8360);
#2356=VERTEX_POINT('',#8369);
#2357=VERTEX_POINT('',#8380);
#2358=VERTEX_POINT('',#8391);
#2359=VERTEX_POINT('',#8402);
#2360=VERTEX_POINT('',#8413);
#2361=VERTEX_POINT('',#8424);
#2362=VERTEX_POINT('',#8435);
#2363=VERTEX_POINT('',#8441);
#2364=VERTEX_POINT('',#8450);
#2365=VERTEX_POINT('',#8471);
#2366=VERTEX_POINT('',#8473);
#2367=VERTEX_POINT('',#8484);
#2368=VERTEX_POINT('',#8495);
#2369=VERTEX_POINT('',#8506);
#2370=VERTEX_POINT('',#8517);
#2371=VERTEX_POINT('',#8528);
#2372=VERTEX_POINT('',#8539);
#2373=VERTEX_POINT('',#8550);
#2374=VERTEX_POINT('',#8556);
#2375=VERTEX_POINT('',#8565);
#2376=VERTEX_POINT('',#8576);
#2377=VERTEX_POINT('',#8587);
#2378=VERTEX_POINT('',#8598);
#2379=VERTEX_POINT('',#8609);
#2380=VERTEX_POINT('',#8620);
#2381=VERTEX_POINT('',#8631);
#2382=VERTEX_POINT('',#8642);
#2383=VERTEX_POINT('',#8653);
#2384=VERTEX_POINT('',#8659);
#2385=VERTEX_POINT('',#8663);
#2386=VERTEX_POINT('',#8667);
#2387=VERTEX_POINT('',#8686);
#2388=VERTEX_POINT('',#8688);
#2389=VERTEX_POINT('',#8699);
#2390=VERTEX_POINT('',#8705);
#2391=VERTEX_POINT('',#8714);
#2392=VERTEX_POINT('',#8725);
#2393=VERTEX_POINT('',#8731);
#2394=VERTEX_POINT('',#8735);
#2395=VERTEX_POINT('',#8739);
#2396=VERTEX_POINT('',#8751);
#2397=VERTEX_POINT('',#8753);
#2398=VERTEX_POINT('',#8764);
#2399=VERTEX_POINT('',#8775);
#2400=VERTEX_POINT('',#8786);
#2401=VERTEX_POINT('',#8797);
#2402=VERTEX_POINT('',#8808);
#2403=VERTEX_POINT('',#8819);
#2404=VERTEX_POINT('',#8830);
#2405=VERTEX_POINT('',#8841);
#2406=VERTEX_POINT('',#8852);
#2407=VERTEX_POINT('',#8863);
#2408=EDGE_CURVE('',#1922,#1923,#1148,.T.);
#2409=EDGE_CURVE('',#1924,#1922,#1149,.T.);
#2410=EDGE_CURVE('',#1925,#1924,#1150,.T.);
#2411=EDGE_CURVE('',#1926,#1925,#1151,.T.);
#2412=EDGE_CURVE('',#1923,#1926,#1152,.T.);
#2413=EDGE_CURVE('',#1927,#1928,#1153,.T.);
#2414=EDGE_CURVE('',#1929,#1927,#1154,.T.);
#2415=EDGE_CURVE('',#1928,#1929,#1155,.T.);
#2416=EDGE_CURVE('',#1924,#1929,#1156,.T.);
#2417=EDGE_CURVE('',#1927,#1925,#1157,.T.);
#2418=EDGE_CURVE('',#1930,#1931,#1158,.T.);
#2419=EDGE_CURVE('',#1932,#1930,#1159,.T.);
#2420=EDGE_CURVE('',#1931,#1932,#1160,.T.);
#2421=EDGE_CURVE('',#1925,#1932,#1161,.T.);
#2422=EDGE_CURVE('',#1930,#1926,#1162,.T.);
#2423=EDGE_CURVE('',#1933,#1934,#1163,.T.);
#2424=EDGE_CURVE('',#1935,#1933,#1164,.T.);
#2425=EDGE_CURVE('',#1934,#1935,#1165,.T.);
#2426=EDGE_CURVE('',#1936,#1937,#1166,.T.);
#2427=EDGE_CURVE('',#1938,#1936,#1167,.T.);
#2428=EDGE_CURVE('',#1937,#1938,#1168,.T.);
#2429=EDGE_CURVE('',#1922,#1938,#1169,.T.);
#2430=EDGE_CURVE('',#1936,#1924,#1170,.T.);
#2431=EDGE_CURVE('',#1939,#1940,#1171,.T.);
#2432=EDGE_CURVE('',#1941,#1939,#1172,.T.);
#2433=EDGE_CURVE('',#1940,#1941,#1173,.T.);
#2434=EDGE_CURVE('',#1923,#1941,#1174,.T.);
#2435=EDGE_CURVE('',#1939,#1922,#1175,.T.);
#2436=EDGE_CURVE('',#1942,#1943,#1176,.T.);
#2437=EDGE_CURVE('',#1944,#1942,#1177,.T.);
#2438=EDGE_CURVE('',#1943,#1944,#1178,.T.);
#2439=EDGE_CURVE('',#1929,#1944,#1179,.T.);
#2440=EDGE_CURVE('',#1942,#1928,#1180,.T.);
#2441=EDGE_CURVE('',#1944,#1936,#1181,.T.);
#2442=EDGE_CURVE('',#1937,#1943,#1182,.T.);
#2443=EDGE_CURVE('',#1945,#1946,#1183,.T.);
#2444=EDGE_CURVE('',#1947,#1945,#1184,.T.);
#2445=EDGE_CURVE('',#1946,#1947,#1185,.T.);
#2446=EDGE_CURVE('',#1945,#1930,#1186,.T.);
#2447=EDGE_CURVE('',#1931,#1947,#1187,.T.);
#2448=EDGE_CURVE('',#1948,#1949,#1188,.T.);
#2449=EDGE_CURVE('',#1950,#1948,#1189,.T.);
#2450=EDGE_CURVE('',#1949,#1950,#1190,.T.);
#2451=EDGE_CURVE('',#1932,#1950,#1191,.T.);
#2452=EDGE_CURVE('',#1948,#1931,#1192,.T.);
#2453=EDGE_CURVE('',#1950,#1927,#1193,.T.);
#2454=EDGE_CURVE('',#1928,#1949,#1194,.T.);
#2455=EDGE_CURVE('',#1951,#1952,#1195,.T.);
#2456=EDGE_CURVE('',#1953,#1951,#1196,.T.);
#2457=EDGE_CURVE('',#1952,#1953,#1197,.T.);
#2458=EDGE_CURVE('',#1954,#1955,#1198,.T.);
#2459=EDGE_CURVE('',#1956,#1954,#1199,.T.);
#2460=EDGE_CURVE('',#1955,#1956,#1200,.T.);
#2461=EDGE_CURVE('',#1957,#1958,#1201,.T.);
#2462=EDGE_CURVE('',#1959,#1957,#1202,.T.);
#2463=EDGE_CURVE('',#1960,#1959,#1203,.T.);
#2464=EDGE_CURVE('',#1961,#1960,#1204,.T.);
#2465=EDGE_CURVE('',#1958,#1961,#1205,.T.);
#2466=EDGE_CURVE('',#1951,#1959,#1206,.T.);
#2467=EDGE_CURVE('',#1957,#1953,#1207,.T.);
#2468=EDGE_CURVE('',#1959,#1946,#1208,.T.);
#2469=EDGE_CURVE('',#1947,#1960,#1209,.T.);
#2470=EDGE_CURVE('',#1949,#1961,#1210,.T.);
#2471=EDGE_CURVE('',#1960,#1948,#1211,.T.);
#2472=EDGE_CURVE('',#1943,#1958,#1212,.T.);
#2473=EDGE_CURVE('',#1961,#1942,#1213,.T.);
#2474=EDGE_CURVE('',#1954,#1957,#1214,.T.);
#2475=EDGE_CURVE('',#1958,#1956,#1215,.T.);
#2476=EDGE_CURVE('',#1938,#1955,#1216,.T.);
#2477=EDGE_CURVE('',#1956,#1937,#1217,.T.);
#2478=EDGE_CURVE('',#1955,#1939,#1218,.T.);
#2479=EDGE_CURVE('',#1940,#1954,#1219,.T.);
#2480=EDGE_CURVE('',#1941,#1952,#1220,.T.);
#2481=EDGE_CURVE('',#1953,#1940,#1221,.T.);
#2482=EDGE_CURVE('',#1952,#1935,#1222,.T.);
#2483=EDGE_CURVE('',#1933,#1951,#1223,.T.);
#2484=EDGE_CURVE('',#1946,#1933,#1224,.T.);
#2485=EDGE_CURVE('',#1934,#1945,#1225,.T.);
#2486=EDGE_CURVE('',#1935,#1923,#1226,.T.);
#2487=EDGE_CURVE('',#1926,#1934,#1227,.T.);
#2488=EDGE_CURVE('',#1962,#1963,#215,.T.);
#2489=EDGE_CURVE('',#1963,#1964,#216,.T.);
#2490=EDGE_CURVE('',#1964,#1965,#217,.T.);
#2491=EDGE_CURVE('',#1965,#1966,#1228,.T.);
#2492=EDGE_CURVE('',#1966,#1967,#218,.T.);
#2493=EDGE_CURVE('',#1967,#1968,#219,.T.);
#2494=EDGE_CURVE('',#1968,#1969,#220,.T.);
#2495=EDGE_CURVE('',#1969,#1970,#221,.T.);
#2496=EDGE_CURVE('',#1970,#1971,#222,.T.);
#2497=EDGE_CURVE('',#1971,#1972,#223,.T.);
#2498=EDGE_CURVE('',#1972,#1973,#224,.T.);
#2499=EDGE_CURVE('',#1973,#1974,#225,.T.);
#2500=EDGE_CURVE('',#1974,#1975,#1229,.T.);
#2501=EDGE_CURVE('',#1975,#1976,#1230,.T.);
#2502=EDGE_CURVE('',#1976,#1977,#1231,.T.);
#2503=EDGE_CURVE('',#1977,#1978,#1232,.T.);
#2504=EDGE_CURVE('',#1978,#1979,#1233,.T.);
#2505=EDGE_CURVE('',#1979,#1980,#1234,.T.);
#2506=EDGE_CURVE('',#1980,#1981,#226,.T.);
#2507=EDGE_CURVE('',#1981,#1982,#227,.T.);
#2508=EDGE_CURVE('',#1982,#1983,#228,.T.);
#2509=EDGE_CURVE('',#1983,#1962,#229,.T.);
#2510=EDGE_CURVE('',#1984,#1985,#230,.T.);
#2511=EDGE_CURVE('',#1985,#1986,#231,.T.);
#2512=EDGE_CURVE('',#1986,#1987,#232,.T.);
#2513=EDGE_CURVE('',#1987,#1988,#1235,.T.);
#2514=EDGE_CURVE('',#1988,#1989,#233,.T.);
#2515=EDGE_CURVE('',#1989,#1990,#234,.T.);
#2516=EDGE_CURVE('',#1990,#1991,#235,.T.);
#2517=EDGE_CURVE('',#1991,#1992,#236,.T.);
#2518=EDGE_CURVE('',#1992,#1993,#237,.T.);
#2519=EDGE_CURVE('',#1993,#1994,#238,.T.);
#2520=EDGE_CURVE('',#1994,#1995,#239,.T.);
#2521=EDGE_CURVE('',#1995,#1996,#1236,.T.);
#2522=EDGE_CURVE('',#1996,#1997,#240,.T.);
#2523=EDGE_CURVE('',#1997,#1998,#241,.T.);
#2524=EDGE_CURVE('',#1998,#1999,#242,.T.);
#2525=EDGE_CURVE('',#1999,#2000,#243,.T.);
#2526=EDGE_CURVE('',#2000,#2001,#244,.T.);
#2527=EDGE_CURVE('',#2001,#2002,#245,.T.);
#2528=EDGE_CURVE('',#2002,#2003,#246,.T.);
#2529=EDGE_CURVE('',#2003,#2004,#1237,.T.);
#2530=EDGE_CURVE('',#2004,#2005,#247,.T.);
#2531=EDGE_CURVE('',#2005,#2006,#248,.T.);
#2532=EDGE_CURVE('',#2006,#2007,#249,.T.);
#2533=EDGE_CURVE('',#2007,#2008,#250,.T.);
#2534=EDGE_CURVE('',#2008,#2009,#251,.T.);
#2535=EDGE_CURVE('',#2009,#2010,#252,.T.);
#2536=EDGE_CURVE('',#2010,#2011,#253,.T.);
#2537=EDGE_CURVE('',#2011,#2012,#254,.T.);
#2538=EDGE_CURVE('',#2012,#2013,#255,.T.);
#2539=EDGE_CURVE('',#2013,#1984,#256,.T.);
#2540=EDGE_CURVE('',#2014,#2015,#257,.T.);
#2541=EDGE_CURVE('',#2015,#2016,#258,.T.);
#2542=EDGE_CURVE('',#2016,#2017,#1238,.T.);
#2543=EDGE_CURVE('',#2017,#2018,#1239,.T.);
#2544=EDGE_CURVE('',#2018,#2019,#1240,.T.);
#2545=EDGE_CURVE('',#2019,#2020,#259,.T.);
#2546=EDGE_CURVE('',#2020,#2021,#260,.T.);
#2547=EDGE_CURVE('',#2021,#2022,#261,.T.);
#2548=EDGE_CURVE('',#2022,#2023,#262,.T.);
#2549=EDGE_CURVE('',#2023,#2024,#263,.T.);
#2550=EDGE_CURVE('',#2024,#2025,#264,.T.);
#2551=EDGE_CURVE('',#2025,#2026,#265,.T.);
#2552=EDGE_CURVE('',#2026,#2027,#266,.T.);
#2553=EDGE_CURVE('',#2027,#2028,#267,.T.);
#2554=EDGE_CURVE('',#2028,#2029,#1241,.T.);
#2555=EDGE_CURVE('',#2029,#2030,#268,.T.);
#2556=EDGE_CURVE('',#2030,#2031,#269,.T.);
#2557=EDGE_CURVE('',#2031,#2032,#270,.T.);
#2558=EDGE_CURVE('',#2032,#2033,#271,.T.);
#2559=EDGE_CURVE('',#2033,#2034,#272,.T.);
#2560=EDGE_CURVE('',#2034,#2035,#273,.T.);
#2561=EDGE_CURVE('',#2035,#2014,#274,.T.);
#2562=EDGE_CURVE('',#2036,#2037,#275,.T.);
#2563=EDGE_CURVE('',#2037,#2038,#1242,.T.);
#2564=EDGE_CURVE('',#2038,#2039,#1243,.T.);
#2565=EDGE_CURVE('',#2039,#2040,#1244,.T.);
#2566=EDGE_CURVE('',#2040,#2041,#1245,.T.);
#2567=EDGE_CURVE('',#2041,#2042,#276,.T.);
#2568=EDGE_CURVE('',#2042,#2043,#277,.T.);
#2569=EDGE_CURVE('',#2043,#2044,#1246,.T.);
#2570=EDGE_CURVE('',#2044,#2036,#278,.T.);
#2571=EDGE_CURVE('',#2045,#2046,#279,.T.);
#2572=EDGE_CURVE('',#2046,#2047,#280,.T.);
#2573=EDGE_CURVE('',#2047,#2048,#281,.T.);
#2574=EDGE_CURVE('',#2048,#2049,#282,.T.);
#2575=EDGE_CURVE('',#2049,#2050,#283,.T.);
#2576=EDGE_CURVE('',#2050,#2051,#284,.T.);
#2577=EDGE_CURVE('',#2051,#2052,#285,.T.);
#2578=EDGE_CURVE('',#2052,#2053,#286,.T.);
#2579=EDGE_CURVE('',#2053,#2054,#287,.T.);
#2580=EDGE_CURVE('',#2054,#2055,#288,.T.);
#2581=EDGE_CURVE('',#2055,#2056,#289,.T.);
#2582=EDGE_CURVE('',#2056,#2045,#290,.T.);
#2583=EDGE_CURVE('',#2057,#2058,#291,.T.);
#2584=EDGE_CURVE('',#2058,#2059,#292,.T.);
#2585=EDGE_CURVE('',#2059,#2060,#293,.T.);
#2586=EDGE_CURVE('',#2060,#2061,#294,.T.);
#2587=EDGE_CURVE('',#2061,#2062,#295,.T.);
#2588=EDGE_CURVE('',#2062,#2063,#296,.T.);
#2589=EDGE_CURVE('',#2063,#2064,#297,.T.);
#2590=EDGE_CURVE('',#2064,#2065,#298,.T.);
#2591=EDGE_CURVE('',#2065,#2066,#299,.T.);
#2592=EDGE_CURVE('',#2066,#2067,#300,.T.);
#2593=EDGE_CURVE('',#2067,#2068,#301,.T.);
#2594=EDGE_CURVE('',#2068,#2069,#302,.T.);
#2595=EDGE_CURVE('',#2069,#2070,#303,.T.);
#2596=EDGE_CURVE('',#2070,#2071,#304,.T.);
#2597=EDGE_CURVE('',#2071,#2072,#305,.T.);
#2598=EDGE_CURVE('',#2072,#2057,#306,.T.);
#2599=EDGE_CURVE('',#2073,#2074,#307,.T.);
#2600=EDGE_CURVE('',#2074,#2075,#1247,.T.);
#2601=EDGE_CURVE('',#2075,#2076,#1248,.T.);
#2602=EDGE_CURVE('',#2076,#2077,#1249,.T.);
#2603=EDGE_CURVE('',#2077,#2078,#1250,.T.);
#2604=EDGE_CURVE('',#2078,#2079,#308,.T.);
#2605=EDGE_CURVE('',#2079,#2080,#309,.T.);
#2606=EDGE_CURVE('',#2080,#2081,#1251,.T.);
#2607=EDGE_CURVE('',#2081,#2073,#310,.T.);
#2608=EDGE_CURVE('',#2082,#2083,#311,.T.);
#2609=EDGE_CURVE('',#2083,#2084,#312,.T.);
#2610=EDGE_CURVE('',#2084,#2085,#1252,.T.);
#2611=EDGE_CURVE('',#2085,#2086,#1253,.T.);
#2612=EDGE_CURVE('',#2086,#2087,#1254,.T.);
#2613=EDGE_CURVE('',#2087,#2088,#313,.T.);
#2614=EDGE_CURVE('',#2088,#2089,#314,.T.);
#2615=EDGE_CURVE('',#2089,#2090,#315,.T.);
#2616=EDGE_CURVE('',#2090,#2091,#316,.T.);
#2617=EDGE_CURVE('',#2091,#2092,#317,.T.);
#2618=EDGE_CURVE('',#2092,#2093,#318,.T.);
#2619=EDGE_CURVE('',#2093,#2094,#319,.T.);
#2620=EDGE_CURVE('',#2094,#2095,#320,.T.);
#2621=EDGE_CURVE('',#2095,#2096,#321,.T.);
#2622=EDGE_CURVE('',#2096,#2097,#1255,.T.);
#2623=EDGE_CURVE('',#2097,#2098,#322,.T.);
#2624=EDGE_CURVE('',#2098,#2099,#323,.T.);
#2625=EDGE_CURVE('',#2099,#2100,#324,.T.);
#2626=EDGE_CURVE('',#2100,#2101,#325,.T.);
#2627=EDGE_CURVE('',#2101,#2102,#326,.T.);
#2628=EDGE_CURVE('',#2102,#2103,#327,.T.);
#2629=EDGE_CURVE('',#2103,#2082,#328,.T.);
#2630=EDGE_CURVE('',#2104,#2105,#329,.T.);
#2631=EDGE_CURVE('',#2105,#2106,#330,.T.);
#2632=EDGE_CURVE('',#2106,#2107,#331,.T.);
#2633=EDGE_CURVE('',#2107,#2108,#1256,.T.);
#2634=EDGE_CURVE('',#2108,#2109,#332,.T.);
#2635=EDGE_CURVE('',#2109,#2110,#333,.T.);
#2636=EDGE_CURVE('',#2110,#2111,#334,.T.);
#2637=EDGE_CURVE('',#2111,#2112,#335,.T.);
#2638=EDGE_CURVE('',#2112,#2113,#336,.T.);
#2639=EDGE_CURVE('',#2113,#2114,#337,.T.);
#2640=EDGE_CURVE('',#2114,#2115,#338,.T.);
#2641=EDGE_CURVE('',#2115,#2116,#1257,.T.);
#2642=EDGE_CURVE('',#2116,#2117,#339,.T.);
#2643=EDGE_CURVE('',#2117,#2118,#340,.T.);
#2644=EDGE_CURVE('',#2118,#2119,#341,.T.);
#2645=EDGE_CURVE('',#2119,#2120,#342,.T.);
#2646=EDGE_CURVE('',#2120,#2121,#343,.T.);
#2647=EDGE_CURVE('',#2121,#2122,#344,.T.);
#2648=EDGE_CURVE('',#2122,#2123,#345,.T.);
#2649=EDGE_CURVE('',#2123,#2124,#1258,.T.);
#2650=EDGE_CURVE('',#2124,#2125,#346,.T.);
#2651=EDGE_CURVE('',#2125,#2126,#347,.T.);
#2652=EDGE_CURVE('',#2126,#2127,#348,.T.);
#2653=EDGE_CURVE('',#2127,#2128,#349,.T.);
#2654=EDGE_CURVE('',#2128,#2129,#350,.T.);
#2655=EDGE_CURVE('',#2129,#2130,#351,.T.);
#2656=EDGE_CURVE('',#2130,#2131,#352,.T.);
#2657=EDGE_CURVE('',#2131,#2132,#353,.T.);
#2658=EDGE_CURVE('',#2132,#2133,#354,.T.);
#2659=EDGE_CURVE('',#2133,#2104,#355,.T.);
#2660=EDGE_CURVE('',#2134,#2135,#356,.T.);
#2661=EDGE_CURVE('',#2135,#2136,#1259,.T.);
#2662=EDGE_CURVE('',#2136,#2137,#1260,.T.);
#2663=EDGE_CURVE('',#2137,#2138,#1261,.T.);
#2664=EDGE_CURVE('',#2138,#2139,#1262,.T.);
#2665=EDGE_CURVE('',#2139,#2140,#357,.T.);
#2666=EDGE_CURVE('',#2140,#2141,#358,.T.);
#2667=EDGE_CURVE('',#2141,#2142,#1263,.T.);
#2668=EDGE_CURVE('',#2142,#2134,#359,.T.);
#2669=EDGE_CURVE('',#2143,#2143,#196,.T.);
#2670=EDGE_CURVE('',#2144,#2145,#1264,.T.);
#2671=EDGE_CURVE('',#2145,#2146,#1265,.T.);
#2672=EDGE_CURVE('',#2146,#2147,#1266,.T.);
#2673=EDGE_CURVE('',#2147,#2144,#1267,.T.);
#2674=EDGE_CURVE('',#2148,#2149,#360,.T.);
#2675=EDGE_CURVE('',#2149,#2150,#361,.T.);
#2676=EDGE_CURVE('',#2150,#2151,#1268,.T.);
#2677=EDGE_CURVE('',#2151,#2152,#362,.T.);
#2678=EDGE_CURVE('',#2152,#2153,#363,.T.);
#2679=EDGE_CURVE('',#2153,#2154,#364,.T.);
#2680=EDGE_CURVE('',#2154,#2155,#365,.T.);
#2681=EDGE_CURVE('',#2155,#2156,#366,.T.);
#2682=EDGE_CURVE('',#2156,#2157,#367,.T.);
#2683=EDGE_CURVE('',#2157,#2158,#368,.T.);
#2684=EDGE_CURVE('',#2158,#2159,#369,.T.);
#2685=EDGE_CURVE('',#2159,#2160,#370,.T.);
#2686=EDGE_CURVE('',#2160,#2161,#371,.T.);
#2687=EDGE_CURVE('',#2161,#2162,#1269,.T.);
#2688=EDGE_CURVE('',#2162,#2163,#372,.T.);
#2689=EDGE_CURVE('',#2163,#2164,#373,.T.);
#2690=EDGE_CURVE('',#2164,#2165,#374,.T.);
#2691=EDGE_CURVE('',#2165,#2166,#375,.T.);
#2692=EDGE_CURVE('',#2166,#2167,#376,.T.);
#2693=EDGE_CURVE('',#2167,#2168,#377,.T.);
#2694=EDGE_CURVE('',#2168,#2148,#378,.T.);
#2695=EDGE_CURVE('',#2169,#2170,#379,.T.);
#2696=EDGE_CURVE('',#2169,#2171,#1270,.T.);
#2697=EDGE_CURVE('',#2172,#2171,#380,.T.);
#2698=EDGE_CURVE('',#2170,#2172,#1271,.T.);
#2699=EDGE_CURVE('',#2170,#2173,#381,.T.);
#2700=EDGE_CURVE('',#2174,#2172,#382,.T.);
#2701=EDGE_CURVE('',#2173,#2174,#1272,.T.);
#2702=EDGE_CURVE('',#2173,#2175,#383,.T.);
#2703=EDGE_CURVE('',#2176,#2174,#384,.T.);
#2704=EDGE_CURVE('',#2175,#2176,#1273,.T.);
#2705=EDGE_CURVE('',#2175,#2177,#385,.T.);
#2706=EDGE_CURVE('',#2178,#2176,#386,.T.);
#2707=EDGE_CURVE('',#2177,#2178,#1274,.T.);
#2708=EDGE_CURVE('',#2177,#2179,#387,.T.);
#2709=EDGE_CURVE('',#2180,#2178,#388,.T.);
#2710=EDGE_CURVE('',#2179,#2180,#1275,.T.);
#2711=EDGE_CURVE('',#2179,#2181,#389,.T.);
#2712=EDGE_CURVE('',#2182,#2180,#390,.T.);
#2713=EDGE_CURVE('',#2181,#2182,#1276,.T.);
#2714=EDGE_CURVE('',#2181,#2183,#391,.T.);
#2715=EDGE_CURVE('',#2184,#2182,#392,.T.);
#2716=EDGE_CURVE('',#2183,#2184,#1277,.T.);
#2717=EDGE_CURVE('',#2183,#2185,#393,.T.);
#2718=EDGE_CURVE('',#2186,#2184,#394,.T.);
#2719=EDGE_CURVE('',#2185,#2186,#1278,.T.);
#2720=EDGE_CURVE('',#2185,#2187,#395,.T.);
#2721=EDGE_CURVE('',#2188,#2186,#396,.T.);
#2722=EDGE_CURVE('',#2187,#2188,#1279,.T.);
#2723=EDGE_CURVE('',#2187,#2189,#397,.T.);
#2724=EDGE_CURVE('',#2190,#2188,#398,.T.);
#2725=EDGE_CURVE('',#2189,#2190,#1280,.T.);
#2726=EDGE_CURVE('',#2189,#2191,#399,.T.);
#2727=EDGE_CURVE('',#2192,#2190,#400,.T.);
#2728=EDGE_CURVE('',#2191,#2192,#1281,.T.);
#2729=EDGE_CURVE('',#2191,#2193,#401,.T.);
#2730=EDGE_CURVE('',#2194,#2192,#402,.T.);
#2731=EDGE_CURVE('',#2193,#2194,#1282,.T.);
#2732=EDGE_CURVE('',#2193,#2195,#403,.T.);
#2733=EDGE_CURVE('',#2196,#2194,#404,.T.);
#2734=EDGE_CURVE('',#2195,#2196,#1283,.T.);
#2735=EDGE_CURVE('',#2195,#2197,#405,.T.);
#2736=EDGE_CURVE('',#2198,#2196,#406,.T.);
#2737=EDGE_CURVE('',#2197,#2198,#1284,.T.);
#2738=EDGE_CURVE('',#2197,#2169,#407,.T.);
#2739=EDGE_CURVE('',#2171,#2198,#408,.T.);
#2740=EDGE_CURVE('',#2199,#2199,#197,.T.);
#2741=EDGE_CURVE('',#2199,#2200,#1285,.T.);
#2742=EDGE_CURVE('',#2200,#2200,#198,.T.);
#2743=EDGE_CURVE('',#2143,#2201,#1286,.T.);
#2744=EDGE_CURVE('',#2201,#2201,#199,.T.);
#2745=EDGE_CURVE('',#2148,#2202,#1287,.T.);
#2746=EDGE_CURVE('',#2202,#2203,#409,.T.);
#2747=EDGE_CURVE('',#2149,#2203,#1288,.T.);
#2748=EDGE_CURVE('',#2168,#2204,#1289,.T.);
#2749=EDGE_CURVE('',#2204,#2202,#410,.T.);
#2750=EDGE_CURVE('',#2167,#2205,#1290,.T.);
#2751=EDGE_CURVE('',#2205,#2204,#411,.T.);
#2752=EDGE_CURVE('',#2166,#2206,#1291,.T.);
#2753=EDGE_CURVE('',#2206,#2205,#412,.T.);
#2754=EDGE_CURVE('',#2165,#2207,#1292,.T.);
#2755=EDGE_CURVE('',#2207,#2206,#413,.T.);
#2756=EDGE_CURVE('',#2164,#2208,#1293,.T.);
#2757=EDGE_CURVE('',#2208,#2207,#414,.T.);
#2758=EDGE_CURVE('',#2163,#2209,#1294,.T.);
#2759=EDGE_CURVE('',#2209,#2208,#415,.T.);
#2760=EDGE_CURVE('',#2162,#2210,#1295,.T.);
#2761=EDGE_CURVE('',#2210,#2209,#416,.T.);
#2762=EDGE_CURVE('',#2161,#2211,#1296,.T.);
#2763=EDGE_CURVE('',#2211,#2210,#1297,.T.);
#2764=EDGE_CURVE('',#2160,#2212,#1298,.T.);
#2765=EDGE_CURVE('',#2212,#2211,#417,.T.);
#2766=EDGE_CURVE('',#2159,#2213,#1299,.T.);
#2767=EDGE_CURVE('',#2213,#2212,#418,.T.);
#2768=EDGE_CURVE('',#2158,#2214,#1300,.T.);
#2769=EDGE_CURVE('',#2214,#2213,#419,.T.);
#2770=EDGE_CURVE('',#2157,#2215,#1301,.T.);
#2771=EDGE_CURVE('',#2215,#2214,#420,.T.);
#2772=EDGE_CURVE('',#2156,#2216,#1302,.T.);
#2773=EDGE_CURVE('',#2216,#2215,#421,.T.);
#2774=EDGE_CURVE('',#2155,#2217,#1303,.T.);
#2775=EDGE_CURVE('',#2217,#2216,#422,.T.);
#2776=EDGE_CURVE('',#2154,#2218,#1304,.T.);
#2777=EDGE_CURVE('',#2218,#2217,#423,.T.);
#2778=EDGE_CURVE('',#2153,#2219,#1305,.T.);
#2779=EDGE_CURVE('',#2219,#2218,#424,.T.);
#2780=EDGE_CURVE('',#2152,#2220,#1306,.T.);
#2781=EDGE_CURVE('',#2220,#2219,#425,.T.);
#2782=EDGE_CURVE('',#2151,#2221,#1307,.T.);
#2783=EDGE_CURVE('',#2221,#2220,#426,.T.);
#2784=EDGE_CURVE('',#2150,#2222,#1308,.T.);
#2785=EDGE_CURVE('',#2222,#2221,#1309,.T.);
#2786=EDGE_CURVE('',#2203,#2222,#427,.T.);
#2787=EDGE_CURVE('',#2144,#2223,#1310,.T.);
#2788=EDGE_CURVE('',#2223,#2224,#1311,.T.);
#2789=EDGE_CURVE('',#2145,#2224,#1312,.T.);
#2790=EDGE_CURVE('',#2147,#2225,#1313,.T.);
#2791=EDGE_CURVE('',#2225,#2223,#1314,.T.);
#2792=EDGE_CURVE('',#2146,#2226,#1315,.T.);
#2793=EDGE_CURVE('',#2226,#2225,#1316,.T.);
#2794=EDGE_CURVE('',#2224,#2226,#1317,.T.);
#2795=EDGE_CURVE('',#2082,#2227,#1318,.T.);
#2796=EDGE_CURVE('',#2227,#2228,#428,.T.);
#2797=EDGE_CURVE('',#2083,#2228,#1319,.T.);
#2798=EDGE_CURVE('',#2103,#2229,#1320,.T.);
#2799=EDGE_CURVE('',#2229,#2227,#429,.T.);
#2800=EDGE_CURVE('',#2102,#2230,#1321,.T.);
#2801=EDGE_CURVE('',#2230,#2229,#430,.T.);
#2802=EDGE_CURVE('',#2101,#2231,#1322,.T.);
#2803=EDGE_CURVE('',#2231,#2230,#431,.T.);
#2804=EDGE_CURVE('',#2100,#2232,#1323,.T.);
#2805=EDGE_CURVE('',#2232,#2231,#432,.T.);
#2806=EDGE_CURVE('',#2099,#2233,#1324,.T.);
#2807=EDGE_CURVE('',#2233,#2232,#433,.T.);
#2808=EDGE_CURVE('',#2098,#2234,#1325,.T.);
#2809=EDGE_CURVE('',#2234,#2233,#434,.T.);
#2810=EDGE_CURVE('',#2097,#2235,#1326,.T.);
#2811=EDGE_CURVE('',#2235,#2234,#435,.T.);
#2812=EDGE_CURVE('',#2096,#2236,#1327,.T.);
#2813=EDGE_CURVE('',#2236,#2235,#1328,.T.);
#2814=EDGE_CURVE('',#2095,#2237,#1329,.T.);
#2815=EDGE_CURVE('',#2237,#2236,#436,.T.);
#2816=EDGE_CURVE('',#2094,#2238,#1330,.T.);
#2817=EDGE_CURVE('',#2238,#2237,#437,.T.);
#2818=EDGE_CURVE('',#2093,#2239,#1331,.T.);
#2819=EDGE_CURVE('',#2239,#2238,#438,.T.);
#2820=EDGE_CURVE('',#2092,#2240,#1332,.T.);
#2821=EDGE_CURVE('',#2240,#2239,#439,.T.);
#2822=EDGE_CURVE('',#2091,#2241,#1333,.T.);
#2823=EDGE_CURVE('',#2241,#2240,#440,.T.);
#2824=EDGE_CURVE('',#2090,#2242,#1334,.T.);
#2825=EDGE_CURVE('',#2242,#2241,#441,.T.);
#2826=EDGE_CURVE('',#2089,#2243,#1335,.T.);
#2827=EDGE_CURVE('',#2243,#2242,#442,.T.);
#2828=EDGE_CURVE('',#2088,#2244,#1336,.T.);
#2829=EDGE_CURVE('',#2244,#2243,#443,.T.);
#2830=EDGE_CURVE('',#2087,#2245,#1337,.T.);
#2831=EDGE_CURVE('',#2245,#2244,#444,.T.);
#2832=EDGE_CURVE('',#2086,#2246,#1338,.T.);
#2833=EDGE_CURVE('',#2246,#2245,#1339,.T.);
#2834=EDGE_CURVE('',#2085,#2247,#1340,.T.);
#2835=EDGE_CURVE('',#2247,#2246,#1341,.T.);
#2836=EDGE_CURVE('',#2084,#2248,#1342,.T.);
#2837=EDGE_CURVE('',#2248,#2247,#1343,.T.);
#2838=EDGE_CURVE('',#2228,#2248,#445,.T.);
#2839=EDGE_CURVE('',#2073,#2249,#1344,.T.);
#2840=EDGE_CURVE('',#2249,#2250,#446,.T.);
#2841=EDGE_CURVE('',#2074,#2250,#1345,.T.);
#2842=EDGE_CURVE('',#2081,#2251,#1346,.T.);
#2843=EDGE_CURVE('',#2251,#2249,#447,.T.);
#2844=EDGE_CURVE('',#2080,#2252,#1347,.T.);
#2845=EDGE_CURVE('',#2252,#2251,#1348,.T.);
#2846=EDGE_CURVE('',#2079,#2253,#1349,.T.);
#2847=EDGE_CURVE('',#2253,#2252,#448,.T.);
#2848=EDGE_CURVE('',#2078,#2254,#1350,.T.);
#2849=EDGE_CURVE('',#2254,#2253,#449,.T.);
#2850=EDGE_CURVE('',#2077,#2255,#1351,.T.);
#2851=EDGE_CURVE('',#2255,#2254,#1352,.T.);
#2852=EDGE_CURVE('',#2076,#2256,#1353,.T.);
#2853=EDGE_CURVE('',#2256,#2255,#1354,.T.);
#2854=EDGE_CURVE('',#2075,#2257,#1355,.T.);
#2855=EDGE_CURVE('',#2257,#2256,#1356,.T.);
#2856=EDGE_CURVE('',#2250,#2257,#1357,.T.);
#2857=EDGE_CURVE('',#2134,#2258,#1358,.T.);
#2858=EDGE_CURVE('',#2258,#2259,#450,.T.);
#2859=EDGE_CURVE('',#2135,#2259,#1359,.T.);
#2860=EDGE_CURVE('',#2142,#2260,#1360,.T.);
#2861=EDGE_CURVE('',#2260,#2258,#451,.T.);
#2862=EDGE_CURVE('',#2141,#2261,#1361,.T.);
#2863=EDGE_CURVE('',#2261,#2260,#1362,.T.);
#2864=EDGE_CURVE('',#2140,#2262,#1363,.T.);
#2865=EDGE_CURVE('',#2262,#2261,#452,.T.);
#2866=EDGE_CURVE('',#2139,#2263,#1364,.T.);
#2867=EDGE_CURVE('',#2263,#2262,#453,.T.);
#2868=EDGE_CURVE('',#2138,#2264,#1365,.T.);
#2869=EDGE_CURVE('',#2264,#2263,#1366,.T.);
#2870=EDGE_CURVE('',#2137,#2265,#1367,.T.);
#2871=EDGE_CURVE('',#2265,#2264,#1368,.T.);
#2872=EDGE_CURVE('',#2136,#2266,#1369,.T.);
#2873=EDGE_CURVE('',#2266,#2265,#1370,.T.);
#2874=EDGE_CURVE('',#2259,#2266,#1371,.T.);
#2875=EDGE_CURVE('',#2104,#2267,#1372,.T.);
#2876=EDGE_CURVE('',#2267,#2268,#454,.T.);
#2877=EDGE_CURVE('',#2105,#2268,#1373,.T.);
#2878=EDGE_CURVE('',#2133,#2269,#1374,.T.);
#2879=EDGE_CURVE('',#2269,#2267,#455,.T.);
#2880=EDGE_CURVE('',#2132,#2270,#1375,.T.);
#2881=EDGE_CURVE('',#2270,#2269,#456,.T.);
#2882=EDGE_CURVE('',#2131,#2271,#1376,.T.);
#2883=EDGE_CURVE('',#2271,#2270,#457,.T.);
#2884=EDGE_CURVE('',#2130,#2272,#1377,.T.);
#2885=EDGE_CURVE('',#2272,#2271,#458,.T.);
#2886=EDGE_CURVE('',#2129,#2273,#1378,.T.);
#2887=EDGE_CURVE('',#2273,#2272,#459,.T.);
#2888=EDGE_CURVE('',#2128,#2274,#1379,.T.);
#2889=EDGE_CURVE('',#2274,#2273,#460,.T.);
#2890=EDGE_CURVE('',#2127,#2275,#1380,.T.);
#2891=EDGE_CURVE('',#2275,#2274,#461,.T.);
#2892=EDGE_CURVE('',#2126,#2276,#1381,.T.);
#2893=EDGE_CURVE('',#2276,#2275,#462,.T.);
#2894=EDGE_CURVE('',#2125,#2277,#1382,.T.);
#2895=EDGE_CURVE('',#2277,#2276,#463,.T.);
#2896=EDGE_CURVE('',#2124,#2278,#1383,.T.);
#2897=EDGE_CURVE('',#2278,#2277,#464,.T.);
#2898=EDGE_CURVE('',#2123,#2279,#1384,.T.);
#2899=EDGE_CURVE('',#2279,#2278,#1385,.T.);
#2900=EDGE_CURVE('',#2122,#2280,#1386,.T.);
#2901=EDGE_CURVE('',#2280,#2279,#465,.T.);
#2902=EDGE_CURVE('',#2121,#2281,#1387,.T.);
#2903=EDGE_CURVE('',#2281,#2280,#466,.T.);
#2904=EDGE_CURVE('',#2120,#2282,#1388,.T.);
#2905=EDGE_CURVE('',#2282,#2281,#467,.T.);
#2906=EDGE_CURVE('',#2119,#2283,#1389,.T.);
#2907=EDGE_CURVE('',#2283,#2282,#468,.T.);
#2908=EDGE_CURVE('',#2118,#2284,#1390,.T.);
#2909=EDGE_CURVE('',#2284,#2283,#469,.T.);
#2910=EDGE_CURVE('',#2117,#2285,#1391,.T.);
#2911=EDGE_CURVE('',#2285,#2284,#470,.T.);
#2912=EDGE_CURVE('',#2116,#2286,#1392,.T.);
#2913=EDGE_CURVE('',#2286,#2285,#471,.T.);
#2914=EDGE_CURVE('',#2115,#2287,#1393,.T.);
#2915=EDGE_CURVE('',#2287,#2286,#1394,.T.);
#2916=EDGE_CURVE('',#2114,#2288,#1395,.T.);
#2917=EDGE_CURVE('',#2288,#2287,#472,.T.);
#2918=EDGE_CURVE('',#2113,#2289,#1396,.T.);
#2919=EDGE_CURVE('',#2289,#2288,#473,.T.);
#2920=EDGE_CURVE('',#2112,#2290,#1397,.T.);
#2921=EDGE_CURVE('',#2290,#2289,#474,.T.);
#2922=EDGE_CURVE('',#2111,#2291,#1398,.T.);
#2923=EDGE_CURVE('',#2291,#2290,#475,.T.);
#2924=EDGE_CURVE('',#2110,#2292,#1399,.T.);
#2925=EDGE_CURVE('',#2292,#2291,#476,.T.);
#2926=EDGE_CURVE('',#2109,#2293,#1400,.T.);
#2927=EDGE_CURVE('',#2293,#2292,#477,.T.);
#2928=EDGE_CURVE('',#2108,#2294,#1401,.T.);
#2929=EDGE_CURVE('',#2294,#2293,#478,.T.);
#2930=EDGE_CURVE('',#2107,#2295,#1402,.T.);
#2931=EDGE_CURVE('',#2295,#2294,#1403,.T.);
#2932=EDGE_CURVE('',#2106,#2296,#1404,.T.);
#2933=EDGE_CURVE('',#2296,#2295,#479,.T.);
#2934=EDGE_CURVE('',#2268,#2296,#480,.T.);
#2935=EDGE_CURVE('',#2057,#2297,#1405,.T.);
#2936=EDGE_CURVE('',#2297,#2298,#481,.T.);
#2937=EDGE_CURVE('',#2058,#2298,#1406,.T.);
#2938=EDGE_CURVE('',#2072,#2299,#1407,.T.);
#2939=EDGE_CURVE('',#2299,#2297,#482,.T.);
#2940=EDGE_CURVE('',#2071,#2300,#1408,.T.);
#2941=EDGE_CURVE('',#2300,#2299,#483,.T.);
#2942=EDGE_CURVE('',#2070,#2301,#1409,.T.);
#2943=EDGE_CURVE('',#2301,#2300,#484,.T.);
#2944=EDGE_CURVE('',#2069,#2302,#1410,.T.);
#2945=EDGE_CURVE('',#2302,#2301,#485,.T.);
#2946=EDGE_CURVE('',#2068,#2303,#1411,.T.);
#2947=EDGE_CURVE('',#2303,#2302,#486,.T.);
#2948=EDGE_CURVE('',#2067,#2304,#1412,.T.);
#2949=EDGE_CURVE('',#2304,#2303,#487,.T.);
#2950=EDGE_CURVE('',#2066,#2305,#1413,.T.);
#2951=EDGE_CURVE('',#2305,#2304,#488,.T.);
#2952=EDGE_CURVE('',#2065,#2306,#1414,.T.);
#2953=EDGE_CURVE('',#2306,#2305,#489,.T.);
#2954=EDGE_CURVE('',#2064,#2307,#1415,.T.);
#2955=EDGE_CURVE('',#2307,#2306,#490,.T.);
#2956=EDGE_CURVE('',#2063,#2308,#1416,.T.);
#2957=EDGE_CURVE('',#2308,#2307,#491,.T.);
#2958=EDGE_CURVE('',#2062,#2309,#1417,.T.);
#2959=EDGE_CURVE('',#2309,#2308,#492,.T.);
#2960=EDGE_CURVE('',#2061,#2310,#1418,.T.);
#2961=EDGE_CURVE('',#2310,#2309,#493,.T.);
#2962=EDGE_CURVE('',#2060,#2311,#1419,.T.);
#2963=EDGE_CURVE('',#2311,#2310,#494,.T.);
#2964=EDGE_CURVE('',#2059,#2312,#1420,.T.);
#2965=EDGE_CURVE('',#2312,#2311,#495,.T.);
#2966=EDGE_CURVE('',#2298,#2312,#496,.T.);
#2967=EDGE_CURVE('',#1962,#2313,#1421,.T.);
#2968=EDGE_CURVE('',#2313,#2314,#497,.T.);
#2969=EDGE_CURVE('',#1963,#2314,#1422,.T.);
#2970=EDGE_CURVE('',#1983,#2315,#1423,.T.);
#2971=EDGE_CURVE('',#2315,#2313,#498,.T.);
#2972=EDGE_CURVE('',#1982,#2316,#1424,.T.);
#2973=EDGE_CURVE('',#2316,#2315,#499,.T.);
#2974=EDGE_CURVE('',#1981,#2317,#1425,.T.);
#2975=EDGE_CURVE('',#2317,#2316,#500,.T.);
#2976=EDGE_CURVE('',#1980,#2318,#1426,.T.);
#2977=EDGE_CURVE('',#2318,#2317,#501,.T.);
#2978=EDGE_CURVE('',#1979,#2319,#1427,.T.);
#2979=EDGE_CURVE('',#2319,#2318,#1428,.T.);
#2980=EDGE_CURVE('',#1978,#2320,#1429,.T.);
#2981=EDGE_CURVE('',#2320,#2319,#1430,.T.);
#2982=EDGE_CURVE('',#1977,#2321,#1431,.T.);
#2983=EDGE_CURVE('',#2321,#2320,#1432,.T.);
#2984=EDGE_CURVE('',#1976,#2322,#1433,.T.);
#2985=EDGE_CURVE('',#2322,#2321,#1434,.T.);
#2986=EDGE_CURVE('',#1975,#2323,#1435,.T.);
#2987=EDGE_CURVE('',#2323,#2322,#1436,.T.);
#2988=EDGE_CURVE('',#1974,#2324,#1437,.T.);
#2989=EDGE_CURVE('',#2324,#2323,#1438,.T.);
#2990=EDGE_CURVE('',#1973,#2325,#1439,.T.);
#2991=EDGE_CURVE('',#2325,#2324,#502,.T.);
#2992=EDGE_CURVE('',#1972,#2326,#1440,.T.);
#2993=EDGE_CURVE('',#2326,#2325,#503,.T.);
#2994=EDGE_CURVE('',#1971,#2327,#1441,.T.);
#2995=EDGE_CURVE('',#2327,#2326,#504,.T.);
#2996=EDGE_CURVE('',#1970,#2328,#1442,.T.);
#2997=EDGE_CURVE('',#2328,#2327,#505,.T.);
#2998=EDGE_CURVE('',#1969,#2329,#1443,.T.);
#2999=EDGE_CURVE('',#2329,#2328,#506,.T.);
#3000=EDGE_CURVE('',#1968,#2330,#1444,.T.);
#3001=EDGE_CURVE('',#2330,#2329,#507,.T.);
#3002=EDGE_CURVE('',#1967,#2331,#1445,.T.);
#3003=EDGE_CURVE('',#2331,#2330,#508,.T.);
#3004=EDGE_CURVE('',#1966,#2332,#1446,.T.);
#3005=EDGE_CURVE('',#2332,#2331,#509,.T.);
#3006=EDGE_CURVE('',#1965,#2333,#1447,.T.);
#3007=EDGE_CURVE('',#2333,#2332,#1448,.T.);
#3008=EDGE_CURVE('',#1964,#2334,#1449,.T.);
#3009=EDGE_CURVE('',#2334,#2333,#510,.T.);
#3010=EDGE_CURVE('',#2314,#2334,#511,.T.);
#3011=EDGE_CURVE('',#1984,#2335,#1450,.T.);
#3012=EDGE_CURVE('',#2335,#2336,#512,.T.);
#3013=EDGE_CURVE('',#1985,#2336,#1451,.T.);
#3014=EDGE_CURVE('',#2013,#2337,#1452,.T.);
#3015=EDGE_CURVE('',#2337,#2335,#513,.T.);
#3016=EDGE_CURVE('',#2012,#2338,#1453,.T.);
#3017=EDGE_CURVE('',#2338,#2337,#514,.T.);
#3018=EDGE_CURVE('',#2011,#2339,#1454,.T.);
#3019=EDGE_CURVE('',#2339,#2338,#515,.T.);
#3020=EDGE_CURVE('',#2010,#2340,#1455,.T.);
#3021=EDGE_CURVE('',#2340,#2339,#516,.T.);
#3022=EDGE_CURVE('',#2009,#2341,#1456,.T.);
#3023=EDGE_CURVE('',#2341,#2340,#517,.T.);
#3024=EDGE_CURVE('',#2008,#2342,#1457,.T.);
#3025=EDGE_CURVE('',#2342,#2341,#518,.T.);
#3026=EDGE_CURVE('',#2007,#2343,#1458,.T.);
#3027=EDGE_CURVE('',#2343,#2342,#519,.T.);
#3028=EDGE_CURVE('',#2006,#2344,#1459,.T.);
#3029=EDGE_CURVE('',#2344,#2343,#520,.T.);
#3030=EDGE_CURVE('',#2005,#2345,#1460,.T.);
#3031=EDGE_CURVE('',#2345,#2344,#521,.T.);
#3032=EDGE_CURVE('',#2004,#2346,#1461,.T.);
#3033=EDGE_CURVE('',#2346,#2345,#522,.T.);
#3034=EDGE_CURVE('',#2003,#2347,#1462,.T.);
#3035=EDGE_CURVE('',#2347,#2346,#1463,.T.);
#3036=EDGE_CURVE('',#2002,#2348,#1464,.T.);
#3037=EDGE_CURVE('',#2348,#2347,#523,.T.);
#3038=EDGE_CURVE('',#2001,#2349,#1465,.T.);
#3039=EDGE_CURVE('',#2349,#2348,#524,.T.);
#3040=EDGE_CURVE('',#2000,#2350,#1466,.T.);
#3041=EDGE_CURVE('',#2350,#2349,#525,.T.);
#3042=EDGE_CURVE('',#1999,#2351,#1467,.T.);
#3043=EDGE_CURVE('',#2351,#2350,#526,.T.);
#3044=EDGE_CURVE('',#1998,#2352,#1468,.T.);
#3045=EDGE_CURVE('',#2352,#2351,#527,.T.);
#3046=EDGE_CURVE('',#1997,#2353,#1469,.T.);
#3047=EDGE_CURVE('',#2353,#2352,#528,.T.);
#3048=EDGE_CURVE('',#1996,#2354,#1470,.T.);
#3049=EDGE_CURVE('',#2354,#2353,#529,.T.);
#3050=EDGE_CURVE('',#1995,#2355,#1471,.T.);
#3051=EDGE_CURVE('',#2355,#2354,#1472,.T.);
#3052=EDGE_CURVE('',#1994,#2356,#1473,.T.);
#3053=EDGE_CURVE('',#2356,#2355,#530,.T.);
#3054=EDGE_CURVE('',#1993,#2357,#1474,.T.);
#3055=EDGE_CURVE('',#2357,#2356,#531,.T.);
#3056=EDGE_CURVE('',#1992,#2358,#1475,.T.);
#3057=EDGE_CURVE('',#2358,#2357,#532,.T.);
#3058=EDGE_CURVE('',#1991,#2359,#1476,.T.);
#3059=EDGE_CURVE('',#2359,#2358,#533,.T.);
#3060=EDGE_CURVE('',#1990,#2360,#1477,.T.);
#3061=EDGE_CURVE('',#2360,#2359,#534,.T.);
#3062=EDGE_CURVE('',#1989,#2361,#1478,.T.);
#3063=EDGE_CURVE('',#2361,#2360,#535,.T.);
#3064=EDGE_CURVE('',#1988,#2362,#1479,.T.);
#3065=EDGE_CURVE('',#2362,#2361,#536,.T.);
#3066=EDGE_CURVE('',#1987,#2363,#1480,.T.);
#3067=EDGE_CURVE('',#2363,#2362,#1481,.T.);
#3068=EDGE_CURVE('',#1986,#2364,#1482,.T.);
#3069=EDGE_CURVE('',#2364,#2363,#537,.T.);
#3070=EDGE_CURVE('',#2336,#2364,#538,.T.);
#3071=EDGE_CURVE('',#2014,#2365,#1483,.T.);
#3072=EDGE_CURVE('',#2365,#2366,#539,.T.);
#3073=EDGE_CURVE('',#2015,#2366,#1484,.T.);
#3074=EDGE_CURVE('',#2035,#2367,#1485,.T.);
#3075=EDGE_CURVE('',#2367,#2365,#540,.T.);
#3076=EDGE_CURVE('',#2034,#2368,#1486,.T.);
#3077=EDGE_CURVE('',#2368,#2367,#541,.T.);
#3078=EDGE_CURVE('',#2033,#2369,#1487,.T.);
#3079=EDGE_CURVE('',#2369,#2368,#542,.T.);
#3080=EDGE_CURVE('',#2032,#2370,#1488,.T.);
#3081=EDGE_CURVE('',#2370,#2369,#543,.T.);
#3082=EDGE_CURVE('',#2031,#2371,#1489,.T.);
#3083=EDGE_CURVE('',#2371,#2370,#544,.T.);
#3084=EDGE_CURVE('',#2030,#2372,#1490,.T.);
#3085=EDGE_CURVE('',#2372,#2371,#545,.T.);
#3086=EDGE_CURVE('',#2029,#2373,#1491,.T.);
#3087=EDGE_CURVE('',#2373,#2372,#546,.T.);
#3088=EDGE_CURVE('',#2028,#2374,#1492,.T.);
#3089=EDGE_CURVE('',#2374,#2373,#1493,.T.);
#3090=EDGE_CURVE('',#2027,#2375,#1494,.T.);
#3091=EDGE_CURVE('',#2375,#2374,#547,.T.);
#3092=EDGE_CURVE('',#2026,#2376,#1495,.T.);
#3093=EDGE_CURVE('',#2376,#2375,#548,.T.);
#3094=EDGE_CURVE('',#2025,#2377,#1496,.T.);
#3095=EDGE_CURVE('',#2377,#2376,#549,.T.);
#3096=EDGE_CURVE('',#2024,#2378,#1497,.T.);
#3097=EDGE_CURVE('',#2378,#2377,#550,.T.);
#3098=EDGE_CURVE('',#2023,#2379,#1498,.T.);
#3099=EDGE_CURVE('',#2379,#2378,#551,.T.);
#3100=EDGE_CURVE('',#2022,#2380,#1499,.T.);
#3101=EDGE_CURVE('',#2380,#2379,#552,.T.);
#3102=EDGE_CURVE('',#2021,#2381,#1500,.T.);
#3103=EDGE_CURVE('',#2381,#2380,#553,.T.);
#3104=EDGE_CURVE('',#2020,#2382,#1501,.T.);
#3105=EDGE_CURVE('',#2382,#2381,#554,.T.);
#3106=EDGE_CURVE('',#2019,#2383,#1502,.T.);
#3107=EDGE_CURVE('',#2383,#2382,#555,.T.);
#3108=EDGE_CURVE('',#2018,#2384,#1503,.T.);
#3109=EDGE_CURVE('',#2384,#2383,#1504,.T.);
#3110=EDGE_CURVE('',#2017,#2385,#1505,.T.);
#3111=EDGE_CURVE('',#2385,#2384,#1506,.T.);
#3112=EDGE_CURVE('',#2016,#2386,#1507,.T.);
#3113=EDGE_CURVE('',#2386,#2385,#1508,.T.);
#3114=EDGE_CURVE('',#2366,#2386,#556,.T.);
#3115=EDGE_CURVE('',#2036,#2387,#1509,.T.);
#3116=EDGE_CURVE('',#2387,#2388,#557,.T.);
#3117=EDGE_CURVE('',#2037,#2388,#1510,.T.);
#3118=EDGE_CURVE('',#2044,#2389,#1511,.T.);
#3119=EDGE_CURVE('',#2389,#2387,#558,.T.);
#3120=EDGE_CURVE('',#2043,#2390,#1512,.T.);
#3121=EDGE_CURVE('',#2390,#2389,#1513,.T.);
#3122=EDGE_CURVE('',#2042,#2391,#1514,.T.);
#3123=EDGE_CURVE('',#2391,#2390,#559,.T.);
#3124=EDGE_CURVE('',#2041,#2392,#1515,.T.);
#3125=EDGE_CURVE('',#2392,#2391,#560,.T.);
#3126=EDGE_CURVE('',#2040,#2393,#1516,.T.);
#3127=EDGE_CURVE('',#2393,#2392,#1517,.T.);
#3128=EDGE_CURVE('',#2039,#2394,#1518,.T.);
#3129=EDGE_CURVE('',#2394,#2393,#1519,.T.);
#3130=EDGE_CURVE('',#2038,#2395,#1520,.T.);
#3131=EDGE_CURVE('',#2395,#2394,#1521,.T.);
#3132=EDGE_CURVE('',#2388,#2395,#1522,.T.);
#3133=EDGE_CURVE('',#2045,#2396,#1523,.T.);
#3134=EDGE_CURVE('',#2396,#2397,#561,.T.);
#3135=EDGE_CURVE('',#2046,#2397,#1524,.T.);
#3136=EDGE_CURVE('',#2056,#2398,#1525,.T.);
#3137=EDGE_CURVE('',#2398,#2396,#562,.T.);
#3138=EDGE_CURVE('',#2055,#2399,#1526,.T.);
#3139=EDGE_CURVE('',#2399,#2398,#563,.T.);
#3140=EDGE_CURVE('',#2054,#2400,#1527,.T.);
#3141=EDGE_CURVE('',#2400,#2399,#564,.T.);
#3142=EDGE_CURVE('',#2053,#2401,#1528,.T.);
#3143=EDGE_CURVE('',#2401,#2400,#565,.T.);
#3144=EDGE_CURVE('',#2052,#2402,#1529,.T.);
#3145=EDGE_CURVE('',#2402,#2401,#566,.T.);
#3146=EDGE_CURVE('',#2051,#2403,#1530,.T.);
#3147=EDGE_CURVE('',#2403,#2402,#567,.T.);
#3148=EDGE_CURVE('',#2050,#2404,#1531,.T.);
#3149=EDGE_CURVE('',#2404,#2403,#568,.T.);
#3150=EDGE_CURVE('',#2049,#2405,#1532,.T.);
#3151=EDGE_CURVE('',#2405,#2404,#569,.T.);
#3152=EDGE_CURVE('',#2048,#2406,#1533,.T.);
#3153=EDGE_CURVE('',#2406,#2405,#570,.T.);
#3154=EDGE_CURVE('',#2047,#2407,#1534,.T.);
#3155=EDGE_CURVE('',#2407,#2406,#571,.T.);
#3156=EDGE_CURVE('',#2397,#2407,#572,.T.);
#3157=ORIENTED_EDGE('',*,*,#2408,.F.);
#3158=ORIENTED_EDGE('',*,*,#2409,.F.);
#3159=ORIENTED_EDGE('',*,*,#2410,.F.);
#3160=ORIENTED_EDGE('',*,*,#2411,.F.);
#3161=ORIENTED_EDGE('',*,*,#2412,.F.);
#3162=ORIENTED_EDGE('',*,*,#2413,.F.);
#3163=ORIENTED_EDGE('',*,*,#2414,.F.);
#3164=ORIENTED_EDGE('',*,*,#2415,.F.);
#3165=ORIENTED_EDGE('',*,*,#2410,.T.);
#3166=ORIENTED_EDGE('',*,*,#2416,.T.);
#3167=ORIENTED_EDGE('',*,*,#2414,.T.);
#3168=ORIENTED_EDGE('',*,*,#2417,.T.);
#3169=ORIENTED_EDGE('',*,*,#2418,.F.);
#3170=ORIENTED_EDGE('',*,*,#2419,.F.);
#3171=ORIENTED_EDGE('',*,*,#2420,.F.);
#3172=ORIENTED_EDGE('',*,*,#2411,.T.);
#3173=ORIENTED_EDGE('',*,*,#2421,.T.);
#3174=ORIENTED_EDGE('',*,*,#2419,.T.);
#3175=ORIENTED_EDGE('',*,*,#2422,.T.);
#3176=ORIENTED_EDGE('',*,*,#2423,.F.);
#3177=ORIENTED_EDGE('',*,*,#2424,.F.);
#3178=ORIENTED_EDGE('',*,*,#2425,.F.);
#3179=ORIENTED_EDGE('',*,*,#2426,.F.);
#3180=ORIENTED_EDGE('',*,*,#2427,.F.);
#3181=ORIENTED_EDGE('',*,*,#2428,.F.);
#3182=ORIENTED_EDGE('',*,*,#2409,.T.);
#3183=ORIENTED_EDGE('',*,*,#2429,.T.);
#3184=ORIENTED_EDGE('',*,*,#2427,.T.);
#3185=ORIENTED_EDGE('',*,*,#2430,.T.);
#3186=ORIENTED_EDGE('',*,*,#2431,.F.);
#3187=ORIENTED_EDGE('',*,*,#2432,.F.);
#3188=ORIENTED_EDGE('',*,*,#2433,.F.);
#3189=ORIENTED_EDGE('',*,*,#2408,.T.);
#3190=ORIENTED_EDGE('',*,*,#2434,.T.);
#3191=ORIENTED_EDGE('',*,*,#2432,.T.);
#3192=ORIENTED_EDGE('',*,*,#2435,.T.);
#3193=ORIENTED_EDGE('',*,*,#2436,.F.);
#3194=ORIENTED_EDGE('',*,*,#2437,.F.);
#3195=ORIENTED_EDGE('',*,*,#2438,.F.);
#3196=ORIENTED_EDGE('',*,*,#2415,.T.);
#3197=ORIENTED_EDGE('',*,*,#2439,.T.);
#3198=ORIENTED_EDGE('',*,*,#2437,.T.);
#3199=ORIENTED_EDGE('',*,*,#2440,.T.);
#3200=ORIENTED_EDGE('',*,*,#2438,.T.);
#3201=ORIENTED_EDGE('',*,*,#2441,.T.);
#3202=ORIENTED_EDGE('',*,*,#2426,.T.);
#3203=ORIENTED_EDGE('',*,*,#2442,.T.);
#3204=ORIENTED_EDGE('',*,*,#2443,.F.);
#3205=ORIENTED_EDGE('',*,*,#2444,.F.);
#3206=ORIENTED_EDGE('',*,*,#2445,.F.);
#3207=ORIENTED_EDGE('',*,*,#2444,.T.);
#3208=ORIENTED_EDGE('',*,*,#2446,.T.);
#3209=ORIENTED_EDGE('',*,*,#2418,.T.);
#3210=ORIENTED_EDGE('',*,*,#2447,.T.);
#3211=ORIENTED_EDGE('',*,*,#2448,.F.);
#3212=ORIENTED_EDGE('',*,*,#2449,.F.);
#3213=ORIENTED_EDGE('',*,*,#2450,.F.);
#3214=ORIENTED_EDGE('',*,*,#2420,.T.);
#3215=ORIENTED_EDGE('',*,*,#2451,.T.);
#3216=ORIENTED_EDGE('',*,*,#2449,.T.);
#3217=ORIENTED_EDGE('',*,*,#2452,.T.);
#3218=ORIENTED_EDGE('',*,*,#2450,.T.);
#3219=ORIENTED_EDGE('',*,*,#2453,.T.);
#3220=ORIENTED_EDGE('',*,*,#2413,.T.);
#3221=ORIENTED_EDGE('',*,*,#2454,.T.);
#3222=ORIENTED_EDGE('',*,*,#2455,.F.);
#3223=ORIENTED_EDGE('',*,*,#2456,.F.);
#3224=ORIENTED_EDGE('',*,*,#2457,.F.);
#3225=ORIENTED_EDGE('',*,*,#2458,.F.);
#3226=ORIENTED_EDGE('',*,*,#2459,.F.);
#3227=ORIENTED_EDGE('',*,*,#2460,.F.);
#3228=ORIENTED_EDGE('',*,*,#2461,.F.);
#3229=ORIENTED_EDGE('',*,*,#2462,.F.);
#3230=ORIENTED_EDGE('',*,*,#2463,.F.);
#3231=ORIENTED_EDGE('',*,*,#2464,.F.);
#3232=ORIENTED_EDGE('',*,*,#2465,.F.);
#3233=ORIENTED_EDGE('',*,*,#2456,.T.);
#3234=ORIENTED_EDGE('',*,*,#2466,.T.);
#3235=ORIENTED_EDGE('',*,*,#2462,.T.);
#3236=ORIENTED_EDGE('',*,*,#2467,.T.);
#3237=ORIENTED_EDGE('',*,*,#2463,.T.);
#3238=ORIENTED_EDGE('',*,*,#2468,.T.);
#3239=ORIENTED_EDGE('',*,*,#2445,.T.);
#3240=ORIENTED_EDGE('',*,*,#2469,.T.);
#3241=ORIENTED_EDGE('',*,*,#2448,.T.);
#3242=ORIENTED_EDGE('',*,*,#2470,.T.);
#3243=ORIENTED_EDGE('',*,*,#2464,.T.);
#3244=ORIENTED_EDGE('',*,*,#2471,.T.);
#3245=ORIENTED_EDGE('',*,*,#2436,.T.);
#3246=ORIENTED_EDGE('',*,*,#2472,.T.);
#3247=ORIENTED_EDGE('',*,*,#2465,.T.);
#3248=ORIENTED_EDGE('',*,*,#2473,.T.);
#3249=ORIENTED_EDGE('',*,*,#2459,.T.);
#3250=ORIENTED_EDGE('',*,*,#2474,.T.);
#3251=ORIENTED_EDGE('',*,*,#2461,.T.);
#3252=ORIENTED_EDGE('',*,*,#2475,.T.);
#3253=ORIENTED_EDGE('',*,*,#2428,.T.);
#3254=ORIENTED_EDGE('',*,*,#2476,.T.);
#3255=ORIENTED_EDGE('',*,*,#2460,.T.);
#3256=ORIENTED_EDGE('',*,*,#2477,.T.);
#3257=ORIENTED_EDGE('',*,*,#2458,.T.);
#3258=ORIENTED_EDGE('',*,*,#2478,.T.);
#3259=ORIENTED_EDGE('',*,*,#2431,.T.);
#3260=ORIENTED_EDGE('',*,*,#2479,.T.);
#3261=ORIENTED_EDGE('',*,*,#2433,.T.);
#3262=ORIENTED_EDGE('',*,*,#2480,.T.);
#3263=ORIENTED_EDGE('',*,*,#2457,.T.);
#3264=ORIENTED_EDGE('',*,*,#2481,.T.);
#3265=ORIENTED_EDGE('',*,*,#2455,.T.);
#3266=ORIENTED_EDGE('',*,*,#2482,.T.);
#3267=ORIENTED_EDGE('',*,*,#2424,.T.);
#3268=ORIENTED_EDGE('',*,*,#2483,.T.);
#3269=ORIENTED_EDGE('',*,*,#2443,.T.);
#3270=ORIENTED_EDGE('',*,*,#2484,.T.);
#3271=ORIENTED_EDGE('',*,*,#2423,.T.);
#3272=ORIENTED_EDGE('',*,*,#2485,.T.);
#3273=ORIENTED_EDGE('',*,*,#2425,.T.);
#3274=ORIENTED_EDGE('',*,*,#2486,.T.);
#3275=ORIENTED_EDGE('',*,*,#2412,.T.);
#3276=ORIENTED_EDGE('',*,*,#2487,.T.);
#3277=ORIENTED_EDGE('',*,*,#2417,.F.);
#3278=ORIENTED_EDGE('',*,*,#2453,.F.);
#3279=ORIENTED_EDGE('',*,*,#2451,.F.);
#3280=ORIENTED_EDGE('',*,*,#2421,.F.);
#3281=ORIENTED_EDGE('',*,*,#2488,.T.);
#3282=ORIENTED_EDGE('',*,*,#2489,.T.);
#3283=ORIENTED_EDGE('',*,*,#2490,.T.);
#3284=ORIENTED_EDGE('',*,*,#2491,.T.);
#3285=ORIENTED_EDGE('',*,*,#2492,.T.);
#3286=ORIENTED_EDGE('',*,*,#2493,.T.);
#3287=ORIENTED_EDGE('',*,*,#2494,.T.);
#3288=ORIENTED_EDGE('',*,*,#2495,.T.);
#3289=ORIENTED_EDGE('',*,*,#2496,.T.);
#3290=ORIENTED_EDGE('',*,*,#2497,.T.);
#3291=ORIENTED_EDGE('',*,*,#2498,.T.);
#3292=ORIENTED_EDGE('',*,*,#2499,.T.);
#3293=ORIENTED_EDGE('',*,*,#2500,.T.);
#3294=ORIENTED_EDGE('',*,*,#2501,.T.);
#3295=ORIENTED_EDGE('',*,*,#2502,.T.);
#3296=ORIENTED_EDGE('',*,*,#2503,.T.);
#3297=ORIENTED_EDGE('',*,*,#2504,.T.);
#3298=ORIENTED_EDGE('',*,*,#2505,.T.);
#3299=ORIENTED_EDGE('',*,*,#2506,.T.);
#3300=ORIENTED_EDGE('',*,*,#2507,.T.);
#3301=ORIENTED_EDGE('',*,*,#2508,.T.);
#3302=ORIENTED_EDGE('',*,*,#2509,.T.);
#3303=ORIENTED_EDGE('',*,*,#2416,.F.);
#3304=ORIENTED_EDGE('',*,*,#2430,.F.);
#3305=ORIENTED_EDGE('',*,*,#2441,.F.);
#3306=ORIENTED_EDGE('',*,*,#2439,.F.);
#3307=ORIENTED_EDGE('',*,*,#2510,.T.);
#3308=ORIENTED_EDGE('',*,*,#2511,.T.);
#3309=ORIENTED_EDGE('',*,*,#2512,.T.);
#3310=ORIENTED_EDGE('',*,*,#2513,.T.);
#3311=ORIENTED_EDGE('',*,*,#2514,.T.);
#3312=ORIENTED_EDGE('',*,*,#2515,.T.);
#3313=ORIENTED_EDGE('',*,*,#2516,.T.);
#3314=ORIENTED_EDGE('',*,*,#2517,.T.);
#3315=ORIENTED_EDGE('',*,*,#2518,.T.);
#3316=ORIENTED_EDGE('',*,*,#2519,.T.);
#3317=ORIENTED_EDGE('',*,*,#2520,.T.);
#3318=ORIENTED_EDGE('',*,*,#2521,.T.);
#3319=ORIENTED_EDGE('',*,*,#2522,.T.);
#3320=ORIENTED_EDGE('',*,*,#2523,.T.);
#3321=ORIENTED_EDGE('',*,*,#2524,.T.);
#3322=ORIENTED_EDGE('',*,*,#2525,.T.);
#3323=ORIENTED_EDGE('',*,*,#2526,.T.);
#3324=ORIENTED_EDGE('',*,*,#2527,.T.);
#3325=ORIENTED_EDGE('',*,*,#2528,.T.);
#3326=ORIENTED_EDGE('',*,*,#2529,.T.);
#3327=ORIENTED_EDGE('',*,*,#2530,.T.);
#3328=ORIENTED_EDGE('',*,*,#2531,.T.);
#3329=ORIENTED_EDGE('',*,*,#2532,.T.);
#3330=ORIENTED_EDGE('',*,*,#2533,.T.);
#3331=ORIENTED_EDGE('',*,*,#2534,.T.);
#3332=ORIENTED_EDGE('',*,*,#2535,.T.);
#3333=ORIENTED_EDGE('',*,*,#2536,.T.);
#3334=ORIENTED_EDGE('',*,*,#2537,.T.);
#3335=ORIENTED_EDGE('',*,*,#2538,.T.);
#3336=ORIENTED_EDGE('',*,*,#2539,.T.);
#3337=ORIENTED_EDGE('',*,*,#2422,.F.);
#3338=ORIENTED_EDGE('',*,*,#2446,.F.);
#3339=ORIENTED_EDGE('',*,*,#2485,.F.);
#3340=ORIENTED_EDGE('',*,*,#2487,.F.);
#3341=ORIENTED_EDGE('',*,*,#2540,.T.);
#3342=ORIENTED_EDGE('',*,*,#2541,.T.);
#3343=ORIENTED_EDGE('',*,*,#2542,.T.);
#3344=ORIENTED_EDGE('',*,*,#2543,.T.);
#3345=ORIENTED_EDGE('',*,*,#2544,.T.);
#3346=ORIENTED_EDGE('',*,*,#2545,.T.);
#3347=ORIENTED_EDGE('',*,*,#2546,.T.);
#3348=ORIENTED_EDGE('',*,*,#2547,.T.);
#3349=ORIENTED_EDGE('',*,*,#2548,.T.);
#3350=ORIENTED_EDGE('',*,*,#2549,.T.);
#3351=ORIENTED_EDGE('',*,*,#2550,.T.);
#3352=ORIENTED_EDGE('',*,*,#2551,.T.);
#3353=ORIENTED_EDGE('',*,*,#2552,.T.);
#3354=ORIENTED_EDGE('',*,*,#2553,.T.);
#3355=ORIENTED_EDGE('',*,*,#2554,.T.);
#3356=ORIENTED_EDGE('',*,*,#2555,.T.);
#3357=ORIENTED_EDGE('',*,*,#2556,.T.);
#3358=ORIENTED_EDGE('',*,*,#2557,.T.);
#3359=ORIENTED_EDGE('',*,*,#2558,.T.);
#3360=ORIENTED_EDGE('',*,*,#2559,.T.);
#3361=ORIENTED_EDGE('',*,*,#2560,.T.);
#3362=ORIENTED_EDGE('',*,*,#2561,.T.);
#3363=ORIENTED_EDGE('',*,*,#2429,.F.);
#3364=ORIENTED_EDGE('',*,*,#2435,.F.);
#3365=ORIENTED_EDGE('',*,*,#2478,.F.);
#3366=ORIENTED_EDGE('',*,*,#2476,.F.);
#3367=ORIENTED_EDGE('',*,*,#2562,.T.);
#3368=ORIENTED_EDGE('',*,*,#2563,.T.);
#3369=ORIENTED_EDGE('',*,*,#2564,.T.);
#3370=ORIENTED_EDGE('',*,*,#2565,.T.);
#3371=ORIENTED_EDGE('',*,*,#2566,.T.);
#3372=ORIENTED_EDGE('',*,*,#2567,.T.);
#3373=ORIENTED_EDGE('',*,*,#2568,.T.);
#3374=ORIENTED_EDGE('',*,*,#2569,.T.);
#3375=ORIENTED_EDGE('',*,*,#2570,.T.);
#3376=ORIENTED_EDGE('',*,*,#2434,.F.);
#3377=ORIENTED_EDGE('',*,*,#2486,.F.);
#3378=ORIENTED_EDGE('',*,*,#2482,.F.);
#3379=ORIENTED_EDGE('',*,*,#2480,.F.);
#3380=ORIENTED_EDGE('',*,*,#2571,.T.);
#3381=ORIENTED_EDGE('',*,*,#2572,.T.);
#3382=ORIENTED_EDGE('',*,*,#2573,.T.);
#3383=ORIENTED_EDGE('',*,*,#2574,.T.);
#3384=ORIENTED_EDGE('',*,*,#2575,.T.);
#3385=ORIENTED_EDGE('',*,*,#2576,.T.);
#3386=ORIENTED_EDGE('',*,*,#2577,.T.);
#3387=ORIENTED_EDGE('',*,*,#2578,.T.);
#3388=ORIENTED_EDGE('',*,*,#2579,.T.);
#3389=ORIENTED_EDGE('',*,*,#2580,.T.);
#3390=ORIENTED_EDGE('',*,*,#2581,.T.);
#3391=ORIENTED_EDGE('',*,*,#2582,.T.);
#3392=ORIENTED_EDGE('',*,*,#2440,.F.);
#3393=ORIENTED_EDGE('',*,*,#2473,.F.);
#3394=ORIENTED_EDGE('',*,*,#2470,.F.);
#3395=ORIENTED_EDGE('',*,*,#2454,.F.);
#3396=ORIENTED_EDGE('',*,*,#2583,.T.);
#3397=ORIENTED_EDGE('',*,*,#2584,.T.);
#3398=ORIENTED_EDGE('',*,*,#2585,.T.);
#3399=ORIENTED_EDGE('',*,*,#2586,.T.);
#3400=ORIENTED_EDGE('',*,*,#2587,.T.);
#3401=ORIENTED_EDGE('',*,*,#2588,.T.);
#3402=ORIENTED_EDGE('',*,*,#2589,.T.);
#3403=ORIENTED_EDGE('',*,*,#2590,.T.);
#3404=ORIENTED_EDGE('',*,*,#2591,.T.);
#3405=ORIENTED_EDGE('',*,*,#2592,.T.);
#3406=ORIENTED_EDGE('',*,*,#2593,.T.);
#3407=ORIENTED_EDGE('',*,*,#2594,.T.);
#3408=ORIENTED_EDGE('',*,*,#2595,.T.);
#3409=ORIENTED_EDGE('',*,*,#2596,.T.);
#3410=ORIENTED_EDGE('',*,*,#2597,.T.);
#3411=ORIENTED_EDGE('',*,*,#2598,.T.);
#3412=ORIENTED_EDGE('',*,*,#2442,.F.);
#3413=ORIENTED_EDGE('',*,*,#2477,.F.);
#3414=ORIENTED_EDGE('',*,*,#2475,.F.);
#3415=ORIENTED_EDGE('',*,*,#2472,.F.);
#3416=ORIENTED_EDGE('',*,*,#2599,.T.);
#3417=ORIENTED_EDGE('',*,*,#2600,.T.);
#3418=ORIENTED_EDGE('',*,*,#2601,.T.);
#3419=ORIENTED_EDGE('',*,*,#2602,.T.);
#3420=ORIENTED_EDGE('',*,*,#2603,.T.);
#3421=ORIENTED_EDGE('',*,*,#2604,.T.);
#3422=ORIENTED_EDGE('',*,*,#2605,.T.);
#3423=ORIENTED_EDGE('',*,*,#2606,.T.);
#3424=ORIENTED_EDGE('',*,*,#2607,.T.);
#3425=ORIENTED_EDGE('',*,*,#2608,.T.);
#3426=ORIENTED_EDGE('',*,*,#2609,.T.);
#3427=ORIENTED_EDGE('',*,*,#2610,.T.);
#3428=ORIENTED_EDGE('',*,*,#2611,.T.);
#3429=ORIENTED_EDGE('',*,*,#2612,.T.);
#3430=ORIENTED_EDGE('',*,*,#2613,.T.);
#3431=ORIENTED_EDGE('',*,*,#2614,.T.);
#3432=ORIENTED_EDGE('',*,*,#2615,.T.);
#3433=ORIENTED_EDGE('',*,*,#2616,.T.);
#3434=ORIENTED_EDGE('',*,*,#2617,.T.);
#3435=ORIENTED_EDGE('',*,*,#2618,.T.);
#3436=ORIENTED_EDGE('',*,*,#2619,.T.);
#3437=ORIENTED_EDGE('',*,*,#2620,.T.);
#3438=ORIENTED_EDGE('',*,*,#2621,.T.);
#3439=ORIENTED_EDGE('',*,*,#2622,.T.);
#3440=ORIENTED_EDGE('',*,*,#2623,.T.);
#3441=ORIENTED_EDGE('',*,*,#2624,.T.);
#3442=ORIENTED_EDGE('',*,*,#2625,.T.);
#3443=ORIENTED_EDGE('',*,*,#2626,.T.);
#3444=ORIENTED_EDGE('',*,*,#2627,.T.);
#3445=ORIENTED_EDGE('',*,*,#2628,.T.);
#3446=ORIENTED_EDGE('',*,*,#2629,.T.);
#3447=ORIENTED_EDGE('',*,*,#2447,.F.);
#3448=ORIENTED_EDGE('',*,*,#2452,.F.);
#3449=ORIENTED_EDGE('',*,*,#2471,.F.);
#3450=ORIENTED_EDGE('',*,*,#2469,.F.);
#3451=ORIENTED_EDGE('',*,*,#2630,.T.);
#3452=ORIENTED_EDGE('',*,*,#2631,.T.);
#3453=ORIENTED_EDGE('',*,*,#2632,.T.);
#3454=ORIENTED_EDGE('',*,*,#2633,.T.);
#3455=ORIENTED_EDGE('',*,*,#2634,.T.);
#3456=ORIENTED_EDGE('',*,*,#2635,.T.);
#3457=ORIENTED_EDGE('',*,*,#2636,.T.);
#3458=ORIENTED_EDGE('',*,*,#2637,.T.);
#3459=ORIENTED_EDGE('',*,*,#2638,.T.);
#3460=ORIENTED_EDGE('',*,*,#2639,.T.);
#3461=ORIENTED_EDGE('',*,*,#2640,.T.);
#3462=ORIENTED_EDGE('',*,*,#2641,.T.);
#3463=ORIENTED_EDGE('',*,*,#2642,.T.);
#3464=ORIENTED_EDGE('',*,*,#2643,.T.);
#3465=ORIENTED_EDGE('',*,*,#2644,.T.);
#3466=ORIENTED_EDGE('',*,*,#2645,.T.);
#3467=ORIENTED_EDGE('',*,*,#2646,.T.);
#3468=ORIENTED_EDGE('',*,*,#2647,.T.);
#3469=ORIENTED_EDGE('',*,*,#2648,.T.);
#3470=ORIENTED_EDGE('',*,*,#2649,.T.);
#3471=ORIENTED_EDGE('',*,*,#2650,.T.);
#3472=ORIENTED_EDGE('',*,*,#2651,.T.);
#3473=ORIENTED_EDGE('',*,*,#2652,.T.);
#3474=ORIENTED_EDGE('',*,*,#2653,.T.);
#3475=ORIENTED_EDGE('',*,*,#2654,.T.);
#3476=ORIENTED_EDGE('',*,*,#2655,.T.);
#3477=ORIENTED_EDGE('',*,*,#2656,.T.);
#3478=ORIENTED_EDGE('',*,*,#2657,.T.);
#3479=ORIENTED_EDGE('',*,*,#2658,.T.);
#3480=ORIENTED_EDGE('',*,*,#2659,.T.);
#3481=ORIENTED_EDGE('',*,*,#2660,.T.);
#3482=ORIENTED_EDGE('',*,*,#2661,.T.);
#3483=ORIENTED_EDGE('',*,*,#2662,.T.);
#3484=ORIENTED_EDGE('',*,*,#2663,.T.);
#3485=ORIENTED_EDGE('',*,*,#2664,.T.);
#3486=ORIENTED_EDGE('',*,*,#2665,.T.);
#3487=ORIENTED_EDGE('',*,*,#2666,.T.);
#3488=ORIENTED_EDGE('',*,*,#2667,.T.);
#3489=ORIENTED_EDGE('',*,*,#2668,.T.);
#3490=ORIENTED_EDGE('',*,*,#2467,.F.);
#3491=ORIENTED_EDGE('',*,*,#2474,.F.);
#3492=ORIENTED_EDGE('',*,*,#2479,.F.);
#3493=ORIENTED_EDGE('',*,*,#2481,.F.);
#3494=ORIENTED_EDGE('',*,*,#2669,.T.);
#3495=ORIENTED_EDGE('',*,*,#2466,.F.);
#3496=ORIENTED_EDGE('',*,*,#2483,.F.);
#3497=ORIENTED_EDGE('',*,*,#2484,.F.);
#3498=ORIENTED_EDGE('',*,*,#2468,.F.);
#3499=ORIENTED_EDGE('',*,*,#2670,.T.);
#3500=ORIENTED_EDGE('',*,*,#2671,.T.);
#3501=ORIENTED_EDGE('',*,*,#2672,.T.);
#3502=ORIENTED_EDGE('',*,*,#2673,.T.);
#3503=ORIENTED_EDGE('',*,*,#2674,.T.);
#3504=ORIENTED_EDGE('',*,*,#2675,.T.);
#3505=ORIENTED_EDGE('',*,*,#2676,.T.);
#3506=ORIENTED_EDGE('',*,*,#2677,.T.);
#3507=ORIENTED_EDGE('',*,*,#2678,.T.);
#3508=ORIENTED_EDGE('',*,*,#2679,.T.);
#3509=ORIENTED_EDGE('',*,*,#2680,.T.);
#3510=ORIENTED_EDGE('',*,*,#2681,.T.);
#3511=ORIENTED_EDGE('',*,*,#2682,.T.);
#3512=ORIENTED_EDGE('',*,*,#2683,.T.);
#3513=ORIENTED_EDGE('',*,*,#2684,.T.);
#3514=ORIENTED_EDGE('',*,*,#2685,.T.);
#3515=ORIENTED_EDGE('',*,*,#2686,.T.);
#3516=ORIENTED_EDGE('',*,*,#2687,.T.);
#3517=ORIENTED_EDGE('',*,*,#2688,.T.);
#3518=ORIENTED_EDGE('',*,*,#2689,.T.);
#3519=ORIENTED_EDGE('',*,*,#2690,.T.);
#3520=ORIENTED_EDGE('',*,*,#2691,.T.);
#3521=ORIENTED_EDGE('',*,*,#2692,.T.);
#3522=ORIENTED_EDGE('',*,*,#2693,.T.);
#3523=ORIENTED_EDGE('',*,*,#2694,.T.);
#3524=ORIENTED_EDGE('',*,*,#2695,.F.);
#3525=ORIENTED_EDGE('',*,*,#2696,.T.);
#3526=ORIENTED_EDGE('',*,*,#2697,.F.);
#3527=ORIENTED_EDGE('',*,*,#2698,.F.);
#3528=ORIENTED_EDGE('',*,*,#2699,.F.);
#3529=ORIENTED_EDGE('',*,*,#2698,.T.);
#3530=ORIENTED_EDGE('',*,*,#2700,.F.);
#3531=ORIENTED_EDGE('',*,*,#2701,.F.);
#3532=ORIENTED_EDGE('',*,*,#2702,.F.);
#3533=ORIENTED_EDGE('',*,*,#2701,.T.);
#3534=ORIENTED_EDGE('',*,*,#2703,.F.);
#3535=ORIENTED_EDGE('',*,*,#2704,.F.);
#3536=ORIENTED_EDGE('',*,*,#2705,.F.);
#3537=ORIENTED_EDGE('',*,*,#2704,.T.);
#3538=ORIENTED_EDGE('',*,*,#2706,.F.);
#3539=ORIENTED_EDGE('',*,*,#2707,.F.);
#3540=ORIENTED_EDGE('',*,*,#2708,.F.);
#3541=ORIENTED_EDGE('',*,*,#2707,.T.);
#3542=ORIENTED_EDGE('',*,*,#2709,.F.);
#3543=ORIENTED_EDGE('',*,*,#2710,.F.);
#3544=ORIENTED_EDGE('',*,*,#2711,.F.);
#3545=ORIENTED_EDGE('',*,*,#2710,.T.);
#3546=ORIENTED_EDGE('',*,*,#2712,.F.);
#3547=ORIENTED_EDGE('',*,*,#2713,.F.);
#3548=ORIENTED_EDGE('',*,*,#2714,.F.);
#3549=ORIENTED_EDGE('',*,*,#2713,.T.);
#3550=ORIENTED_EDGE('',*,*,#2715,.F.);
#3551=ORIENTED_EDGE('',*,*,#2716,.F.);
#3552=ORIENTED_EDGE('',*,*,#2717,.F.);
#3553=ORIENTED_EDGE('',*,*,#2716,.T.);
#3554=ORIENTED_EDGE('',*,*,#2718,.F.);
#3555=ORIENTED_EDGE('',*,*,#2719,.F.);
#3556=ORIENTED_EDGE('',*,*,#2720,.F.);
#3557=ORIENTED_EDGE('',*,*,#2719,.T.);
#3558=ORIENTED_EDGE('',*,*,#2721,.F.);
#3559=ORIENTED_EDGE('',*,*,#2722,.F.);
#3560=ORIENTED_EDGE('',*,*,#2723,.F.);
#3561=ORIENTED_EDGE('',*,*,#2722,.T.);
#3562=ORIENTED_EDGE('',*,*,#2724,.F.);
#3563=ORIENTED_EDGE('',*,*,#2725,.F.);
#3564=ORIENTED_EDGE('',*,*,#2726,.F.);
#3565=ORIENTED_EDGE('',*,*,#2725,.T.);
#3566=ORIENTED_EDGE('',*,*,#2727,.F.);
#3567=ORIENTED_EDGE('',*,*,#2728,.F.);
#3568=ORIENTED_EDGE('',*,*,#2729,.F.);
#3569=ORIENTED_EDGE('',*,*,#2728,.T.);
#3570=ORIENTED_EDGE('',*,*,#2730,.F.);
#3571=ORIENTED_EDGE('',*,*,#2731,.F.);
#3572=ORIENTED_EDGE('',*,*,#2732,.F.);
#3573=ORIENTED_EDGE('',*,*,#2731,.T.);
#3574=ORIENTED_EDGE('',*,*,#2733,.F.);
#3575=ORIENTED_EDGE('',*,*,#2734,.F.);
#3576=ORIENTED_EDGE('',*,*,#2735,.F.);
#3577=ORIENTED_EDGE('',*,*,#2734,.T.);
#3578=ORIENTED_EDGE('',*,*,#2736,.F.);
#3579=ORIENTED_EDGE('',*,*,#2737,.F.);
#3580=ORIENTED_EDGE('',*,*,#2738,.F.);
#3581=ORIENTED_EDGE('',*,*,#2737,.T.);
#3582=ORIENTED_EDGE('',*,*,#2739,.F.);
#3583=ORIENTED_EDGE('',*,*,#2696,.F.);
#3584=ORIENTED_EDGE('',*,*,#2739,.T.);
#3585=ORIENTED_EDGE('',*,*,#2736,.T.);
#3586=ORIENTED_EDGE('',*,*,#2733,.T.);
#3587=ORIENTED_EDGE('',*,*,#2730,.T.);
#3588=ORIENTED_EDGE('',*,*,#2727,.T.);
#3589=ORIENTED_EDGE('',*,*,#2724,.T.);
#3590=ORIENTED_EDGE('',*,*,#2721,.T.);
#3591=ORIENTED_EDGE('',*,*,#2718,.T.);
#3592=ORIENTED_EDGE('',*,*,#2715,.T.);
#3593=ORIENTED_EDGE('',*,*,#2712,.T.);
#3594=ORIENTED_EDGE('',*,*,#2709,.T.);
#3595=ORIENTED_EDGE('',*,*,#2706,.T.);
#3596=ORIENTED_EDGE('',*,*,#2703,.T.);
#3597=ORIENTED_EDGE('',*,*,#2700,.T.);
#3598=ORIENTED_EDGE('',*,*,#2697,.T.);
#3599=ORIENTED_EDGE('',*,*,#2740,.F.);
#3600=ORIENTED_EDGE('',*,*,#2741,.T.);
#3601=ORIENTED_EDGE('',*,*,#2742,.T.);
#3602=ORIENTED_EDGE('',*,*,#2741,.F.);
#3603=ORIENTED_EDGE('',*,*,#2669,.F.);
#3604=ORIENTED_EDGE('',*,*,#2743,.T.);
#3605=ORIENTED_EDGE('',*,*,#2744,.T.);
#3606=ORIENTED_EDGE('',*,*,#2743,.F.);
#3607=ORIENTED_EDGE('',*,*,#2744,.F.);
#3608=ORIENTED_EDGE('',*,*,#2742,.F.);
#3609=ORIENTED_EDGE('',*,*,#2674,.F.);
#3610=ORIENTED_EDGE('',*,*,#2745,.T.);
#3611=ORIENTED_EDGE('',*,*,#2746,.T.);
#3612=ORIENTED_EDGE('',*,*,#2747,.F.);
#3613=ORIENTED_EDGE('',*,*,#2694,.F.);
#3614=ORIENTED_EDGE('',*,*,#2748,.T.);
#3615=ORIENTED_EDGE('',*,*,#2749,.T.);
#3616=ORIENTED_EDGE('',*,*,#2745,.F.);
#3617=ORIENTED_EDGE('',*,*,#2693,.F.);
#3618=ORIENTED_EDGE('',*,*,#2750,.T.);
#3619=ORIENTED_EDGE('',*,*,#2751,.T.);
#3620=ORIENTED_EDGE('',*,*,#2748,.F.);
#3621=ORIENTED_EDGE('',*,*,#2692,.F.);
#3622=ORIENTED_EDGE('',*,*,#2752,.T.);
#3623=ORIENTED_EDGE('',*,*,#2753,.T.);
#3624=ORIENTED_EDGE('',*,*,#2750,.F.);
#3625=ORIENTED_EDGE('',*,*,#2691,.F.);
#3626=ORIENTED_EDGE('',*,*,#2754,.T.);
#3627=ORIENTED_EDGE('',*,*,#2755,.T.);
#3628=ORIENTED_EDGE('',*,*,#2752,.F.);
#3629=ORIENTED_EDGE('',*,*,#2690,.F.);
#3630=ORIENTED_EDGE('',*,*,#2756,.T.);
#3631=ORIENTED_EDGE('',*,*,#2757,.T.);
#3632=ORIENTED_EDGE('',*,*,#2754,.F.);
#3633=ORIENTED_EDGE('',*,*,#2689,.F.);
#3634=ORIENTED_EDGE('',*,*,#2758,.T.);
#3635=ORIENTED_EDGE('',*,*,#2759,.T.);
#3636=ORIENTED_EDGE('',*,*,#2756,.F.);
#3637=ORIENTED_EDGE('',*,*,#2688,.F.);
#3638=ORIENTED_EDGE('',*,*,#2760,.T.);
#3639=ORIENTED_EDGE('',*,*,#2761,.T.);
#3640=ORIENTED_EDGE('',*,*,#2758,.F.);
#3641=ORIENTED_EDGE('',*,*,#2687,.F.);
#3642=ORIENTED_EDGE('',*,*,#2762,.T.);
#3643=ORIENTED_EDGE('',*,*,#2763,.T.);
#3644=ORIENTED_EDGE('',*,*,#2760,.F.);
#3645=ORIENTED_EDGE('',*,*,#2686,.F.);
#3646=ORIENTED_EDGE('',*,*,#2764,.T.);
#3647=ORIENTED_EDGE('',*,*,#2765,.T.);
#3648=ORIENTED_EDGE('',*,*,#2762,.F.);
#3649=ORIENTED_EDGE('',*,*,#2685,.F.);
#3650=ORIENTED_EDGE('',*,*,#2766,.T.);
#3651=ORIENTED_EDGE('',*,*,#2767,.T.);
#3652=ORIENTED_EDGE('',*,*,#2764,.F.);
#3653=ORIENTED_EDGE('',*,*,#2684,.F.);
#3654=ORIENTED_EDGE('',*,*,#2768,.T.);
#3655=ORIENTED_EDGE('',*,*,#2769,.T.);
#3656=ORIENTED_EDGE('',*,*,#2766,.F.);
#3657=ORIENTED_EDGE('',*,*,#2683,.F.);
#3658=ORIENTED_EDGE('',*,*,#2770,.T.);
#3659=ORIENTED_EDGE('',*,*,#2771,.T.);
#3660=ORIENTED_EDGE('',*,*,#2768,.F.);
#3661=ORIENTED_EDGE('',*,*,#2682,.F.);
#3662=ORIENTED_EDGE('',*,*,#2772,.T.);
#3663=ORIENTED_EDGE('',*,*,#2773,.T.);
#3664=ORIENTED_EDGE('',*,*,#2770,.F.);
#3665=ORIENTED_EDGE('',*,*,#2681,.F.);
#3666=ORIENTED_EDGE('',*,*,#2774,.T.);
#3667=ORIENTED_EDGE('',*,*,#2775,.T.);
#3668=ORIENTED_EDGE('',*,*,#2772,.F.);
#3669=ORIENTED_EDGE('',*,*,#2680,.F.);
#3670=ORIENTED_EDGE('',*,*,#2776,.T.);
#3671=ORIENTED_EDGE('',*,*,#2777,.T.);
#3672=ORIENTED_EDGE('',*,*,#2774,.F.);
#3673=ORIENTED_EDGE('',*,*,#2679,.F.);
#3674=ORIENTED_EDGE('',*,*,#2778,.T.);
#3675=ORIENTED_EDGE('',*,*,#2779,.T.);
#3676=ORIENTED_EDGE('',*,*,#2776,.F.);
#3677=ORIENTED_EDGE('',*,*,#2678,.F.);
#3678=ORIENTED_EDGE('',*,*,#2780,.T.);
#3679=ORIENTED_EDGE('',*,*,#2781,.T.);
#3680=ORIENTED_EDGE('',*,*,#2778,.F.);
#3681=ORIENTED_EDGE('',*,*,#2677,.F.);
#3682=ORIENTED_EDGE('',*,*,#2782,.T.);
#3683=ORIENTED_EDGE('',*,*,#2783,.T.);
#3684=ORIENTED_EDGE('',*,*,#2780,.F.);
#3685=ORIENTED_EDGE('',*,*,#2676,.F.);
#3686=ORIENTED_EDGE('',*,*,#2784,.T.);
#3687=ORIENTED_EDGE('',*,*,#2785,.T.);
#3688=ORIENTED_EDGE('',*,*,#2782,.F.);
#3689=ORIENTED_EDGE('',*,*,#2675,.F.);
#3690=ORIENTED_EDGE('',*,*,#2747,.T.);
#3691=ORIENTED_EDGE('',*,*,#2786,.T.);
#3692=ORIENTED_EDGE('',*,*,#2784,.F.);
#3693=ORIENTED_EDGE('',*,*,#2786,.F.);
#3694=ORIENTED_EDGE('',*,*,#2746,.F.);
#3695=ORIENTED_EDGE('',*,*,#2749,.F.);
#3696=ORIENTED_EDGE('',*,*,#2751,.F.);
#3697=ORIENTED_EDGE('',*,*,#2753,.F.);
#3698=ORIENTED_EDGE('',*,*,#2755,.F.);
#3699=ORIENTED_EDGE('',*,*,#2757,.F.);
#3700=ORIENTED_EDGE('',*,*,#2759,.F.);
#3701=ORIENTED_EDGE('',*,*,#2761,.F.);
#3702=ORIENTED_EDGE('',*,*,#2763,.F.);
#3703=ORIENTED_EDGE('',*,*,#2765,.F.);
#3704=ORIENTED_EDGE('',*,*,#2767,.F.);
#3705=ORIENTED_EDGE('',*,*,#2769,.F.);
#3706=ORIENTED_EDGE('',*,*,#2771,.F.);
#3707=ORIENTED_EDGE('',*,*,#2773,.F.);
#3708=ORIENTED_EDGE('',*,*,#2775,.F.);
#3709=ORIENTED_EDGE('',*,*,#2777,.F.);
#3710=ORIENTED_EDGE('',*,*,#2779,.F.);
#3711=ORIENTED_EDGE('',*,*,#2781,.F.);
#3712=ORIENTED_EDGE('',*,*,#2783,.F.);
#3713=ORIENTED_EDGE('',*,*,#2785,.F.);
#3714=ORIENTED_EDGE('',*,*,#2670,.F.);
#3715=ORIENTED_EDGE('',*,*,#2787,.T.);
#3716=ORIENTED_EDGE('',*,*,#2788,.T.);
#3717=ORIENTED_EDGE('',*,*,#2789,.F.);
#3718=ORIENTED_EDGE('',*,*,#2673,.F.);
#3719=ORIENTED_EDGE('',*,*,#2790,.T.);
#3720=ORIENTED_EDGE('',*,*,#2791,.T.);
#3721=ORIENTED_EDGE('',*,*,#2787,.F.);
#3722=ORIENTED_EDGE('',*,*,#2672,.F.);
#3723=ORIENTED_EDGE('',*,*,#2792,.T.);
#3724=ORIENTED_EDGE('',*,*,#2793,.T.);
#3725=ORIENTED_EDGE('',*,*,#2790,.F.);
#3726=ORIENTED_EDGE('',*,*,#2671,.F.);
#3727=ORIENTED_EDGE('',*,*,#2789,.T.);
#3728=ORIENTED_EDGE('',*,*,#2794,.T.);
#3729=ORIENTED_EDGE('',*,*,#2792,.F.);
#3730=ORIENTED_EDGE('',*,*,#2794,.F.);
#3731=ORIENTED_EDGE('',*,*,#2788,.F.);
#3732=ORIENTED_EDGE('',*,*,#2791,.F.);
#3733=ORIENTED_EDGE('',*,*,#2793,.F.);
#3734=ORIENTED_EDGE('',*,*,#2608,.F.);
#3735=ORIENTED_EDGE('',*,*,#2795,.T.);
#3736=ORIENTED_EDGE('',*,*,#2796,.T.);
#3737=ORIENTED_EDGE('',*,*,#2797,.F.);
#3738=ORIENTED_EDGE('',*,*,#2629,.F.);
#3739=ORIENTED_EDGE('',*,*,#2798,.T.);
#3740=ORIENTED_EDGE('',*,*,#2799,.T.);
#3741=ORIENTED_EDGE('',*,*,#2795,.F.);
#3742=ORIENTED_EDGE('',*,*,#2628,.F.);
#3743=ORIENTED_EDGE('',*,*,#2800,.T.);
#3744=ORIENTED_EDGE('',*,*,#2801,.T.);
#3745=ORIENTED_EDGE('',*,*,#2798,.F.);
#3746=ORIENTED_EDGE('',*,*,#2627,.F.);
#3747=ORIENTED_EDGE('',*,*,#2802,.T.);
#3748=ORIENTED_EDGE('',*,*,#2803,.T.);
#3749=ORIENTED_EDGE('',*,*,#2800,.F.);
#3750=ORIENTED_EDGE('',*,*,#2626,.F.);
#3751=ORIENTED_EDGE('',*,*,#2804,.T.);
#3752=ORIENTED_EDGE('',*,*,#2805,.T.);
#3753=ORIENTED_EDGE('',*,*,#2802,.F.);
#3754=ORIENTED_EDGE('',*,*,#2625,.F.);
#3755=ORIENTED_EDGE('',*,*,#2806,.T.);
#3756=ORIENTED_EDGE('',*,*,#2807,.T.);
#3757=ORIENTED_EDGE('',*,*,#2804,.F.);
#3758=ORIENTED_EDGE('',*,*,#2624,.F.);
#3759=ORIENTED_EDGE('',*,*,#2808,.T.);
#3760=ORIENTED_EDGE('',*,*,#2809,.T.);
#3761=ORIENTED_EDGE('',*,*,#2806,.F.);
#3762=ORIENTED_EDGE('',*,*,#2623,.F.);
#3763=ORIENTED_EDGE('',*,*,#2810,.T.);
#3764=ORIENTED_EDGE('',*,*,#2811,.T.);
#3765=ORIENTED_EDGE('',*,*,#2808,.F.);
#3766=ORIENTED_EDGE('',*,*,#2622,.F.);
#3767=ORIENTED_EDGE('',*,*,#2812,.T.);
#3768=ORIENTED_EDGE('',*,*,#2813,.T.);
#3769=ORIENTED_EDGE('',*,*,#2810,.F.);
#3770=ORIENTED_EDGE('',*,*,#2621,.F.);
#3771=ORIENTED_EDGE('',*,*,#2814,.T.);
#3772=ORIENTED_EDGE('',*,*,#2815,.T.);
#3773=ORIENTED_EDGE('',*,*,#2812,.F.);
#3774=ORIENTED_EDGE('',*,*,#2620,.F.);
#3775=ORIENTED_EDGE('',*,*,#2816,.T.);
#3776=ORIENTED_EDGE('',*,*,#2817,.T.);
#3777=ORIENTED_EDGE('',*,*,#2814,.F.);
#3778=ORIENTED_EDGE('',*,*,#2619,.F.);
#3779=ORIENTED_EDGE('',*,*,#2818,.T.);
#3780=ORIENTED_EDGE('',*,*,#2819,.T.);
#3781=ORIENTED_EDGE('',*,*,#2816,.F.);
#3782=ORIENTED_EDGE('',*,*,#2618,.F.);
#3783=ORIENTED_EDGE('',*,*,#2820,.T.);
#3784=ORIENTED_EDGE('',*,*,#2821,.T.);
#3785=ORIENTED_EDGE('',*,*,#2818,.F.);
#3786=ORIENTED_EDGE('',*,*,#2617,.F.);
#3787=ORIENTED_EDGE('',*,*,#2822,.T.);
#3788=ORIENTED_EDGE('',*,*,#2823,.T.);
#3789=ORIENTED_EDGE('',*,*,#2820,.F.);
#3790=ORIENTED_EDGE('',*,*,#2616,.F.);
#3791=ORIENTED_EDGE('',*,*,#2824,.T.);
#3792=ORIENTED_EDGE('',*,*,#2825,.T.);
#3793=ORIENTED_EDGE('',*,*,#2822,.F.);
#3794=ORIENTED_EDGE('',*,*,#2615,.F.);
#3795=ORIENTED_EDGE('',*,*,#2826,.T.);
#3796=ORIENTED_EDGE('',*,*,#2827,.T.);
#3797=ORIENTED_EDGE('',*,*,#2824,.F.);
#3798=ORIENTED_EDGE('',*,*,#2614,.F.);
#3799=ORIENTED_EDGE('',*,*,#2828,.T.);
#3800=ORIENTED_EDGE('',*,*,#2829,.T.);
#3801=ORIENTED_EDGE('',*,*,#2826,.F.);
#3802=ORIENTED_EDGE('',*,*,#2613,.F.);
#3803=ORIENTED_EDGE('',*,*,#2830,.T.);
#3804=ORIENTED_EDGE('',*,*,#2831,.T.);
#3805=ORIENTED_EDGE('',*,*,#2828,.F.);
#3806=ORIENTED_EDGE('',*,*,#2612,.F.);
#3807=ORIENTED_EDGE('',*,*,#2832,.T.);
#3808=ORIENTED_EDGE('',*,*,#2833,.T.);
#3809=ORIENTED_EDGE('',*,*,#2830,.F.);
#3810=ORIENTED_EDGE('',*,*,#2611,.F.);
#3811=ORIENTED_EDGE('',*,*,#2834,.T.);
#3812=ORIENTED_EDGE('',*,*,#2835,.T.);
#3813=ORIENTED_EDGE('',*,*,#2832,.F.);
#3814=ORIENTED_EDGE('',*,*,#2610,.F.);
#3815=ORIENTED_EDGE('',*,*,#2836,.T.);
#3816=ORIENTED_EDGE('',*,*,#2837,.T.);
#3817=ORIENTED_EDGE('',*,*,#2834,.F.);
#3818=ORIENTED_EDGE('',*,*,#2609,.F.);
#3819=ORIENTED_EDGE('',*,*,#2797,.T.);
#3820=ORIENTED_EDGE('',*,*,#2838,.T.);
#3821=ORIENTED_EDGE('',*,*,#2836,.F.);
#3822=ORIENTED_EDGE('',*,*,#2838,.F.);
#3823=ORIENTED_EDGE('',*,*,#2796,.F.);
#3824=ORIENTED_EDGE('',*,*,#2799,.F.);
#3825=ORIENTED_EDGE('',*,*,#2801,.F.);
#3826=ORIENTED_EDGE('',*,*,#2803,.F.);
#3827=ORIENTED_EDGE('',*,*,#2805,.F.);
#3828=ORIENTED_EDGE('',*,*,#2807,.F.);
#3829=ORIENTED_EDGE('',*,*,#2809,.F.);
#3830=ORIENTED_EDGE('',*,*,#2811,.F.);
#3831=ORIENTED_EDGE('',*,*,#2813,.F.);
#3832=ORIENTED_EDGE('',*,*,#2815,.F.);
#3833=ORIENTED_EDGE('',*,*,#2817,.F.);
#3834=ORIENTED_EDGE('',*,*,#2819,.F.);
#3835=ORIENTED_EDGE('',*,*,#2821,.F.);
#3836=ORIENTED_EDGE('',*,*,#2823,.F.);
#3837=ORIENTED_EDGE('',*,*,#2825,.F.);
#3838=ORIENTED_EDGE('',*,*,#2827,.F.);
#3839=ORIENTED_EDGE('',*,*,#2829,.F.);
#3840=ORIENTED_EDGE('',*,*,#2831,.F.);
#3841=ORIENTED_EDGE('',*,*,#2833,.F.);
#3842=ORIENTED_EDGE('',*,*,#2835,.F.);
#3843=ORIENTED_EDGE('',*,*,#2837,.F.);
#3844=ORIENTED_EDGE('',*,*,#2599,.F.);
#3845=ORIENTED_EDGE('',*,*,#2839,.T.);
#3846=ORIENTED_EDGE('',*,*,#2840,.T.);
#3847=ORIENTED_EDGE('',*,*,#2841,.F.);
#3848=ORIENTED_EDGE('',*,*,#2607,.F.);
#3849=ORIENTED_EDGE('',*,*,#2842,.T.);
#3850=ORIENTED_EDGE('',*,*,#2843,.T.);
#3851=ORIENTED_EDGE('',*,*,#2839,.F.);
#3852=ORIENTED_EDGE('',*,*,#2606,.F.);
#3853=ORIENTED_EDGE('',*,*,#2844,.T.);
#3854=ORIENTED_EDGE('',*,*,#2845,.T.);
#3855=ORIENTED_EDGE('',*,*,#2842,.F.);
#3856=ORIENTED_EDGE('',*,*,#2605,.F.);
#3857=ORIENTED_EDGE('',*,*,#2846,.T.);
#3858=ORIENTED_EDGE('',*,*,#2847,.T.);
#3859=ORIENTED_EDGE('',*,*,#2844,.F.);
#3860=ORIENTED_EDGE('',*,*,#2604,.F.);
#3861=ORIENTED_EDGE('',*,*,#2848,.T.);
#3862=ORIENTED_EDGE('',*,*,#2849,.T.);
#3863=ORIENTED_EDGE('',*,*,#2846,.F.);
#3864=ORIENTED_EDGE('',*,*,#2603,.F.);
#3865=ORIENTED_EDGE('',*,*,#2850,.T.);
#3866=ORIENTED_EDGE('',*,*,#2851,.T.);
#3867=ORIENTED_EDGE('',*,*,#2848,.F.);
#3868=ORIENTED_EDGE('',*,*,#2602,.F.);
#3869=ORIENTED_EDGE('',*,*,#2852,.T.);
#3870=ORIENTED_EDGE('',*,*,#2853,.T.);
#3871=ORIENTED_EDGE('',*,*,#2850,.F.);
#3872=ORIENTED_EDGE('',*,*,#2601,.F.);
#3873=ORIENTED_EDGE('',*,*,#2854,.T.);
#3874=ORIENTED_EDGE('',*,*,#2855,.T.);
#3875=ORIENTED_EDGE('',*,*,#2852,.F.);
#3876=ORIENTED_EDGE('',*,*,#2600,.F.);
#3877=ORIENTED_EDGE('',*,*,#2841,.T.);
#3878=ORIENTED_EDGE('',*,*,#2856,.T.);
#3879=ORIENTED_EDGE('',*,*,#2854,.F.);
#3880=ORIENTED_EDGE('',*,*,#2856,.F.);
#3881=ORIENTED_EDGE('',*,*,#2840,.F.);
#3882=ORIENTED_EDGE('',*,*,#2843,.F.);
#3883=ORIENTED_EDGE('',*,*,#2845,.F.);
#3884=ORIENTED_EDGE('',*,*,#2847,.F.);
#3885=ORIENTED_EDGE('',*,*,#2849,.F.);
#3886=ORIENTED_EDGE('',*,*,#2851,.F.);
#3887=ORIENTED_EDGE('',*,*,#2853,.F.);
#3888=ORIENTED_EDGE('',*,*,#2855,.F.);
#3889=ORIENTED_EDGE('',*,*,#2660,.F.);
#3890=ORIENTED_EDGE('',*,*,#2857,.T.);
#3891=ORIENTED_EDGE('',*,*,#2858,.T.);
#3892=ORIENTED_EDGE('',*,*,#2859,.F.);
#3893=ORIENTED_EDGE('',*,*,#2668,.F.);
#3894=ORIENTED_EDGE('',*,*,#2860,.T.);
#3895=ORIENTED_EDGE('',*,*,#2861,.T.);
#3896=ORIENTED_EDGE('',*,*,#2857,.F.);
#3897=ORIENTED_EDGE('',*,*,#2667,.F.);
#3898=ORIENTED_EDGE('',*,*,#2862,.T.);
#3899=ORIENTED_EDGE('',*,*,#2863,.T.);
#3900=ORIENTED_EDGE('',*,*,#2860,.F.);
#3901=ORIENTED_EDGE('',*,*,#2666,.F.);
#3902=ORIENTED_EDGE('',*,*,#2864,.T.);
#3903=ORIENTED_EDGE('',*,*,#2865,.T.);
#3904=ORIENTED_EDGE('',*,*,#2862,.F.);
#3905=ORIENTED_EDGE('',*,*,#2665,.F.);
#3906=ORIENTED_EDGE('',*,*,#2866,.T.);
#3907=ORIENTED_EDGE('',*,*,#2867,.T.);
#3908=ORIENTED_EDGE('',*,*,#2864,.F.);
#3909=ORIENTED_EDGE('',*,*,#2664,.F.);
#3910=ORIENTED_EDGE('',*,*,#2868,.T.);
#3911=ORIENTED_EDGE('',*,*,#2869,.T.);
#3912=ORIENTED_EDGE('',*,*,#2866,.F.);
#3913=ORIENTED_EDGE('',*,*,#2663,.F.);
#3914=ORIENTED_EDGE('',*,*,#2870,.T.);
#3915=ORIENTED_EDGE('',*,*,#2871,.T.);
#3916=ORIENTED_EDGE('',*,*,#2868,.F.);
#3917=ORIENTED_EDGE('',*,*,#2662,.F.);
#3918=ORIENTED_EDGE('',*,*,#2872,.T.);
#3919=ORIENTED_EDGE('',*,*,#2873,.T.);
#3920=ORIENTED_EDGE('',*,*,#2870,.F.);
#3921=ORIENTED_EDGE('',*,*,#2661,.F.);
#3922=ORIENTED_EDGE('',*,*,#2859,.T.);
#3923=ORIENTED_EDGE('',*,*,#2874,.T.);
#3924=ORIENTED_EDGE('',*,*,#2872,.F.);
#3925=ORIENTED_EDGE('',*,*,#2874,.F.);
#3926=ORIENTED_EDGE('',*,*,#2858,.F.);
#3927=ORIENTED_EDGE('',*,*,#2861,.F.);
#3928=ORIENTED_EDGE('',*,*,#2863,.F.);
#3929=ORIENTED_EDGE('',*,*,#2865,.F.);
#3930=ORIENTED_EDGE('',*,*,#2867,.F.);
#3931=ORIENTED_EDGE('',*,*,#2869,.F.);
#3932=ORIENTED_EDGE('',*,*,#2871,.F.);
#3933=ORIENTED_EDGE('',*,*,#2873,.F.);
#3934=ORIENTED_EDGE('',*,*,#2630,.F.);
#3935=ORIENTED_EDGE('',*,*,#2875,.T.);
#3936=ORIENTED_EDGE('',*,*,#2876,.T.);
#3937=ORIENTED_EDGE('',*,*,#2877,.F.);
#3938=ORIENTED_EDGE('',*,*,#2659,.F.);
#3939=ORIENTED_EDGE('',*,*,#2878,.T.);
#3940=ORIENTED_EDGE('',*,*,#2879,.T.);
#3941=ORIENTED_EDGE('',*,*,#2875,.F.);
#3942=ORIENTED_EDGE('',*,*,#2658,.F.);
#3943=ORIENTED_EDGE('',*,*,#2880,.T.);
#3944=ORIENTED_EDGE('',*,*,#2881,.T.);
#3945=ORIENTED_EDGE('',*,*,#2878,.F.);
#3946=ORIENTED_EDGE('',*,*,#2657,.F.);
#3947=ORIENTED_EDGE('',*,*,#2882,.T.);
#3948=ORIENTED_EDGE('',*,*,#2883,.T.);
#3949=ORIENTED_EDGE('',*,*,#2880,.F.);
#3950=ORIENTED_EDGE('',*,*,#2656,.F.);
#3951=ORIENTED_EDGE('',*,*,#2884,.T.);
#3952=ORIENTED_EDGE('',*,*,#2885,.T.);
#3953=ORIENTED_EDGE('',*,*,#2882,.F.);
#3954=ORIENTED_EDGE('',*,*,#2655,.F.);
#3955=ORIENTED_EDGE('',*,*,#2886,.T.);
#3956=ORIENTED_EDGE('',*,*,#2887,.T.);
#3957=ORIENTED_EDGE('',*,*,#2884,.F.);
#3958=ORIENTED_EDGE('',*,*,#2654,.F.);
#3959=ORIENTED_EDGE('',*,*,#2888,.T.);
#3960=ORIENTED_EDGE('',*,*,#2889,.T.);
#3961=ORIENTED_EDGE('',*,*,#2886,.F.);
#3962=ORIENTED_EDGE('',*,*,#2653,.F.);
#3963=ORIENTED_EDGE('',*,*,#2890,.T.);
#3964=ORIENTED_EDGE('',*,*,#2891,.T.);
#3965=ORIENTED_EDGE('',*,*,#2888,.F.);
#3966=ORIENTED_EDGE('',*,*,#2652,.F.);
#3967=ORIENTED_EDGE('',*,*,#2892,.T.);
#3968=ORIENTED_EDGE('',*,*,#2893,.T.);
#3969=ORIENTED_EDGE('',*,*,#2890,.F.);
#3970=ORIENTED_EDGE('',*,*,#2651,.F.);
#3971=ORIENTED_EDGE('',*,*,#2894,.T.);
#3972=ORIENTED_EDGE('',*,*,#2895,.T.);
#3973=ORIENTED_EDGE('',*,*,#2892,.F.);
#3974=ORIENTED_EDGE('',*,*,#2650,.F.);
#3975=ORIENTED_EDGE('',*,*,#2896,.T.);
#3976=ORIENTED_EDGE('',*,*,#2897,.T.);
#3977=ORIENTED_EDGE('',*,*,#2894,.F.);
#3978=ORIENTED_EDGE('',*,*,#2649,.F.);
#3979=ORIENTED_EDGE('',*,*,#2898,.T.);
#3980=ORIENTED_EDGE('',*,*,#2899,.T.);
#3981=ORIENTED_EDGE('',*,*,#2896,.F.);
#3982=ORIENTED_EDGE('',*,*,#2648,.F.);
#3983=ORIENTED_EDGE('',*,*,#2900,.T.);
#3984=ORIENTED_EDGE('',*,*,#2901,.T.);
#3985=ORIENTED_EDGE('',*,*,#2898,.F.);
#3986=ORIENTED_EDGE('',*,*,#2647,.F.);
#3987=ORIENTED_EDGE('',*,*,#2902,.T.);
#3988=ORIENTED_EDGE('',*,*,#2903,.T.);
#3989=ORIENTED_EDGE('',*,*,#2900,.F.);
#3990=ORIENTED_EDGE('',*,*,#2646,.F.);
#3991=ORIENTED_EDGE('',*,*,#2904,.T.);
#3992=ORIENTED_EDGE('',*,*,#2905,.T.);
#3993=ORIENTED_EDGE('',*,*,#2902,.F.);
#3994=ORIENTED_EDGE('',*,*,#2645,.F.);
#3995=ORIENTED_EDGE('',*,*,#2906,.T.);
#3996=ORIENTED_EDGE('',*,*,#2907,.T.);
#3997=ORIENTED_EDGE('',*,*,#2904,.F.);
#3998=ORIENTED_EDGE('',*,*,#2644,.F.);
#3999=ORIENTED_EDGE('',*,*,#2908,.T.);
#4000=ORIENTED_EDGE('',*,*,#2909,.T.);
#4001=ORIENTED_EDGE('',*,*,#2906,.F.);
#4002=ORIENTED_EDGE('',*,*,#2643,.F.);
#4003=ORIENTED_EDGE('',*,*,#2910,.T.);
#4004=ORIENTED_EDGE('',*,*,#2911,.T.);
#4005=ORIENTED_EDGE('',*,*,#2908,.F.);
#4006=ORIENTED_EDGE('',*,*,#2642,.F.);
#4007=ORIENTED_EDGE('',*,*,#2912,.T.);
#4008=ORIENTED_EDGE('',*,*,#2913,.T.);
#4009=ORIENTED_EDGE('',*,*,#2910,.F.);
#4010=ORIENTED_EDGE('',*,*,#2641,.F.);
#4011=ORIENTED_EDGE('',*,*,#2914,.T.);
#4012=ORIENTED_EDGE('',*,*,#2915,.T.);
#4013=ORIENTED_EDGE('',*,*,#2912,.F.);
#4014=ORIENTED_EDGE('',*,*,#2640,.F.);
#4015=ORIENTED_EDGE('',*,*,#2916,.T.);
#4016=ORIENTED_EDGE('',*,*,#2917,.T.);
#4017=ORIENTED_EDGE('',*,*,#2914,.F.);
#4018=ORIENTED_EDGE('',*,*,#2639,.F.);
#4019=ORIENTED_EDGE('',*,*,#2918,.T.);
#4020=ORIENTED_EDGE('',*,*,#2919,.T.);
#4021=ORIENTED_EDGE('',*,*,#2916,.F.);
#4022=ORIENTED_EDGE('',*,*,#2638,.F.);
#4023=ORIENTED_EDGE('',*,*,#2920,.T.);
#4024=ORIENTED_EDGE('',*,*,#2921,.T.);
#4025=ORIENTED_EDGE('',*,*,#2918,.F.);
#4026=ORIENTED_EDGE('',*,*,#2637,.F.);
#4027=ORIENTED_EDGE('',*,*,#2922,.T.);
#4028=ORIENTED_EDGE('',*,*,#2923,.T.);
#4029=ORIENTED_EDGE('',*,*,#2920,.F.);
#4030=ORIENTED_EDGE('',*,*,#2636,.F.);
#4031=ORIENTED_EDGE('',*,*,#2924,.T.);
#4032=ORIENTED_EDGE('',*,*,#2925,.T.);
#4033=ORIENTED_EDGE('',*,*,#2922,.F.);
#4034=ORIENTED_EDGE('',*,*,#2635,.F.);
#4035=ORIENTED_EDGE('',*,*,#2926,.T.);
#4036=ORIENTED_EDGE('',*,*,#2927,.T.);
#4037=ORIENTED_EDGE('',*,*,#2924,.F.);
#4038=ORIENTED_EDGE('',*,*,#2634,.F.);
#4039=ORIENTED_EDGE('',*,*,#2928,.T.);
#4040=ORIENTED_EDGE('',*,*,#2929,.T.);
#4041=ORIENTED_EDGE('',*,*,#2926,.F.);
#4042=ORIENTED_EDGE('',*,*,#2633,.F.);
#4043=ORIENTED_EDGE('',*,*,#2930,.T.);
#4044=ORIENTED_EDGE('',*,*,#2931,.T.);
#4045=ORIENTED_EDGE('',*,*,#2928,.F.);
#4046=ORIENTED_EDGE('',*,*,#2632,.F.);
#4047=ORIENTED_EDGE('',*,*,#2932,.T.);
#4048=ORIENTED_EDGE('',*,*,#2933,.T.);
#4049=ORIENTED_EDGE('',*,*,#2930,.F.);
#4050=ORIENTED_EDGE('',*,*,#2631,.F.);
#4051=ORIENTED_EDGE('',*,*,#2877,.T.);
#4052=ORIENTED_EDGE('',*,*,#2934,.T.);
#4053=ORIENTED_EDGE('',*,*,#2932,.F.);
#4054=ORIENTED_EDGE('',*,*,#2934,.F.);
#4055=ORIENTED_EDGE('',*,*,#2876,.F.);
#4056=ORIENTED_EDGE('',*,*,#2879,.F.);
#4057=ORIENTED_EDGE('',*,*,#2881,.F.);
#4058=ORIENTED_EDGE('',*,*,#2883,.F.);
#4059=ORIENTED_EDGE('',*,*,#2885,.F.);
#4060=ORIENTED_EDGE('',*,*,#2887,.F.);
#4061=ORIENTED_EDGE('',*,*,#2889,.F.);
#4062=ORIENTED_EDGE('',*,*,#2891,.F.);
#4063=ORIENTED_EDGE('',*,*,#2893,.F.);
#4064=ORIENTED_EDGE('',*,*,#2895,.F.);
#4065=ORIENTED_EDGE('',*,*,#2897,.F.);
#4066=ORIENTED_EDGE('',*,*,#2899,.F.);
#4067=ORIENTED_EDGE('',*,*,#2901,.F.);
#4068=ORIENTED_EDGE('',*,*,#2903,.F.);
#4069=ORIENTED_EDGE('',*,*,#2905,.F.);
#4070=ORIENTED_EDGE('',*,*,#2907,.F.);
#4071=ORIENTED_EDGE('',*,*,#2909,.F.);
#4072=ORIENTED_EDGE('',*,*,#2911,.F.);
#4073=ORIENTED_EDGE('',*,*,#2913,.F.);
#4074=ORIENTED_EDGE('',*,*,#2915,.F.);
#4075=ORIENTED_EDGE('',*,*,#2917,.F.);
#4076=ORIENTED_EDGE('',*,*,#2919,.F.);
#4077=ORIENTED_EDGE('',*,*,#2921,.F.);
#4078=ORIENTED_EDGE('',*,*,#2923,.F.);
#4079=ORIENTED_EDGE('',*,*,#2925,.F.);
#4080=ORIENTED_EDGE('',*,*,#2927,.F.);
#4081=ORIENTED_EDGE('',*,*,#2929,.F.);
#4082=ORIENTED_EDGE('',*,*,#2931,.F.);
#4083=ORIENTED_EDGE('',*,*,#2933,.F.);
#4084=ORIENTED_EDGE('',*,*,#2583,.F.);
#4085=ORIENTED_EDGE('',*,*,#2935,.T.);
#4086=ORIENTED_EDGE('',*,*,#2936,.T.);
#4087=ORIENTED_EDGE('',*,*,#2937,.F.);
#4088=ORIENTED_EDGE('',*,*,#2598,.F.);
#4089=ORIENTED_EDGE('',*,*,#2938,.T.);
#4090=ORIENTED_EDGE('',*,*,#2939,.T.);
#4091=ORIENTED_EDGE('',*,*,#2935,.F.);
#4092=ORIENTED_EDGE('',*,*,#2597,.F.);
#4093=ORIENTED_EDGE('',*,*,#2940,.T.);
#4094=ORIENTED_EDGE('',*,*,#2941,.T.);
#4095=ORIENTED_EDGE('',*,*,#2938,.F.);
#4096=ORIENTED_EDGE('',*,*,#2596,.F.);
#4097=ORIENTED_EDGE('',*,*,#2942,.T.);
#4098=ORIENTED_EDGE('',*,*,#2943,.T.);
#4099=ORIENTED_EDGE('',*,*,#2940,.F.);
#4100=ORIENTED_EDGE('',*,*,#2595,.F.);
#4101=ORIENTED_EDGE('',*,*,#2944,.T.);
#4102=ORIENTED_EDGE('',*,*,#2945,.T.);
#4103=ORIENTED_EDGE('',*,*,#2942,.F.);
#4104=ORIENTED_EDGE('',*,*,#2594,.F.);
#4105=ORIENTED_EDGE('',*,*,#2946,.T.);
#4106=ORIENTED_EDGE('',*,*,#2947,.T.);
#4107=ORIENTED_EDGE('',*,*,#2944,.F.);
#4108=ORIENTED_EDGE('',*,*,#2593,.F.);
#4109=ORIENTED_EDGE('',*,*,#2948,.T.);
#4110=ORIENTED_EDGE('',*,*,#2949,.T.);
#4111=ORIENTED_EDGE('',*,*,#2946,.F.);
#4112=ORIENTED_EDGE('',*,*,#2592,.F.);
#4113=ORIENTED_EDGE('',*,*,#2950,.T.);
#4114=ORIENTED_EDGE('',*,*,#2951,.T.);
#4115=ORIENTED_EDGE('',*,*,#2948,.F.);
#4116=ORIENTED_EDGE('',*,*,#2591,.F.);
#4117=ORIENTED_EDGE('',*,*,#2952,.T.);
#4118=ORIENTED_EDGE('',*,*,#2953,.T.);
#4119=ORIENTED_EDGE('',*,*,#2950,.F.);
#4120=ORIENTED_EDGE('',*,*,#2590,.F.);
#4121=ORIENTED_EDGE('',*,*,#2954,.T.);
#4122=ORIENTED_EDGE('',*,*,#2955,.T.);
#4123=ORIENTED_EDGE('',*,*,#2952,.F.);
#4124=ORIENTED_EDGE('',*,*,#2589,.F.);
#4125=ORIENTED_EDGE('',*,*,#2956,.T.);
#4126=ORIENTED_EDGE('',*,*,#2957,.T.);
#4127=ORIENTED_EDGE('',*,*,#2954,.F.);
#4128=ORIENTED_EDGE('',*,*,#2588,.F.);
#4129=ORIENTED_EDGE('',*,*,#2958,.T.);
#4130=ORIENTED_EDGE('',*,*,#2959,.T.);
#4131=ORIENTED_EDGE('',*,*,#2956,.F.);
#4132=ORIENTED_EDGE('',*,*,#2587,.F.);
#4133=ORIENTED_EDGE('',*,*,#2960,.T.);
#4134=ORIENTED_EDGE('',*,*,#2961,.T.);
#4135=ORIENTED_EDGE('',*,*,#2958,.F.);
#4136=ORIENTED_EDGE('',*,*,#2586,.F.);
#4137=ORIENTED_EDGE('',*,*,#2962,.T.);
#4138=ORIENTED_EDGE('',*,*,#2963,.T.);
#4139=ORIENTED_EDGE('',*,*,#2960,.F.);
#4140=ORIENTED_EDGE('',*,*,#2585,.F.);
#4141=ORIENTED_EDGE('',*,*,#2964,.T.);
#4142=ORIENTED_EDGE('',*,*,#2965,.T.);
#4143=ORIENTED_EDGE('',*,*,#2962,.F.);
#4144=ORIENTED_EDGE('',*,*,#2584,.F.);
#4145=ORIENTED_EDGE('',*,*,#2937,.T.);
#4146=ORIENTED_EDGE('',*,*,#2966,.T.);
#4147=ORIENTED_EDGE('',*,*,#2964,.F.);
#4148=ORIENTED_EDGE('',*,*,#2966,.F.);
#4149=ORIENTED_EDGE('',*,*,#2936,.F.);
#4150=ORIENTED_EDGE('',*,*,#2939,.F.);
#4151=ORIENTED_EDGE('',*,*,#2941,.F.);
#4152=ORIENTED_EDGE('',*,*,#2943,.F.);
#4153=ORIENTED_EDGE('',*,*,#2945,.F.);
#4154=ORIENTED_EDGE('',*,*,#2947,.F.);
#4155=ORIENTED_EDGE('',*,*,#2949,.F.);
#4156=ORIENTED_EDGE('',*,*,#2951,.F.);
#4157=ORIENTED_EDGE('',*,*,#2953,.F.);
#4158=ORIENTED_EDGE('',*,*,#2955,.F.);
#4159=ORIENTED_EDGE('',*,*,#2957,.F.);
#4160=ORIENTED_EDGE('',*,*,#2959,.F.);
#4161=ORIENTED_EDGE('',*,*,#2961,.F.);
#4162=ORIENTED_EDGE('',*,*,#2963,.F.);
#4163=ORIENTED_EDGE('',*,*,#2965,.F.);
#4164=ORIENTED_EDGE('',*,*,#2488,.F.);
#4165=ORIENTED_EDGE('',*,*,#2967,.T.);
#4166=ORIENTED_EDGE('',*,*,#2968,.T.);
#4167=ORIENTED_EDGE('',*,*,#2969,.F.);
#4168=ORIENTED_EDGE('',*,*,#2509,.F.);
#4169=ORIENTED_EDGE('',*,*,#2970,.T.);
#4170=ORIENTED_EDGE('',*,*,#2971,.T.);
#4171=ORIENTED_EDGE('',*,*,#2967,.F.);
#4172=ORIENTED_EDGE('',*,*,#2508,.F.);
#4173=ORIENTED_EDGE('',*,*,#2972,.T.);
#4174=ORIENTED_EDGE('',*,*,#2973,.T.);
#4175=ORIENTED_EDGE('',*,*,#2970,.F.);
#4176=ORIENTED_EDGE('',*,*,#2507,.F.);
#4177=ORIENTED_EDGE('',*,*,#2974,.T.);
#4178=ORIENTED_EDGE('',*,*,#2975,.T.);
#4179=ORIENTED_EDGE('',*,*,#2972,.F.);
#4180=ORIENTED_EDGE('',*,*,#2506,.F.);
#4181=ORIENTED_EDGE('',*,*,#2976,.T.);
#4182=ORIENTED_EDGE('',*,*,#2977,.T.);
#4183=ORIENTED_EDGE('',*,*,#2974,.F.);
#4184=ORIENTED_EDGE('',*,*,#2505,.F.);
#4185=ORIENTED_EDGE('',*,*,#2978,.T.);
#4186=ORIENTED_EDGE('',*,*,#2979,.T.);
#4187=ORIENTED_EDGE('',*,*,#2976,.F.);
#4188=ORIENTED_EDGE('',*,*,#2504,.F.);
#4189=ORIENTED_EDGE('',*,*,#2980,.T.);
#4190=ORIENTED_EDGE('',*,*,#2981,.T.);
#4191=ORIENTED_EDGE('',*,*,#2978,.F.);
#4192=ORIENTED_EDGE('',*,*,#2503,.F.);
#4193=ORIENTED_EDGE('',*,*,#2982,.T.);
#4194=ORIENTED_EDGE('',*,*,#2983,.T.);
#4195=ORIENTED_EDGE('',*,*,#2980,.F.);
#4196=ORIENTED_EDGE('',*,*,#2502,.F.);
#4197=ORIENTED_EDGE('',*,*,#2984,.T.);
#4198=ORIENTED_EDGE('',*,*,#2985,.T.);
#4199=ORIENTED_EDGE('',*,*,#2982,.F.);
#4200=ORIENTED_EDGE('',*,*,#2501,.F.);
#4201=ORIENTED_EDGE('',*,*,#2986,.T.);
#4202=ORIENTED_EDGE('',*,*,#2987,.T.);
#4203=ORIENTED_EDGE('',*,*,#2984,.F.);
#4204=ORIENTED_EDGE('',*,*,#2500,.F.);
#4205=ORIENTED_EDGE('',*,*,#2988,.T.);
#4206=ORIENTED_EDGE('',*,*,#2989,.T.);
#4207=ORIENTED_EDGE('',*,*,#2986,.F.);
#4208=ORIENTED_EDGE('',*,*,#2499,.F.);
#4209=ORIENTED_EDGE('',*,*,#2990,.T.);
#4210=ORIENTED_EDGE('',*,*,#2991,.T.);
#4211=ORIENTED_EDGE('',*,*,#2988,.F.);
#4212=ORIENTED_EDGE('',*,*,#2498,.F.);
#4213=ORIENTED_EDGE('',*,*,#2992,.T.);
#4214=ORIENTED_EDGE('',*,*,#2993,.T.);
#4215=ORIENTED_EDGE('',*,*,#2990,.F.);
#4216=ORIENTED_EDGE('',*,*,#2497,.F.);
#4217=ORIENTED_EDGE('',*,*,#2994,.T.);
#4218=ORIENTED_EDGE('',*,*,#2995,.T.);
#4219=ORIENTED_EDGE('',*,*,#2992,.F.);
#4220=ORIENTED_EDGE('',*,*,#2496,.F.);
#4221=ORIENTED_EDGE('',*,*,#2996,.T.);
#4222=ORIENTED_EDGE('',*,*,#2997,.T.);
#4223=ORIENTED_EDGE('',*,*,#2994,.F.);
#4224=ORIENTED_EDGE('',*,*,#2495,.F.);
#4225=ORIENTED_EDGE('',*,*,#2998,.T.);
#4226=ORIENTED_EDGE('',*,*,#2999,.T.);
#4227=ORIENTED_EDGE('',*,*,#2996,.F.);
#4228=ORIENTED_EDGE('',*,*,#2494,.F.);
#4229=ORIENTED_EDGE('',*,*,#3000,.T.);
#4230=ORIENTED_EDGE('',*,*,#3001,.T.);
#4231=ORIENTED_EDGE('',*,*,#2998,.F.);
#4232=ORIENTED_EDGE('',*,*,#2493,.F.);
#4233=ORIENTED_EDGE('',*,*,#3002,.T.);
#4234=ORIENTED_EDGE('',*,*,#3003,.T.);
#4235=ORIENTED_EDGE('',*,*,#3000,.F.);
#4236=ORIENTED_EDGE('',*,*,#2492,.F.);
#4237=ORIENTED_EDGE('',*,*,#3004,.T.);
#4238=ORIENTED_EDGE('',*,*,#3005,.T.);
#4239=ORIENTED_EDGE('',*,*,#3002,.F.);
#4240=ORIENTED_EDGE('',*,*,#2491,.F.);
#4241=ORIENTED_EDGE('',*,*,#3006,.T.);
#4242=ORIENTED_EDGE('',*,*,#3007,.T.);
#4243=ORIENTED_EDGE('',*,*,#3004,.F.);
#4244=ORIENTED_EDGE('',*,*,#2490,.F.);
#4245=ORIENTED_EDGE('',*,*,#3008,.T.);
#4246=ORIENTED_EDGE('',*,*,#3009,.T.);
#4247=ORIENTED_EDGE('',*,*,#3006,.F.);
#4248=ORIENTED_EDGE('',*,*,#2489,.F.);
#4249=ORIENTED_EDGE('',*,*,#2969,.T.);
#4250=ORIENTED_EDGE('',*,*,#3010,.T.);
#4251=ORIENTED_EDGE('',*,*,#3008,.F.);
#4252=ORIENTED_EDGE('',*,*,#3010,.F.);
#4253=ORIENTED_EDGE('',*,*,#2968,.F.);
#4254=ORIENTED_EDGE('',*,*,#2971,.F.);
#4255=ORIENTED_EDGE('',*,*,#2973,.F.);
#4256=ORIENTED_EDGE('',*,*,#2975,.F.);
#4257=ORIENTED_EDGE('',*,*,#2977,.F.);
#4258=ORIENTED_EDGE('',*,*,#2979,.F.);
#4259=ORIENTED_EDGE('',*,*,#2981,.F.);
#4260=ORIENTED_EDGE('',*,*,#2983,.F.);
#4261=ORIENTED_EDGE('',*,*,#2985,.F.);
#4262=ORIENTED_EDGE('',*,*,#2987,.F.);
#4263=ORIENTED_EDGE('',*,*,#2989,.F.);
#4264=ORIENTED_EDGE('',*,*,#2991,.F.);
#4265=ORIENTED_EDGE('',*,*,#2993,.F.);
#4266=ORIENTED_EDGE('',*,*,#2995,.F.);
#4267=ORIENTED_EDGE('',*,*,#2997,.F.);
#4268=ORIENTED_EDGE('',*,*,#2999,.F.);
#4269=ORIENTED_EDGE('',*,*,#3001,.F.);
#4270=ORIENTED_EDGE('',*,*,#3003,.F.);
#4271=ORIENTED_EDGE('',*,*,#3005,.F.);
#4272=ORIENTED_EDGE('',*,*,#3007,.F.);
#4273=ORIENTED_EDGE('',*,*,#3009,.F.);
#4274=ORIENTED_EDGE('',*,*,#2510,.F.);
#4275=ORIENTED_EDGE('',*,*,#3011,.T.);
#4276=ORIENTED_EDGE('',*,*,#3012,.T.);
#4277=ORIENTED_EDGE('',*,*,#3013,.F.);
#4278=ORIENTED_EDGE('',*,*,#2539,.F.);
#4279=ORIENTED_EDGE('',*,*,#3014,.T.);
#4280=ORIENTED_EDGE('',*,*,#3015,.T.);
#4281=ORIENTED_EDGE('',*,*,#3011,.F.);
#4282=ORIENTED_EDGE('',*,*,#2538,.F.);
#4283=ORIENTED_EDGE('',*,*,#3016,.T.);
#4284=ORIENTED_EDGE('',*,*,#3017,.T.);
#4285=ORIENTED_EDGE('',*,*,#3014,.F.);
#4286=ORIENTED_EDGE('',*,*,#2537,.F.);
#4287=ORIENTED_EDGE('',*,*,#3018,.T.);
#4288=ORIENTED_EDGE('',*,*,#3019,.T.);
#4289=ORIENTED_EDGE('',*,*,#3016,.F.);
#4290=ORIENTED_EDGE('',*,*,#2536,.F.);
#4291=ORIENTED_EDGE('',*,*,#3020,.T.);
#4292=ORIENTED_EDGE('',*,*,#3021,.T.);
#4293=ORIENTED_EDGE('',*,*,#3018,.F.);
#4294=ORIENTED_EDGE('',*,*,#2535,.F.);
#4295=ORIENTED_EDGE('',*,*,#3022,.T.);
#4296=ORIENTED_EDGE('',*,*,#3023,.T.);
#4297=ORIENTED_EDGE('',*,*,#3020,.F.);
#4298=ORIENTED_EDGE('',*,*,#2534,.F.);
#4299=ORIENTED_EDGE('',*,*,#3024,.T.);
#4300=ORIENTED_EDGE('',*,*,#3025,.T.);
#4301=ORIENTED_EDGE('',*,*,#3022,.F.);
#4302=ORIENTED_EDGE('',*,*,#2533,.F.);
#4303=ORIENTED_EDGE('',*,*,#3026,.T.);
#4304=ORIENTED_EDGE('',*,*,#3027,.T.);
#4305=ORIENTED_EDGE('',*,*,#3024,.F.);
#4306=ORIENTED_EDGE('',*,*,#2532,.F.);
#4307=ORIENTED_EDGE('',*,*,#3028,.T.);
#4308=ORIENTED_EDGE('',*,*,#3029,.T.);
#4309=ORIENTED_EDGE('',*,*,#3026,.F.);
#4310=ORIENTED_EDGE('',*,*,#2531,.F.);
#4311=ORIENTED_EDGE('',*,*,#3030,.T.);
#4312=ORIENTED_EDGE('',*,*,#3031,.T.);
#4313=ORIENTED_EDGE('',*,*,#3028,.F.);
#4314=ORIENTED_EDGE('',*,*,#2530,.F.);
#4315=ORIENTED_EDGE('',*,*,#3032,.T.);
#4316=ORIENTED_EDGE('',*,*,#3033,.T.);
#4317=ORIENTED_EDGE('',*,*,#3030,.F.);
#4318=ORIENTED_EDGE('',*,*,#2529,.F.);
#4319=ORIENTED_EDGE('',*,*,#3034,.T.);
#4320=ORIENTED_EDGE('',*,*,#3035,.T.);
#4321=ORIENTED_EDGE('',*,*,#3032,.F.);
#4322=ORIENTED_EDGE('',*,*,#2528,.F.);
#4323=ORIENTED_EDGE('',*,*,#3036,.T.);
#4324=ORIENTED_EDGE('',*,*,#3037,.T.);
#4325=ORIENTED_EDGE('',*,*,#3034,.F.);
#4326=ORIENTED_EDGE('',*,*,#2527,.F.);
#4327=ORIENTED_EDGE('',*,*,#3038,.T.);
#4328=ORIENTED_EDGE('',*,*,#3039,.T.);
#4329=ORIENTED_EDGE('',*,*,#3036,.F.);
#4330=ORIENTED_EDGE('',*,*,#2526,.F.);
#4331=ORIENTED_EDGE('',*,*,#3040,.T.);
#4332=ORIENTED_EDGE('',*,*,#3041,.T.);
#4333=ORIENTED_EDGE('',*,*,#3038,.F.);
#4334=ORIENTED_EDGE('',*,*,#2525,.F.);
#4335=ORIENTED_EDGE('',*,*,#3042,.T.);
#4336=ORIENTED_EDGE('',*,*,#3043,.T.);
#4337=ORIENTED_EDGE('',*,*,#3040,.F.);
#4338=ORIENTED_EDGE('',*,*,#2524,.F.);
#4339=ORIENTED_EDGE('',*,*,#3044,.T.);
#4340=ORIENTED_EDGE('',*,*,#3045,.T.);
#4341=ORIENTED_EDGE('',*,*,#3042,.F.);
#4342=ORIENTED_EDGE('',*,*,#2523,.F.);
#4343=ORIENTED_EDGE('',*,*,#3046,.T.);
#4344=ORIENTED_EDGE('',*,*,#3047,.T.);
#4345=ORIENTED_EDGE('',*,*,#3044,.F.);
#4346=ORIENTED_EDGE('',*,*,#2522,.F.);
#4347=ORIENTED_EDGE('',*,*,#3048,.T.);
#4348=ORIENTED_EDGE('',*,*,#3049,.T.);
#4349=ORIENTED_EDGE('',*,*,#3046,.F.);
#4350=ORIENTED_EDGE('',*,*,#2521,.F.);
#4351=ORIENTED_EDGE('',*,*,#3050,.T.);
#4352=ORIENTED_EDGE('',*,*,#3051,.T.);
#4353=ORIENTED_EDGE('',*,*,#3048,.F.);
#4354=ORIENTED_EDGE('',*,*,#2520,.F.);
#4355=ORIENTED_EDGE('',*,*,#3052,.T.);
#4356=ORIENTED_EDGE('',*,*,#3053,.T.);
#4357=ORIENTED_EDGE('',*,*,#3050,.F.);
#4358=ORIENTED_EDGE('',*,*,#2519,.F.);
#4359=ORIENTED_EDGE('',*,*,#3054,.T.);
#4360=ORIENTED_EDGE('',*,*,#3055,.T.);
#4361=ORIENTED_EDGE('',*,*,#3052,.F.);
#4362=ORIENTED_EDGE('',*,*,#2518,.F.);
#4363=ORIENTED_EDGE('',*,*,#3056,.T.);
#4364=ORIENTED_EDGE('',*,*,#3057,.T.);
#4365=ORIENTED_EDGE('',*,*,#3054,.F.);
#4366=ORIENTED_EDGE('',*,*,#2517,.F.);
#4367=ORIENTED_EDGE('',*,*,#3058,.T.);
#4368=ORIENTED_EDGE('',*,*,#3059,.T.);
#4369=ORIENTED_EDGE('',*,*,#3056,.F.);
#4370=ORIENTED_EDGE('',*,*,#2516,.F.);
#4371=ORIENTED_EDGE('',*,*,#3060,.T.);
#4372=ORIENTED_EDGE('',*,*,#3061,.T.);
#4373=ORIENTED_EDGE('',*,*,#3058,.F.);
#4374=ORIENTED_EDGE('',*,*,#2515,.F.);
#4375=ORIENTED_EDGE('',*,*,#3062,.T.);
#4376=ORIENTED_EDGE('',*,*,#3063,.T.);
#4377=ORIENTED_EDGE('',*,*,#3060,.F.);
#4378=ORIENTED_EDGE('',*,*,#2514,.F.);
#4379=ORIENTED_EDGE('',*,*,#3064,.T.);
#4380=ORIENTED_EDGE('',*,*,#3065,.T.);
#4381=ORIENTED_EDGE('',*,*,#3062,.F.);
#4382=ORIENTED_EDGE('',*,*,#2513,.F.);
#4383=ORIENTED_EDGE('',*,*,#3066,.T.);
#4384=ORIENTED_EDGE('',*,*,#3067,.T.);
#4385=ORIENTED_EDGE('',*,*,#3064,.F.);
#4386=ORIENTED_EDGE('',*,*,#2512,.F.);
#4387=ORIENTED_EDGE('',*,*,#3068,.T.);
#4388=ORIENTED_EDGE('',*,*,#3069,.T.);
#4389=ORIENTED_EDGE('',*,*,#3066,.F.);
#4390=ORIENTED_EDGE('',*,*,#2511,.F.);
#4391=ORIENTED_EDGE('',*,*,#3013,.T.);
#4392=ORIENTED_EDGE('',*,*,#3070,.T.);
#4393=ORIENTED_EDGE('',*,*,#3068,.F.);
#4394=ORIENTED_EDGE('',*,*,#3070,.F.);
#4395=ORIENTED_EDGE('',*,*,#3012,.F.);
#4396=ORIENTED_EDGE('',*,*,#3015,.F.);
#4397=ORIENTED_EDGE('',*,*,#3017,.F.);
#4398=ORIENTED_EDGE('',*,*,#3019,.F.);
#4399=ORIENTED_EDGE('',*,*,#3021,.F.);
#4400=ORIENTED_EDGE('',*,*,#3023,.F.);
#4401=ORIENTED_EDGE('',*,*,#3025,.F.);
#4402=ORIENTED_EDGE('',*,*,#3027,.F.);
#4403=ORIENTED_EDGE('',*,*,#3029,.F.);
#4404=ORIENTED_EDGE('',*,*,#3031,.F.);
#4405=ORIENTED_EDGE('',*,*,#3033,.F.);
#4406=ORIENTED_EDGE('',*,*,#3035,.F.);
#4407=ORIENTED_EDGE('',*,*,#3037,.F.);
#4408=ORIENTED_EDGE('',*,*,#3039,.F.);
#4409=ORIENTED_EDGE('',*,*,#3041,.F.);
#4410=ORIENTED_EDGE('',*,*,#3043,.F.);
#4411=ORIENTED_EDGE('',*,*,#3045,.F.);
#4412=ORIENTED_EDGE('',*,*,#3047,.F.);
#4413=ORIENTED_EDGE('',*,*,#3049,.F.);
#4414=ORIENTED_EDGE('',*,*,#3051,.F.);
#4415=ORIENTED_EDGE('',*,*,#3053,.F.);
#4416=ORIENTED_EDGE('',*,*,#3055,.F.);
#4417=ORIENTED_EDGE('',*,*,#3057,.F.);
#4418=ORIENTED_EDGE('',*,*,#3059,.F.);
#4419=ORIENTED_EDGE('',*,*,#3061,.F.);
#4420=ORIENTED_EDGE('',*,*,#3063,.F.);
#4421=ORIENTED_EDGE('',*,*,#3065,.F.);
#4422=ORIENTED_EDGE('',*,*,#3067,.F.);
#4423=ORIENTED_EDGE('',*,*,#3069,.F.);
#4424=ORIENTED_EDGE('',*,*,#2540,.F.);
#4425=ORIENTED_EDGE('',*,*,#3071,.T.);
#4426=ORIENTED_EDGE('',*,*,#3072,.T.);
#4427=ORIENTED_EDGE('',*,*,#3073,.F.);
#4428=ORIENTED_EDGE('',*,*,#2561,.F.);
#4429=ORIENTED_EDGE('',*,*,#3074,.T.);
#4430=ORIENTED_EDGE('',*,*,#3075,.T.);
#4431=ORIENTED_EDGE('',*,*,#3071,.F.);
#4432=ORIENTED_EDGE('',*,*,#2560,.F.);
#4433=ORIENTED_EDGE('',*,*,#3076,.T.);
#4434=ORIENTED_EDGE('',*,*,#3077,.T.);
#4435=ORIENTED_EDGE('',*,*,#3074,.F.);
#4436=ORIENTED_EDGE('',*,*,#2559,.F.);
#4437=ORIENTED_EDGE('',*,*,#3078,.T.);
#4438=ORIENTED_EDGE('',*,*,#3079,.T.);
#4439=ORIENTED_EDGE('',*,*,#3076,.F.);
#4440=ORIENTED_EDGE('',*,*,#2558,.F.);
#4441=ORIENTED_EDGE('',*,*,#3080,.T.);
#4442=ORIENTED_EDGE('',*,*,#3081,.T.);
#4443=ORIENTED_EDGE('',*,*,#3078,.F.);
#4444=ORIENTED_EDGE('',*,*,#2557,.F.);
#4445=ORIENTED_EDGE('',*,*,#3082,.T.);
#4446=ORIENTED_EDGE('',*,*,#3083,.T.);
#4447=ORIENTED_EDGE('',*,*,#3080,.F.);
#4448=ORIENTED_EDGE('',*,*,#2556,.F.);
#4449=ORIENTED_EDGE('',*,*,#3084,.T.);
#4450=ORIENTED_EDGE('',*,*,#3085,.T.);
#4451=ORIENTED_EDGE('',*,*,#3082,.F.);
#4452=ORIENTED_EDGE('',*,*,#2555,.F.);
#4453=ORIENTED_EDGE('',*,*,#3086,.T.);
#4454=ORIENTED_EDGE('',*,*,#3087,.T.);
#4455=ORIENTED_EDGE('',*,*,#3084,.F.);
#4456=ORIENTED_EDGE('',*,*,#2554,.F.);
#4457=ORIENTED_EDGE('',*,*,#3088,.T.);
#4458=ORIENTED_EDGE('',*,*,#3089,.T.);
#4459=ORIENTED_EDGE('',*,*,#3086,.F.);
#4460=ORIENTED_EDGE('',*,*,#2553,.F.);
#4461=ORIENTED_EDGE('',*,*,#3090,.T.);
#4462=ORIENTED_EDGE('',*,*,#3091,.T.);
#4463=ORIENTED_EDGE('',*,*,#3088,.F.);
#4464=ORIENTED_EDGE('',*,*,#2552,.F.);
#4465=ORIENTED_EDGE('',*,*,#3092,.T.);
#4466=ORIENTED_EDGE('',*,*,#3093,.T.);
#4467=ORIENTED_EDGE('',*,*,#3090,.F.);
#4468=ORIENTED_EDGE('',*,*,#2551,.F.);
#4469=ORIENTED_EDGE('',*,*,#3094,.T.);
#4470=ORIENTED_EDGE('',*,*,#3095,.T.);
#4471=ORIENTED_EDGE('',*,*,#3092,.F.);
#4472=ORIENTED_EDGE('',*,*,#2550,.F.);
#4473=ORIENTED_EDGE('',*,*,#3096,.T.);
#4474=ORIENTED_EDGE('',*,*,#3097,.T.);
#4475=ORIENTED_EDGE('',*,*,#3094,.F.);
#4476=ORIENTED_EDGE('',*,*,#2549,.F.);
#4477=ORIENTED_EDGE('',*,*,#3098,.T.);
#4478=ORIENTED_EDGE('',*,*,#3099,.T.);
#4479=ORIENTED_EDGE('',*,*,#3096,.F.);
#4480=ORIENTED_EDGE('',*,*,#2548,.F.);
#4481=ORIENTED_EDGE('',*,*,#3100,.T.);
#4482=ORIENTED_EDGE('',*,*,#3101,.T.);
#4483=ORIENTED_EDGE('',*,*,#3098,.F.);
#4484=ORIENTED_EDGE('',*,*,#2547,.F.);
#4485=ORIENTED_EDGE('',*,*,#3102,.T.);
#4486=ORIENTED_EDGE('',*,*,#3103,.T.);
#4487=ORIENTED_EDGE('',*,*,#3100,.F.);
#4488=ORIENTED_EDGE('',*,*,#2546,.F.);
#4489=ORIENTED_EDGE('',*,*,#3104,.T.);
#4490=ORIENTED_EDGE('',*,*,#3105,.T.);
#4491=ORIENTED_EDGE('',*,*,#3102,.F.);
#4492=ORIENTED_EDGE('',*,*,#2545,.F.);
#4493=ORIENTED_EDGE('',*,*,#3106,.T.);
#4494=ORIENTED_EDGE('',*,*,#3107,.T.);
#4495=ORIENTED_EDGE('',*,*,#3104,.F.);
#4496=ORIENTED_EDGE('',*,*,#2544,.F.);
#4497=ORIENTED_EDGE('',*,*,#3108,.T.);
#4498=ORIENTED_EDGE('',*,*,#3109,.T.);
#4499=ORIENTED_EDGE('',*,*,#3106,.F.);
#4500=ORIENTED_EDGE('',*,*,#2543,.F.);
#4501=ORIENTED_EDGE('',*,*,#3110,.T.);
#4502=ORIENTED_EDGE('',*,*,#3111,.T.);
#4503=ORIENTED_EDGE('',*,*,#3108,.F.);
#4504=ORIENTED_EDGE('',*,*,#2542,.F.);
#4505=ORIENTED_EDGE('',*,*,#3112,.T.);
#4506=ORIENTED_EDGE('',*,*,#3113,.T.);
#4507=ORIENTED_EDGE('',*,*,#3110,.F.);
#4508=ORIENTED_EDGE('',*,*,#2541,.F.);
#4509=ORIENTED_EDGE('',*,*,#3073,.T.);
#4510=ORIENTED_EDGE('',*,*,#3114,.T.);
#4511=ORIENTED_EDGE('',*,*,#3112,.F.);
#4512=ORIENTED_EDGE('',*,*,#3114,.F.);
#4513=ORIENTED_EDGE('',*,*,#3072,.F.);
#4514=ORIENTED_EDGE('',*,*,#3075,.F.);
#4515=ORIENTED_EDGE('',*,*,#3077,.F.);
#4516=ORIENTED_EDGE('',*,*,#3079,.F.);
#4517=ORIENTED_EDGE('',*,*,#3081,.F.);
#4518=ORIENTED_EDGE('',*,*,#3083,.F.);
#4519=ORIENTED_EDGE('',*,*,#3085,.F.);
#4520=ORIENTED_EDGE('',*,*,#3087,.F.);
#4521=ORIENTED_EDGE('',*,*,#3089,.F.);
#4522=ORIENTED_EDGE('',*,*,#3091,.F.);
#4523=ORIENTED_EDGE('',*,*,#3093,.F.);
#4524=ORIENTED_EDGE('',*,*,#3095,.F.);
#4525=ORIENTED_EDGE('',*,*,#3097,.F.);
#4526=ORIENTED_EDGE('',*,*,#3099,.F.);
#4527=ORIENTED_EDGE('',*,*,#3101,.F.);
#4528=ORIENTED_EDGE('',*,*,#3103,.F.);
#4529=ORIENTED_EDGE('',*,*,#3105,.F.);
#4530=ORIENTED_EDGE('',*,*,#3107,.F.);
#4531=ORIENTED_EDGE('',*,*,#3109,.F.);
#4532=ORIENTED_EDGE('',*,*,#3111,.F.);
#4533=ORIENTED_EDGE('',*,*,#3113,.F.);
#4534=ORIENTED_EDGE('',*,*,#2562,.F.);
#4535=ORIENTED_EDGE('',*,*,#3115,.T.);
#4536=ORIENTED_EDGE('',*,*,#3116,.T.);
#4537=ORIENTED_EDGE('',*,*,#3117,.F.);
#4538=ORIENTED_EDGE('',*,*,#2570,.F.);
#4539=ORIENTED_EDGE('',*,*,#3118,.T.);
#4540=ORIENTED_EDGE('',*,*,#3119,.T.);
#4541=ORIENTED_EDGE('',*,*,#3115,.F.);
#4542=ORIENTED_EDGE('',*,*,#2569,.F.);
#4543=ORIENTED_EDGE('',*,*,#3120,.T.);
#4544=ORIENTED_EDGE('',*,*,#3121,.T.);
#4545=ORIENTED_EDGE('',*,*,#3118,.F.);
#4546=ORIENTED_EDGE('',*,*,#2568,.F.);
#4547=ORIENTED_EDGE('',*,*,#3122,.T.);
#4548=ORIENTED_EDGE('',*,*,#3123,.T.);
#4549=ORIENTED_EDGE('',*,*,#3120,.F.);
#4550=ORIENTED_EDGE('',*,*,#2567,.F.);
#4551=ORIENTED_EDGE('',*,*,#3124,.T.);
#4552=ORIENTED_EDGE('',*,*,#3125,.T.);
#4553=ORIENTED_EDGE('',*,*,#3122,.F.);
#4554=ORIENTED_EDGE('',*,*,#2566,.F.);
#4555=ORIENTED_EDGE('',*,*,#3126,.T.);
#4556=ORIENTED_EDGE('',*,*,#3127,.T.);
#4557=ORIENTED_EDGE('',*,*,#3124,.F.);
#4558=ORIENTED_EDGE('',*,*,#2565,.F.);
#4559=ORIENTED_EDGE('',*,*,#3128,.T.);
#4560=ORIENTED_EDGE('',*,*,#3129,.T.);
#4561=ORIENTED_EDGE('',*,*,#3126,.F.);
#4562=ORIENTED_EDGE('',*,*,#2564,.F.);
#4563=ORIENTED_EDGE('',*,*,#3130,.T.);
#4564=ORIENTED_EDGE('',*,*,#3131,.T.);
#4565=ORIENTED_EDGE('',*,*,#3128,.F.);
#4566=ORIENTED_EDGE('',*,*,#2563,.F.);
#4567=ORIENTED_EDGE('',*,*,#3117,.T.);
#4568=ORIENTED_EDGE('',*,*,#3132,.T.);
#4569=ORIENTED_EDGE('',*,*,#3130,.F.);
#4570=ORIENTED_EDGE('',*,*,#3132,.F.);
#4571=ORIENTED_EDGE('',*,*,#3116,.F.);
#4572=ORIENTED_EDGE('',*,*,#3119,.F.);
#4573=ORIENTED_EDGE('',*,*,#3121,.F.);
#4574=ORIENTED_EDGE('',*,*,#3123,.F.);
#4575=ORIENTED_EDGE('',*,*,#3125,.F.);
#4576=ORIENTED_EDGE('',*,*,#3127,.F.);
#4577=ORIENTED_EDGE('',*,*,#3129,.F.);
#4578=ORIENTED_EDGE('',*,*,#3131,.F.);
#4579=ORIENTED_EDGE('',*,*,#2571,.F.);
#4580=ORIENTED_EDGE('',*,*,#3133,.T.);
#4581=ORIENTED_EDGE('',*,*,#3134,.T.);
#4582=ORIENTED_EDGE('',*,*,#3135,.F.);
#4583=ORIENTED_EDGE('',*,*,#2582,.F.);
#4584=ORIENTED_EDGE('',*,*,#3136,.T.);
#4585=ORIENTED_EDGE('',*,*,#3137,.T.);
#4586=ORIENTED_EDGE('',*,*,#3133,.F.);
#4587=ORIENTED_EDGE('',*,*,#2581,.F.);
#4588=ORIENTED_EDGE('',*,*,#3138,.T.);
#4589=ORIENTED_EDGE('',*,*,#3139,.T.);
#4590=ORIENTED_EDGE('',*,*,#3136,.F.);
#4591=ORIENTED_EDGE('',*,*,#2580,.F.);
#4592=ORIENTED_EDGE('',*,*,#3140,.T.);
#4593=ORIENTED_EDGE('',*,*,#3141,.T.);
#4594=ORIENTED_EDGE('',*,*,#3138,.F.);
#4595=ORIENTED_EDGE('',*,*,#2579,.F.);
#4596=ORIENTED_EDGE('',*,*,#3142,.T.);
#4597=ORIENTED_EDGE('',*,*,#3143,.T.);
#4598=ORIENTED_EDGE('',*,*,#3140,.F.);
#4599=ORIENTED_EDGE('',*,*,#2578,.F.);
#4600=ORIENTED_EDGE('',*,*,#3144,.T.);
#4601=ORIENTED_EDGE('',*,*,#3145,.T.);
#4602=ORIENTED_EDGE('',*,*,#3142,.F.);
#4603=ORIENTED_EDGE('',*,*,#2577,.F.);
#4604=ORIENTED_EDGE('',*,*,#3146,.T.);
#4605=ORIENTED_EDGE('',*,*,#3147,.T.);
#4606=ORIENTED_EDGE('',*,*,#3144,.F.);
#4607=ORIENTED_EDGE('',*,*,#2576,.F.);
#4608=ORIENTED_EDGE('',*,*,#3148,.T.);
#4609=ORIENTED_EDGE('',*,*,#3149,.T.);
#4610=ORIENTED_EDGE('',*,*,#3146,.F.);
#4611=ORIENTED_EDGE('',*,*,#2575,.F.);
#4612=ORIENTED_EDGE('',*,*,#3150,.T.);
#4613=ORIENTED_EDGE('',*,*,#3151,.T.);
#4614=ORIENTED_EDGE('',*,*,#3148,.F.);
#4615=ORIENTED_EDGE('',*,*,#2574,.F.);
#4616=ORIENTED_EDGE('',*,*,#3152,.T.);
#4617=ORIENTED_EDGE('',*,*,#3153,.T.);
#4618=ORIENTED_EDGE('',*,*,#3150,.F.);
#4619=ORIENTED_EDGE('',*,*,#2573,.F.);
#4620=ORIENTED_EDGE('',*,*,#3154,.T.);
#4621=ORIENTED_EDGE('',*,*,#3155,.T.);
#4622=ORIENTED_EDGE('',*,*,#3152,.F.);
#4623=ORIENTED_EDGE('',*,*,#2572,.F.);
#4624=ORIENTED_EDGE('',*,*,#3135,.T.);
#4625=ORIENTED_EDGE('',*,*,#3156,.T.);
#4626=ORIENTED_EDGE('',*,*,#3154,.F.);
#4627=ORIENTED_EDGE('',*,*,#3156,.F.);
#4628=ORIENTED_EDGE('',*,*,#3134,.F.);
#4629=ORIENTED_EDGE('',*,*,#3137,.F.);
#4630=ORIENTED_EDGE('',*,*,#3139,.F.);
#4631=ORIENTED_EDGE('',*,*,#3141,.F.);
#4632=ORIENTED_EDGE('',*,*,#3143,.F.);
#4633=ORIENTED_EDGE('',*,*,#3145,.F.);
#4634=ORIENTED_EDGE('',*,*,#3147,.F.);
#4635=ORIENTED_EDGE('',*,*,#3149,.F.);
#4636=ORIENTED_EDGE('',*,*,#3151,.F.);
#4637=ORIENTED_EDGE('',*,*,#3153,.F.);
#4638=ORIENTED_EDGE('',*,*,#3155,.F.);
#4639=ORIENTED_EDGE('',*,*,#2740,.T.);
#4640=ORIENTED_EDGE('',*,*,#2695,.T.);
#4641=ORIENTED_EDGE('',*,*,#2699,.T.);
#4642=ORIENTED_EDGE('',*,*,#2702,.T.);
#4643=ORIENTED_EDGE('',*,*,#2705,.T.);
#4644=ORIENTED_EDGE('',*,*,#2708,.T.);
#4645=ORIENTED_EDGE('',*,*,#2711,.T.);
#4646=ORIENTED_EDGE('',*,*,#2714,.T.);
#4647=ORIENTED_EDGE('',*,*,#2717,.T.);
#4648=ORIENTED_EDGE('',*,*,#2720,.T.);
#4649=ORIENTED_EDGE('',*,*,#2723,.T.);
#4650=ORIENTED_EDGE('',*,*,#2726,.T.);
#4651=ORIENTED_EDGE('',*,*,#2729,.T.);
#4652=ORIENTED_EDGE('',*,*,#2732,.T.);
#4653=ORIENTED_EDGE('',*,*,#2735,.T.);
#4654=ORIENTED_EDGE('',*,*,#2738,.T.);
#4655=PLANE('',#5048);
#4656=PLANE('',#5049);
#4657=PLANE('',#5050);
#4658=PLANE('',#5051);
#4659=PLANE('',#5052);
#4660=PLANE('',#5053);
#4661=PLANE('',#5054);
#4662=PLANE('',#5055);
#4663=PLANE('',#5056);
#4664=PLANE('',#5057);
#4665=PLANE('',#5058);
#4666=PLANE('',#5059);
#4667=PLANE('',#5060);
#4668=PLANE('',#5061);
#4669=PLANE('',#5062);
#4670=PLANE('',#5063);
#4671=PLANE('',#5064);
#4672=PLANE('',#5065);
#4673=PLANE('',#5066);
#4674=PLANE('',#5067);
#4675=PLANE('',#5068);
#4676=PLANE('',#5069);
#4677=PLANE('',#5070);
#4678=PLANE('',#5071);
#4679=PLANE('',#5072);
#4680=PLANE('',#5073);
#4681=PLANE('',#5074);
#4682=PLANE('',#5075);
#4683=PLANE('',#5076);
#4684=PLANE('',#5077);
#4685=PLANE('',#5078);
#4686=PLANE('',#5079);
#4687=PLANE('',#5080);
#4688=PLANE('',#5081);
#4689=PLANE('',#5082);
#4690=PLANE('',#5083);
#4691=PLANE('',#5084);
#4692=PLANE('',#5085);
#4693=PLANE('',#5086);
#4694=PLANE('',#5087);
#4695=PLANE('',#5088);
#4696=PLANE('',#5090);
#4697=PLANE('',#5091);
#4698=PLANE('',#5097);
#4699=PLANE('',#5098);
#4700=PLANE('',#5099);
#4701=PLANE('',#5100);
#4702=PLANE('',#5101);
#4703=PLANE('',#5102);
#4704=PLANE('',#5103);
#4705=PLANE('',#5104);
#4706=PLANE('',#5105);
#4707=PLANE('',#5106);
#4708=PLANE('',#5107);
#4709=PLANE('',#5108);
#4710=PLANE('',#5109);
#4711=PLANE('',#5110);
#4712=PLANE('',#5111);
#4713=PLANE('',#5112);
#4714=PLANE('',#5113);
#4715=PLANE('',#5114);
#4716=PLANE('',#5115);
#4717=PLANE('',#5116);
#4718=PLANE('',#5117);
#4719=PLANE('',#5118);
#4720=PLANE('',#5119);
#4721=PLANE('',#5120);
#4722=PLANE('',#5121);
#4723=PLANE('',#5122);
#4724=PLANE('',#5123);
#4725=PLANE('',#5124);
#4726=PLANE('',#5125);
#4727=PLANE('',#5126);
#4728=PLANE('',#5127);
#4729=PLANE('',#5128);
#4730=PLANE('',#5129);
#4731=PLANE('',#5130);
#4732=PLANE('',#5131);
#4733=PLANE('',#5132);
#4734=PLANE('',#5133);
#4735=PLANE('',#5134);
#4736=PLANE('',#5135);
#4737=PLANE('',#5136);
#4738=PLANE('',#5137);
#4739=PLANE('',#5138);
#4740=PLANE('',#5139);
#4741=PLANE('',#5140);
#4742=PLANE('',#5141);
#4743=PLANE('',#5142);
#4744=PLANE('',#5143);
#4745=PLANE('',#5144);
#4746=PLANE('',#5145);
#4747=PLANE('',#5146);
#4748=PLANE('',#5147);
#4749=PLANE('',#5148);
#4750=PLANE('',#5149);
#4751=PLANE('',#5150);
#4752=PLANE('',#5151);
#4753=PLANE('',#5152);
#4754=ADVANCED_FACE('',(#573),#4655,.T.);
#4755=ADVANCED_FACE('',(#574),#4656,.T.);
#4756=ADVANCED_FACE('',(#575),#4657,.T.);
#4757=ADVANCED_FACE('',(#576),#4658,.T.);
#4758=ADVANCED_FACE('',(#577),#4659,.T.);
#4759=ADVANCED_FACE('',(#578),#4660,.T.);
#4760=ADVANCED_FACE('',(#579),#4661,.T.);
#4761=ADVANCED_FACE('',(#580),#4662,.T.);
#4762=ADVANCED_FACE('',(#581),#4663,.T.);
#4763=ADVANCED_FACE('',(#582),#4664,.T.);
#4764=ADVANCED_FACE('',(#583),#4665,.T.);
#4765=ADVANCED_FACE('',(#584),#4666,.T.);
#4766=ADVANCED_FACE('',(#585),#4667,.T.);
#4767=ADVANCED_FACE('',(#586),#4668,.T.);
#4768=ADVANCED_FACE('',(#587),#4669,.T.);
#4769=ADVANCED_FACE('',(#588),#4670,.T.);
#4770=ADVANCED_FACE('',(#589),#4671,.T.);
#4771=ADVANCED_FACE('',(#590),#4672,.T.);
#4772=ADVANCED_FACE('',(#591),#4673,.T.);
#4773=ADVANCED_FACE('',(#592),#4674,.T.);
#4774=ADVANCED_FACE('',(#593),#4675,.T.);
#4775=ADVANCED_FACE('',(#594),#4676,.T.);
#4776=ADVANCED_FACE('',(#595),#4677,.T.);
#4777=ADVANCED_FACE('',(#596),#4678,.T.);
#4778=ADVANCED_FACE('',(#597),#4679,.T.);
#4779=ADVANCED_FACE('',(#598),#4680,.T.);
#4780=ADVANCED_FACE('',(#599),#4681,.T.);
#4781=ADVANCED_FACE('',(#600),#4682,.T.);
#4782=ADVANCED_FACE('',(#601),#4683,.T.);
#4783=ADVANCED_FACE('',(#602),#4684,.T.);
#4784=ADVANCED_FACE('',(#603),#4685,.T.);
#4785=ADVANCED_FACE('',(#604),#4686,.T.);
#4786=ADVANCED_FACE('',(#605,#200),#4687,.T.);
#4787=ADVANCED_FACE('',(#606,#201),#4688,.T.);
#4788=ADVANCED_FACE('',(#607,#202),#4689,.T.);
#4789=ADVANCED_FACE('',(#608,#203),#4690,.T.);
#4790=ADVANCED_FACE('',(#609,#204),#4691,.T.);
#4791=ADVANCED_FACE('',(#610,#205),#4692,.T.);
#4792=ADVANCED_FACE('',(#611,#206,#207),#4693,.T.);
#4793=ADVANCED_FACE('',(#612,#208,#209),#4694,.T.);
#4794=ADVANCED_FACE('',(#613,#210),#4695,.T.);
#4795=ADVANCED_FACE('',(#614,#211,#212),#4696,.T.);
#4796=ADVANCED_FACE('',(#615),#17,.T.);
#4797=ADVANCED_FACE('',(#616),#18,.T.);
#4798=ADVANCED_FACE('',(#617),#19,.T.);
#4799=ADVANCED_FACE('',(#618),#20,.T.);
#4800=ADVANCED_FACE('',(#619),#21,.T.);
#4801=ADVANCED_FACE('',(#620),#22,.T.);
#4802=ADVANCED_FACE('',(#621),#23,.T.);
#4803=ADVANCED_FACE('',(#622),#24,.T.);
#4804=ADVANCED_FACE('',(#623),#25,.T.);
#4805=ADVANCED_FACE('',(#624),#26,.T.);
#4806=ADVANCED_FACE('',(#625),#27,.T.);
#4807=ADVANCED_FACE('',(#626),#28,.T.);
#4808=ADVANCED_FACE('',(#627),#29,.T.);
#4809=ADVANCED_FACE('',(#628),#30,.T.);
#4810=ADVANCED_FACE('',(#629),#31,.T.);
#4811=ADVANCED_FACE('',(#630),#4697,.T.);
#4812=ADVANCED_FACE('',(#631),#15,.T.);
#4813=ADVANCED_FACE('',(#632),#16,.F.);
#4814=ADVANCED_FACE('',(#633,#213),#4698,.T.);
#4815=ADVANCED_FACE('',(#634),#32,.F.);
#4816=ADVANCED_FACE('',(#635),#33,.F.);
#4817=ADVANCED_FACE('',(#636),#34,.F.);
#4818=ADVANCED_FACE('',(#637),#35,.F.);
#4819=ADVANCED_FACE('',(#638),#36,.F.);
#4820=ADVANCED_FACE('',(#639),#37,.F.);
#4821=ADVANCED_FACE('',(#640),#38,.F.);
#4822=ADVANCED_FACE('',(#641),#39,.F.);
#4823=ADVANCED_FACE('',(#642),#4699,.F.);
#4824=ADVANCED_FACE('',(#643),#40,.F.);
#4825=ADVANCED_FACE('',(#644),#41,.F.);
#4826=ADVANCED_FACE('',(#645),#42,.F.);
#4827=ADVANCED_FACE('',(#646),#43,.F.);
#4828=ADVANCED_FACE('',(#647),#44,.F.);
#4829=ADVANCED_FACE('',(#648),#45,.F.);
#4830=ADVANCED_FACE('',(#649),#46,.F.);
#4831=ADVANCED_FACE('',(#650),#47,.F.);
#4832=ADVANCED_FACE('',(#651),#48,.F.);
#4833=ADVANCED_FACE('',(#652),#49,.F.);
#4834=ADVANCED_FACE('',(#653),#4700,.F.);
#4835=ADVANCED_FACE('',(#654),#50,.F.);
#4836=ADVANCED_FACE('',(#655),#4701,.T.);
#4837=ADVANCED_FACE('',(#656),#4702,.F.);
#4838=ADVANCED_FACE('',(#657),#4703,.F.);
#4839=ADVANCED_FACE('',(#658),#4704,.F.);
#4840=ADVANCED_FACE('',(#659),#4705,.F.);
#4841=ADVANCED_FACE('',(#660),#4706,.F.);
#4842=ADVANCED_FACE('',(#661),#51,.F.);
#4843=ADVANCED_FACE('',(#662),#52,.F.);
#4844=ADVANCED_FACE('',(#663),#53,.F.);
#4845=ADVANCED_FACE('',(#664),#54,.F.);
#4846=ADVANCED_FACE('',(#665),#55,.F.);
#4847=ADVANCED_FACE('',(#666),#56,.F.);
#4848=ADVANCED_FACE('',(#667),#57,.F.);
#4849=ADVANCED_FACE('',(#668),#58,.F.);
#4850=ADVANCED_FACE('',(#669),#4707,.F.);
#4851=ADVANCED_FACE('',(#670),#59,.F.);
#4852=ADVANCED_FACE('',(#671),#60,.F.);
#4853=ADVANCED_FACE('',(#672),#61,.F.);
#4854=ADVANCED_FACE('',(#673),#62,.F.);
#4855=ADVANCED_FACE('',(#674),#63,.F.);
#4856=ADVANCED_FACE('',(#675),#64,.F.);
#4857=ADVANCED_FACE('',(#676),#65,.F.);
#4858=ADVANCED_FACE('',(#677),#66,.F.);
#4859=ADVANCED_FACE('',(#678),#67,.F.);
#4860=ADVANCED_FACE('',(#679),#4708,.F.);
#4861=ADVANCED_FACE('',(#680),#4709,.F.);
#4862=ADVANCED_FACE('',(#681),#4710,.F.);
#4863=ADVANCED_FACE('',(#682),#68,.F.);
#4864=ADVANCED_FACE('',(#683),#4711,.T.);
#4865=ADVANCED_FACE('',(#684),#69,.F.);
#4866=ADVANCED_FACE('',(#685),#70,.F.);
#4867=ADVANCED_FACE('',(#686),#4712,.F.);
#4868=ADVANCED_FACE('',(#687),#71,.F.);
#4869=ADVANCED_FACE('',(#688),#72,.F.);
#4870=ADVANCED_FACE('',(#689),#4713,.F.);
#4871=ADVANCED_FACE('',(#690),#4714,.F.);
#4872=ADVANCED_FACE('',(#691),#4715,.F.);
#4873=ADVANCED_FACE('',(#692),#4716,.F.);
#4874=ADVANCED_FACE('',(#693),#4717,.T.);
#4875=ADVANCED_FACE('',(#694),#73,.F.);
#4876=ADVANCED_FACE('',(#695),#74,.F.);
#4877=ADVANCED_FACE('',(#696),#4718,.F.);
#4878=ADVANCED_FACE('',(#697),#75,.F.);
#4879=ADVANCED_FACE('',(#698),#76,.F.);
#4880=ADVANCED_FACE('',(#699),#4719,.F.);
#4881=ADVANCED_FACE('',(#700),#4720,.F.);
#4882=ADVANCED_FACE('',(#701),#4721,.F.);
#4883=ADVANCED_FACE('',(#702),#4722,.F.);
#4884=ADVANCED_FACE('',(#703),#4723,.T.);
#4885=ADVANCED_FACE('',(#704),#77,.F.);
#4886=ADVANCED_FACE('',(#705),#78,.F.);
#4887=ADVANCED_FACE('',(#706),#79,.F.);
#4888=ADVANCED_FACE('',(#707),#80,.F.);
#4889=ADVANCED_FACE('',(#708),#81,.F.);
#4890=ADVANCED_FACE('',(#709),#82,.F.);
#4891=ADVANCED_FACE('',(#710),#83,.F.);
#4892=ADVANCED_FACE('',(#711),#84,.F.);
#4893=ADVANCED_FACE('',(#712),#85,.F.);
#4894=ADVANCED_FACE('',(#713),#86,.F.);
#4895=ADVANCED_FACE('',(#714),#87,.F.);
#4896=ADVANCED_FACE('',(#715),#4724,.F.);
#4897=ADVANCED_FACE('',(#716),#88,.F.);
#4898=ADVANCED_FACE('',(#717),#89,.F.);
#4899=ADVANCED_FACE('',(#718),#90,.F.);
#4900=ADVANCED_FACE('',(#719),#91,.F.);
#4901=ADVANCED_FACE('',(#720),#92,.F.);
#4902=ADVANCED_FACE('',(#721),#93,.F.);
#4903=ADVANCED_FACE('',(#722),#94,.F.);
#4904=ADVANCED_FACE('',(#723),#4725,.F.);
#4905=ADVANCED_FACE('',(#724),#95,.F.);
#4906=ADVANCED_FACE('',(#725),#96,.F.);
#4907=ADVANCED_FACE('',(#726),#97,.F.);
#4908=ADVANCED_FACE('',(#727),#98,.F.);
#4909=ADVANCED_FACE('',(#728),#99,.F.);
#4910=ADVANCED_FACE('',(#729),#100,.F.);
#4911=ADVANCED_FACE('',(#730),#101,.F.);
#4912=ADVANCED_FACE('',(#731),#4726,.F.);
#4913=ADVANCED_FACE('',(#732),#102,.F.);
#4914=ADVANCED_FACE('',(#733),#103,.F.);
#4915=ADVANCED_FACE('',(#734),#4727,.T.);
#4916=ADVANCED_FACE('',(#735),#104,.F.);
#4917=ADVANCED_FACE('',(#736),#105,.F.);
#4918=ADVANCED_FACE('',(#737),#106,.F.);
#4919=ADVANCED_FACE('',(#738),#107,.F.);
#4920=ADVANCED_FACE('',(#739),#108,.F.);
#4921=ADVANCED_FACE('',(#740),#109,.F.);
#4922=ADVANCED_FACE('',(#741),#110,.F.);
#4923=ADVANCED_FACE('',(#742),#111,.F.);
#4924=ADVANCED_FACE('',(#743),#112,.F.);
#4925=ADVANCED_FACE('',(#744),#113,.F.);
#4926=ADVANCED_FACE('',(#745),#114,.F.);
#4927=ADVANCED_FACE('',(#746),#115,.F.);
#4928=ADVANCED_FACE('',(#747),#116,.F.);
#4929=ADVANCED_FACE('',(#748),#117,.F.);
#4930=ADVANCED_FACE('',(#749),#118,.F.);
#4931=ADVANCED_FACE('',(#750),#119,.F.);
#4932=ADVANCED_FACE('',(#751),#4728,.T.);
#4933=ADVANCED_FACE('',(#752),#120,.F.);
#4934=ADVANCED_FACE('',(#753),#121,.F.);
#4935=ADVANCED_FACE('',(#754),#122,.F.);
#4936=ADVANCED_FACE('',(#755),#123,.F.);
#4937=ADVANCED_FACE('',(#756),#124,.F.);
#4938=ADVANCED_FACE('',(#757),#4729,.F.);
#4939=ADVANCED_FACE('',(#758),#4730,.F.);
#4940=ADVANCED_FACE('',(#759),#4731,.F.);
#4941=ADVANCED_FACE('',(#760),#4732,.F.);
#4942=ADVANCED_FACE('',(#761),#4733,.F.);
#4943=ADVANCED_FACE('',(#762),#4734,.F.);
#4944=ADVANCED_FACE('',(#763),#125,.F.);
#4945=ADVANCED_FACE('',(#764),#126,.F.);
#4946=ADVANCED_FACE('',(#765),#127,.F.);
#4947=ADVANCED_FACE('',(#766),#128,.F.);
#4948=ADVANCED_FACE('',(#767),#129,.F.);
#4949=ADVANCED_FACE('',(#768),#130,.F.);
#4950=ADVANCED_FACE('',(#769),#131,.F.);
#4951=ADVANCED_FACE('',(#770),#132,.F.);
#4952=ADVANCED_FACE('',(#771),#4735,.F.);
#4953=ADVANCED_FACE('',(#772),#133,.F.);
#4954=ADVANCED_FACE('',(#773),#134,.F.);
#4955=ADVANCED_FACE('',(#774),#4736,.T.);
#4956=ADVANCED_FACE('',(#775),#135,.F.);
#4957=ADVANCED_FACE('',(#776),#136,.F.);
#4958=ADVANCED_FACE('',(#777),#137,.F.);
#4959=ADVANCED_FACE('',(#778),#138,.F.);
#4960=ADVANCED_FACE('',(#779),#139,.F.);
#4961=ADVANCED_FACE('',(#780),#140,.F.);
#4962=ADVANCED_FACE('',(#781),#141,.F.);
#4963=ADVANCED_FACE('',(#782),#142,.F.);
#4964=ADVANCED_FACE('',(#783),#143,.F.);
#4965=ADVANCED_FACE('',(#784),#144,.F.);
#4966=ADVANCED_FACE('',(#785),#145,.F.);
#4967=ADVANCED_FACE('',(#786),#4737,.F.);
#4968=ADVANCED_FACE('',(#787),#146,.F.);
#4969=ADVANCED_FACE('',(#788),#147,.F.);
#4970=ADVANCED_FACE('',(#789),#148,.F.);
#4971=ADVANCED_FACE('',(#790),#149,.F.);
#4972=ADVANCED_FACE('',(#791),#150,.F.);
#4973=ADVANCED_FACE('',(#792),#151,.F.);
#4974=ADVANCED_FACE('',(#793),#152,.F.);
#4975=ADVANCED_FACE('',(#794),#4738,.F.);
#4976=ADVANCED_FACE('',(#795),#153,.F.);
#4977=ADVANCED_FACE('',(#796),#154,.F.);
#4978=ADVANCED_FACE('',(#797),#155,.F.);
#4979=ADVANCED_FACE('',(#798),#156,.F.);
#4980=ADVANCED_FACE('',(#799),#157,.F.);
#4981=ADVANCED_FACE('',(#800),#158,.F.);
#4982=ADVANCED_FACE('',(#801),#159,.F.);
#4983=ADVANCED_FACE('',(#802),#4739,.F.);
#4984=ADVANCED_FACE('',(#803),#160,.F.);
#4985=ADVANCED_FACE('',(#804),#161,.F.);
#4986=ADVANCED_FACE('',(#805),#4740,.T.);
#4987=ADVANCED_FACE('',(#806),#162,.F.);
#4988=ADVANCED_FACE('',(#807),#163,.F.);
#4989=ADVANCED_FACE('',(#808),#164,.F.);
#4990=ADVANCED_FACE('',(#809),#165,.F.);
#4991=ADVANCED_FACE('',(#810),#166,.F.);
#4992=ADVANCED_FACE('',(#811),#167,.F.);
#4993=ADVANCED_FACE('',(#812),#168,.F.);
#4994=ADVANCED_FACE('',(#813),#169,.F.);
#4995=ADVANCED_FACE('',(#814),#4741,.F.);
#4996=ADVANCED_FACE('',(#815),#170,.F.);
#4997=ADVANCED_FACE('',(#816),#171,.F.);
#4998=ADVANCED_FACE('',(#817),#172,.F.);
#4999=ADVANCED_FACE('',(#818),#173,.F.);
#5000=ADVANCED_FACE('',(#819),#174,.F.);
#5001=ADVANCED_FACE('',(#820),#175,.F.);
#5002=ADVANCED_FACE('',(#821),#176,.F.);
#5003=ADVANCED_FACE('',(#822),#177,.F.);
#5004=ADVANCED_FACE('',(#823),#178,.F.);
#5005=ADVANCED_FACE('',(#824),#4742,.F.);
#5006=ADVANCED_FACE('',(#825),#4743,.F.);
#5007=ADVANCED_FACE('',(#826),#4744,.F.);
#5008=ADVANCED_FACE('',(#827),#179,.F.);
#5009=ADVANCED_FACE('',(#828),#4745,.T.);
#5010=ADVANCED_FACE('',(#829),#180,.F.);
#5011=ADVANCED_FACE('',(#830),#181,.F.);
#5012=ADVANCED_FACE('',(#831),#4746,.F.);
#5013=ADVANCED_FACE('',(#832),#182,.F.);
#5014=ADVANCED_FACE('',(#833),#183,.F.);
#5015=ADVANCED_FACE('',(#834),#4747,.F.);
#5016=ADVANCED_FACE('',(#835),#4748,.F.);
#5017=ADVANCED_FACE('',(#836),#4749,.F.);
#5018=ADVANCED_FACE('',(#837),#4750,.F.);
#5019=ADVANCED_FACE('',(#838),#4751,.T.);
#5020=ADVANCED_FACE('',(#839),#184,.F.);
#5021=ADVANCED_FACE('',(#840),#185,.F.);
#5022=ADVANCED_FACE('',(#841),#186,.F.);
#5023=ADVANCED_FACE('',(#842),#187,.F.);
#5024=ADVANCED_FACE('',(#843),#188,.F.);
#5025=ADVANCED_FACE('',(#844),#189,.F.);
#5026=ADVANCED_FACE('',(#845),#190,.F.);
#5027=ADVANCED_FACE('',(#846),#191,.F.);
#5028=ADVANCED_FACE('',(#847),#192,.F.);
#5029=ADVANCED_FACE('',(#848),#193,.F.);
#5030=ADVANCED_FACE('',(#849),#194,.F.);
#5031=ADVANCED_FACE('',(#850),#195,.F.);
#5032=ADVANCED_FACE('',(#851),#4752,.T.);
#5033=ADVANCED_FACE('',(#852,#214),#4753,.T.);
#5034=CLOSED_SHELL('',(#4754,#4755,#4756,#4757,#4758,#4759,#4760,#4761,
#4762,#4763,#4764,#4765,#4766,#4767,#4768,#4769,#4770,#4771,#4772,#4773,
#4774,#4775,#4776,#4777,#4778,#4779,#4780,#4781,#4782,#4783,#4784,#4785,
#4786,#4787,#4788,#4789,#4790,#4791,#4792,#4793,#4794,#4795,#4796,#4797,
#4798,#4799,#4800,#4801,#4802,#4803,#4804,#4805,#4806,#4807,#4808,#4809,
#4810,#4811,#4812,#4813,#4814,#4815,#4816,#4817,#4818,#4819,#4820,#4821,
#4822,#4823,#4824,#4825,#4826,#4827,#4828,#4829,#4830,#4831,#4832,#4833,
#4834,#4835,#4836,#4837,#4838,#4839,#4840,#4841,#4842,#4843,#4844,#4845,
#4846,#4847,#4848,#4849,#4850,#4851,#4852,#4853,#4854,#4855,#4856,#4857,
#4858,#4859,#4860,#4861,#4862,#4863,#4864,#4865,#4866,#4867,#4868,#4869,
#4870,#4871,#4872,#4873,#4874,#4875,#4876,#4877,#4878,#4879,#4880,#4881,
#4882,#4883,#4884,#4885,#4886,#4887,#4888,#4889,#4890,#4891,#4892,#4893,
#4894,#4895,#4896,#4897,#4898,#4899,#4900,#4901,#4902,#4903,#4904,#4905,
#4906,#4907,#4908,#4909,#4910,#4911,#4912,#4913,#4914,#4915,#4916,#4917,
#4918,#4919,#4920,#4921,#4922,#4923,#4924,#4925,#4926,#4927,#4928,#4929,
#4930,#4931,#4932,#4933,#4934,#4935,#4936,#4937,#4938,#4939,#4940,#4941,
#4942,#4943,#4944,#4945,#4946,#4947,#4948,#4949,#4950,#4951,#4952,#4953,
#4954,#4955,#4956,#4957,#4958,#4959,#4960,#4961,#4962,#4963,#4964,#4965,
#4966,#4967,#4968,#4969,#4970,#4971,#4972,#4973,#4974,#4975,#4976,#4977,
#4978,#4979,#4980,#4981,#4982,#4983,#4984,#4985,#4986,#4987,#4988,#4989,
#4990,#4991,#4992,#4993,#4994,#4995,#4996,#4997,#4998,#4999,#5000,#5001,
#5002,#5003,#5004,#5005,#5006,#5007,#5008,#5009,#5010,#5011,#5012,#5013,
#5014,#5015,#5016,#5017,#5018,#5019,#5020,#5021,#5022,#5023,#5024,#5025,
#5026,#5027,#5028,#5029,#5030,#5031,#5032,#5033));
#5035=DERIVED_UNIT_ELEMENT(#5037,1.);
#5036=DERIVED_UNIT_ELEMENT(#8884,-3.);
#5037=(
MASS_UNIT()
NAMED_UNIT(*)
SI_UNIT(.KILO.,.GRAM.)
);
#5038=DERIVED_UNIT((#5035,#5036));
#5039=MEASURE_REPRESENTATION_ITEM('density measure',
POSITIVE_RATIO_MEASURE(7850.),#5038);
#5040=PROPERTY_DEFINITION_REPRESENTATION(#5045,#5042);
#5041=PROPERTY_DEFINITION_REPRESENTATION(#5046,#5043);
#5042=REPRESENTATION('material name',(#5044),#8881);
#5043=REPRESENTATION('density',(#5039),#8881);
#5044=DESCRIPTIVE_REPRESENTATION_ITEM('Steel','Steel');
#5045=PROPERTY_DEFINITION('material property','material name',#8891);
#5046=PROPERTY_DEFINITION('material property','density of part',#8891);
#5047=AXIS2_PLACEMENT_3D('',#5752,#5153,#5154);
#5048=AXIS2_PLACEMENT_3D('',#5753,#5155,#5156);
#5049=AXIS2_PLACEMENT_3D('',#5764,#5162,#5163);
#5050=AXIS2_PLACEMENT_3D('',#5771,#5167,#5168);
#5051=AXIS2_PLACEMENT_3D('',#5774,#5171,#5172);
#5052=AXIS2_PLACEMENT_3D('',#5781,#5176,#5177);
#5053=AXIS2_PLACEMENT_3D('',#5784,#5180,#5181);
#5054=AXIS2_PLACEMENT_3D('',#5791,#5185,#5186);
#5055=AXIS2_PLACEMENT_3D('',#5798,#5190,#5191);
#5056=AXIS2_PLACEMENT_3D('',#5801,#5194,#5195);
#5057=AXIS2_PLACEMENT_3D('',#5808,#5199,#5200);
#5058=AXIS2_PLACEMENT_3D('',#5811,#5203,#5204);
#5059=AXIS2_PLACEMENT_3D('',#5818,#5208,#5209);
#5060=AXIS2_PLACEMENT_3D('',#5821,#5212,#5213);
#5061=AXIS2_PLACEMENT_3D('',#5824,#5216,#5217);
#5062=AXIS2_PLACEMENT_3D('',#5831,#5221,#5222);
#5063=AXIS2_PLACEMENT_3D('',#5834,#5225,#5226);
#5064=AXIS2_PLACEMENT_3D('',#5841,#5230,#5231);
#5065=AXIS2_PLACEMENT_3D('',#5844,#5234,#5235);
#5066=AXIS2_PLACEMENT_3D('',#5847,#5238,#5239);
#5067=AXIS2_PLACEMENT_3D('',#5854,#5243,#5244);
#5068=AXIS2_PLACEMENT_3D('',#5861,#5248,#5249);
#5069=AXIS2_PLACEMENT_3D('',#5872,#5255,#5256);
#5070=AXIS2_PLACEMENT_3D('',#5875,#5259,#5260);
#5071=AXIS2_PLACEMENT_3D('',#5878,#5263,#5264);
#5072=AXIS2_PLACEMENT_3D('',#5881,#5267,#5268);
#5073=AXIS2_PLACEMENT_3D('',#5884,#5271,#5272);
#5074=AXIS2_PLACEMENT_3D('',#5887,#5275,#5276);
#5075=AXIS2_PLACEMENT_3D('',#5890,#5279,#5280);
#5076=AXIS2_PLACEMENT_3D('',#5893,#5283,#5284);
#5077=AXIS2_PLACEMENT_3D('',#5896,#5287,#5288);
#5078=AXIS2_PLACEMENT_3D('',#5899,#5291,#5292);
#5079=AXIS2_PLACEMENT_3D('',#5902,#5295,#5296);
#5080=AXIS2_PLACEMENT_3D('',#5905,#5299,#5300);
#5081=AXIS2_PLACEMENT_3D('',#5980,#5308,#5309);
#5082=AXIS2_PLACEMENT_3D('',#6095,#5313,#5314);
#5083=AXIS2_PLACEMENT_3D('',#6176,#5319,#5320);
#5084=AXIS2_PLACEMENT_3D('',#6203,#5326,#5327);
#5085=AXIS2_PLACEMENT_3D('',#6252,#5328,#5329);
#5086=AXIS2_PLACEMENT_3D('',#6317,#5330,#5331);
#5087=AXIS2_PLACEMENT_3D('',#6424,#5341,#5342);
#5088=AXIS2_PLACEMENT_3D('',#6565,#5351,#5352);
#5089=AXIS2_PLACEMENT_3D('',#6567,#5353,#5354);
#5090=AXIS2_PLACEMENT_3D('',#6568,#5355,#5356);
#5091=AXIS2_PLACEMENT_3D('',#6882,#5378,#5379);
#5092=AXIS2_PLACEMENT_3D('',#6883,#5380,#5381);
#5093=AXIS2_PLACEMENT_3D('',#6885,#5382,#5383);
#5094=AXIS2_PLACEMENT_3D('',#6888,#5385,#5386);
#5095=AXIS2_PLACEMENT_3D('',#6889,#5387,#5388);
#5096=AXIS2_PLACEMENT_3D('',#6892,#5390,#5391);
#5097=AXIS2_PLACEMENT_3D('',#6893,#5392,#5393);
#5098=AXIS2_PLACEMENT_3D('',#6984,#5403,#5404);
#5099=AXIS2_PLACEMENT_3D('',#7098,#5417,#5418);
#5100=AXIS2_PLACEMENT_3D('',#7111,#5421,#5422);
#5101=AXIS2_PLACEMENT_3D('',#7112,#5423,#5424);
#5102=AXIS2_PLACEMENT_3D('',#7118,#5428,#5429);
#5103=AXIS2_PLACEMENT_3D('',#7122,#5432,#5433);
#5104=AXIS2_PLACEMENT_3D('',#7126,#5436,#5437);
#5105=AXIS2_PLACEMENT_3D('',#7128,#5439,#5440);
#5106=AXIS2_PLACEMENT_3D('',#7219,#5450,#5451);
#5107=AXIS2_PLACEMENT_3D('',#7322,#5463,#5464);
#5108=AXIS2_PLACEMENT_3D('',#7326,#5467,#5468);
#5109=AXIS2_PLACEMENT_3D('',#7330,#5471,#5472);
#5110=AXIS2_PLACEMENT_3D('',#7343,#5475,#5476);
#5111=AXIS2_PLACEMENT_3D('',#7368,#5480,#5481);
#5112=AXIS2_PLACEMENT_3D('',#7394,#5486,#5487);
#5113=AXIS2_PLACEMENT_3D('',#7398,#5490,#5491);
#5114=AXIS2_PLACEMENT_3D('',#7402,#5494,#5495);
#5115=AXIS2_PLACEMENT_3D('',#7406,#5498,#5499);
#5116=AXIS2_PLACEMENT_3D('',#7408,#5501,#5502);
#5117=AXIS2_PLACEMENT_3D('',#7433,#5506,#5507);
#5118=AXIS2_PLACEMENT_3D('',#7459,#5512,#5513);
#5119=AXIS2_PLACEMENT_3D('',#7463,#5516,#5517);
#5120=AXIS2_PLACEMENT_3D('',#7467,#5520,#5521);
#5121=AXIS2_PLACEMENT_3D('',#7471,#5524,#5525);
#5122=AXIS2_PLACEMENT_3D('',#7473,#5527,#5528);
#5123=AXIS2_PLACEMENT_3D('',#7597,#5541,#5542);
#5124=AXIS2_PLACEMENT_3D('',#7678,#5552,#5553);
#5125=AXIS2_PLACEMENT_3D('',#7759,#5563,#5564);
#5126=AXIS2_PLACEMENT_3D('',#7783,#5568,#5569);
#5127=AXIS2_PLACEMENT_3D('',#7960,#5586,#5587);
#5128=AXIS2_PLACEMENT_3D('',#8018,#5594,#5595);
#5129=AXIS2_PLACEMENT_3D('',#8022,#5598,#5599);
#5130=AXIS2_PLACEMENT_3D('',#8026,#5602,#5603);
#5131=AXIS2_PLACEMENT_3D('',#8030,#5606,#5607);
#5132=AXIS2_PLACEMENT_3D('',#8034,#5610,#5611);
#5133=AXIS2_PLACEMENT_3D('',#8038,#5614,#5615);
#5134=AXIS2_PLACEMENT_3D('',#8130,#5626,#5627);
#5135=AXIS2_PLACEMENT_3D('',#8154,#5631,#5632);
#5136=AXIS2_PLACEMENT_3D('',#8278,#5645,#5646);
#5137=AXIS2_PLACEMENT_3D('',#8359,#5656,#5657);
#5138=AXIS2_PLACEMENT_3D('',#8440,#5667,#5668);
#5139=AXIS2_PLACEMENT_3D('',#8464,#5672,#5673);
#5140=AXIS2_PLACEMENT_3D('',#8555,#5683,#5684);
#5141=AXIS2_PLACEMENT_3D('',#8658,#5696,#5697);
#5142=AXIS2_PLACEMENT_3D('',#8662,#5700,#5701);
#5143=AXIS2_PLACEMENT_3D('',#8666,#5704,#5705);
#5144=AXIS2_PLACEMENT_3D('',#8679,#5708,#5709);
#5145=AXIS2_PLACEMENT_3D('',#8704,#5713,#5714);
#5146=AXIS2_PLACEMENT_3D('',#8730,#5719,#5720);
#5147=AXIS2_PLACEMENT_3D('',#8734,#5723,#5724);
#5148=AXIS2_PLACEMENT_3D('',#8738,#5727,#5728);
#5149=AXIS2_PLACEMENT_3D('',#8742,#5731,#5732);
#5150=AXIS2_PLACEMENT_3D('',#8744,#5734,#5735);
#5151=AXIS2_PLACEMENT_3D('',#8877,#5748,#5749);
#5152=AXIS2_PLACEMENT_3D('',#8878,#5750,#5751);
#5153=DIRECTION('axis',(0.,0.,1.));
#5154=DIRECTION('refdir',(1.,0.,0.));
#5155=DIRECTION('center_axis',(-2.63884219798943E-16,-3.07442300007253E-17,
1.));
#5156=DIRECTION('ref_axis',(1.,0.,2.63884219798943E-16));
#5157=DIRECTION('',(0.587785252315182,-0.809016994358448,1.23360029349386E-15));
#5158=DIRECTION('',(0.95105651628648,0.309016994401641,6.1680014674693E-15));
#5159=DIRECTION('',(-2.80819854811676E-11,1.,-8.63520205445701E-15));
#5160=DIRECTION('',(-0.951056516303824,0.309016994348261,1.11024026414447E-14));
#5161=DIRECTION('',(-0.587785252269757,-0.809016994391451,-7.40160176096315E-15));
#5162=DIRECTION('center_axis',(-0.970031374026833,-3.81280744008118E-12,
0.242979697513218));
#5163=DIRECTION('ref_axis',(0.242979697513218,0.,0.970031374026833));
#5164=DIRECTION('',(-0.194587687019744,0.598879320877676,-0.776839231170388));
#5165=DIRECTION('',(-3.03959112316887E-12,-1.,-2.78266302204143E-11));
#5166=DIRECTION('',(0.194587687016903,0.598879320868929,0.776839231177843));
#5167=DIRECTION('center_axis',(-0.666666666663289,-1.87145388524027E-11,
0.745355992502951));
#5168=DIRECTION('ref_axis',(0.745355992502951,0.,0.666666666663289));
#5169=DIRECTION('',(-0.745355992502951,-2.09235150041246E-11,-0.666666666663289));
#5170=DIRECTION('',(0.745355992502951,2.09235634008277E-11,0.666666666663289));
#5171=DIRECTION('center_axis',(-0.299756179647546,-0.922554659280139,0.242979697513217));
#5172=DIRECTION('ref_axis',(0.,-0.254691469489769,-0.967022365495826));
#5173=DIRECTION('',(-0.629698982780343,0.,-0.776839231170389));
#5174=DIRECTION('',(0.951056516294214,-0.309016994377838,-2.78266302204143E-11));
#5175=DIRECTION('',(-0.509437178402478,0.370127775456453,0.776839231177841));
#5176=DIRECTION('center_axis',(-0.206011329564456,-0.634037677532673,0.745355992502951));
#5177=DIRECTION('ref_axis',(0.963861263474157,0.,0.266404701110928));
#5178=DIRECTION('',(-0.230327668522719,-0.708875673636039,-0.666666666663289));
#5179=DIRECTION('',(0.230327668522719,0.708875673636039,0.666666666663289));
#5180=DIRECTION('center_axis',(0.78477186666683,-0.570170135910891,0.242979697513219));
#5181=DIRECTION('ref_axis',(0.29576606092024,0.,-0.955260402826226));
#5182=DIRECTION('',(-0.509437178402476,-0.370127775456452,0.776839231177843));
#5183=DIRECTION('',(-0.194587687019744,-0.598879320877677,-0.776839231170387));
#5184=DIRECTION('',(0.587785252294932,0.809016994373161,-2.78260134202676E-11));
#5185=DIRECTION('center_axis',(-0.2997561796548,0.922554659277783,0.242979697513215));
#5186=DIRECTION('ref_axis',(0.,-0.254691469490375,0.967022365495666));
#5187=DIRECTION('',(0.509437178409916,0.370127775461859,-0.776839231170388));
#5188=DIRECTION('',(-0.951056516296092,-0.309016994372058,-2.7826321820341E-11));
#5189=DIRECTION('',(0.629698982771146,1.47755541196881E-15,0.776839231177844));
#5190=DIRECTION('center_axis',(-0.206011329600054,0.634037677521106,0.745355992502951));
#5191=DIRECTION('ref_axis',(0.963861263462336,0.,0.266404701153694));
#5192=DIRECTION('',(-0.230327668562517,0.708875673623108,-0.666666666663288));
#5193=DIRECTION('',(0.230327668562517,-0.708875673623108,0.666666666663288));
#5194=DIRECTION('center_axis',(0.784771866662347,0.570170135917061,0.242979697513218));
#5195=DIRECTION('ref_axis',(0.295766060921781,0.,-0.955260402825749));
#5196=DIRECTION('',(0.509437178409916,-0.370127775461857,-0.776839231170388));
#5197=DIRECTION('',(-0.587785252290015,0.809016994376733,-2.7826321820341E-11));
#5198=DIRECTION('',(0.194587687016901,-0.59887932086893,0.776839231177843));
#5199=DIRECTION('center_axis',(0.539344662902899,0.391856834874803,0.745355992502951));
#5200=DIRECTION('ref_axis',(0.810146479630968,0.,-0.58622749981688));
#5201=DIRECTION('',(0.603005664781795,0.438109260117981,-0.666666666663288));
#5202=DIRECTION('',(-0.603005664781795,-0.438109260117981,0.666666666663289));
#5203=DIRECTION('center_axis',(-0.784771866662347,0.570170135917062,-0.242979697513216));
#5204=DIRECTION('ref_axis',(-0.295766060921779,0.,0.95526040282575));
#5205=DIRECTION('',(0.587785252290015,0.809016994376733,2.78253966201209E-11));
#5206=DIRECTION('',(-0.194587687016903,-0.598879320868929,-0.776839231177843));
#5207=DIRECTION('',(-0.509437178409914,-0.370127775461858,0.77683923117039));
#5208=DIRECTION('center_axis',(-0.951056516295154,0.309016994374948,8.48508433499216E-16));
#5209=DIRECTION('ref_axis',(8.92174564772013E-16,0.,1.));
#5210=DIRECTION('',(0.292422323013358,0.899983369440755,-0.323294169037327));
#5211=DIRECTION('',(-0.292422323013358,-0.899983369440755,0.323294169037327));
#5212=DIRECTION('center_axis',(-0.587785252292473,0.809016994374948,2.21350026134268E-16));
#5213=DIRECTION('ref_axis',(3.7658315731972E-16,0.,1.));
#5214=DIRECTION('',(0.765571580704345,0.556220311613995,0.323294169087352));
#5215=DIRECTION('',(-0.765571580704345,-0.556220311613995,-0.323294169087352));
#5216=DIRECTION('center_axis',(0.299756179647544,-0.92255465928014,-0.242979697513216));
#5217=DIRECTION('ref_axis',(0.,0.254691469489768,-0.967022365495826));
#5218=DIRECTION('',(0.509437178402477,0.370127775456452,-0.776839231177842));
#5219=DIRECTION('',(0.629698982780344,0.,0.776839231170389));
#5220=DIRECTION('',(-0.951056516294215,-0.309016994377836,2.78260134202676E-11));
#5221=DIRECTION('center_axis',(-2.10123122722409E-16,-1.,7.17866289142407E-17));
#5222=DIRECTION('ref_axis',(0.,-7.17866289142407E-17,-1.));
#5223=DIRECTION('',(-0.946298515392537,2.02470519998979E-16,0.323294169087352));
#5224=DIRECTION('',(0.946298515392537,-2.22047397628271E-16,-0.323294169087352));
#5225=DIRECTION('center_axis',(-0.78477186666683,-0.570170135910891,-0.242979697513218));
#5226=DIRECTION('ref_axis',(-0.295766060920239,0.,0.955260402826227));
#5227=DIRECTION('',(-0.587785252294931,0.809016994373162,2.78253966201208E-11));
#5228=DIRECTION('',(0.509437178402477,-0.370127775456453,-0.776839231177842));
#5229=DIRECTION('',(0.194587687019742,-0.598879320877675,0.776839231170389));
#5230=DIRECTION('center_axis',(-0.587785252292473,-0.809016994374948,-4.4270005226046E-16));
#5231=DIRECTION('ref_axis',(-7.53166314625702E-16,0.,1.));
#5232=DIRECTION('',(-0.765571580718171,0.55622031162404,-0.323294169037328));
#5233=DIRECTION('',(0.765571580718171,-0.55622031162404,0.323294169037327));
#5234=DIRECTION('center_axis',(-0.951056516295154,-0.309016994374947,-7.25536196773434E-16));
#5235=DIRECTION('ref_axis',(-7.62873903224768E-16,0.,1.));
#5236=DIRECTION('',(-0.292422323008076,0.899983369424502,0.323294169087352));
#5237=DIRECTION('',(0.292422323008076,-0.899983369424502,-0.323294169087352));
#5238=DIRECTION('center_axis',(0.970031374026833,-3.81377926619924E-12,
-0.242979697513217));
#5239=DIRECTION('ref_axis',(-0.242979697513217,0.,-0.970031374026833));
#5240=DIRECTION('',(0.194587687019744,0.598879320877675,0.776839231170389));
#5241=DIRECTION('',(3.03835752287537E-12,-1.,2.78257050201942E-11));
#5242=DIRECTION('',(-0.194587687016901,0.598879320868931,-0.776839231177842));
#5243=DIRECTION('center_axis',(0.2997561796548,0.922554659277783,-0.242979697513216));
#5244=DIRECTION('ref_axis',(0.,0.254691469490375,0.967022365495666));
#5245=DIRECTION('',(-0.509437178409916,0.370127775461857,0.776839231170389));
#5246=DIRECTION('',(0.951056516296092,-0.309016994372058,2.78260134202676E-11));
#5247=DIRECTION('',(-0.629698982771147,1.47755541196881E-15,-0.776839231177843));
#5248=DIRECTION('center_axis',(4.16984230836277E-16,-8.61897328096891E-16,
-1.));
#5249=DIRECTION('ref_axis',(-1.,0.,-4.16984230836277E-16));
#5250=DIRECTION('',(-0.951056516286474,0.309016994401661,1.48032035219263E-14));
#5251=DIRECTION('',(2.80597806758847E-11,1.,-1.11024026414447E-14));
#5252=DIRECTION('',(0.951056516303829,0.309016994348246,2.46720058698772E-15));
#5253=DIRECTION('',(0.587785252269756,-0.809016994391452,7.40160176096315E-15));
#5254=DIRECTION('',(-0.587785252315173,-0.809016994358455,-1.23360029349386E-14));
#5255=DIRECTION('center_axis',(0.666666666663288,-1.87145388524027E-11,
-0.745355992502951));
#5256=DIRECTION('ref_axis',(-0.745355992502951,0.,-0.666666666663288));
#5257=DIRECTION('',(-0.745355992502951,2.09234926536816E-11,-0.666666666663288));
#5258=DIRECTION('',(0.745355992502951,-2.09234926536816E-11,0.666666666663288));
#5259=DIRECTION('center_axis',(0.206011329564456,-0.634037677532673,-0.745355992502951));
#5260=DIRECTION('ref_axis',(-0.963861263474157,0.,-0.266404701110927));
#5261=DIRECTION('',(0.230327668522718,-0.708875673636039,0.666666666663289));
#5262=DIRECTION('',(-0.230327668522718,0.708875673636039,-0.666666666663289));
#5263=DIRECTION('center_axis',(-0.539344662924898,-0.391856834844523,-0.745355992502952));
#5264=DIRECTION('ref_axis',(-0.810146479619611,0.,0.586227499832574));
#5265=DIRECTION('',(0.603005664806392,0.438109260084126,-0.666666666663288));
#5266=DIRECTION('',(-0.603005664806392,-0.438109260084126,0.666666666663288));
#5267=DIRECTION('center_axis',(-0.539344662902898,0.391856834874804,-0.745355992502951));
#5268=DIRECTION('ref_axis',(-0.810146479630968,0.,0.58622749981688));
#5269=DIRECTION('',(0.603005664781795,-0.438109260117982,-0.666666666663288));
#5270=DIRECTION('',(-0.603005664781795,0.438109260117982,0.666666666663288));
#5271=DIRECTION('center_axis',(0.206011329600053,0.634037677521106,-0.745355992502951));
#5272=DIRECTION('ref_axis',(-0.963861263462336,0.,-0.266404701153693));
#5273=DIRECTION('',(-0.230327668562518,-0.708875673623108,-0.666666666663288));
#5274=DIRECTION('',(0.230327668562518,0.708875673623108,0.666666666663288));
#5275=DIRECTION('center_axis',(2.78133543614662E-16,1.,-9.50217625834338E-17));
#5276=DIRECTION('ref_axis',(0.,9.50217625834338E-17,1.));
#5277=DIRECTION('',(0.946298515409627,-3.91801729331295E-16,-0.323294169037328));
#5278=DIRECTION('',(-0.946298515409627,2.93917341183047E-16,0.323294169037328));
#5279=DIRECTION('center_axis',(0.587785252292473,0.809016994374948,4.42700052268536E-16));
#5280=DIRECTION('ref_axis',(7.53166314639442E-16,0.,-1.));
#5281=DIRECTION('',(0.765571580704345,-0.556220311613995,0.323294169087352));
#5282=DIRECTION('',(-0.765571580704345,0.556220311613995,-0.323294169087352));
#5283=DIRECTION('center_axis',(0.951056516295154,0.309016994374947,7.00941749412396E-16));
#5284=DIRECTION('ref_axis',(7.3701377089862E-16,0.,-1.));
#5285=DIRECTION('',(0.292422323013358,-0.899983369440755,-0.323294169037328));
#5286=DIRECTION('',(-0.292422323013358,0.899983369440755,0.323294169037327));
#5287=DIRECTION('center_axis',(0.951056516295154,-0.309016994374948,6.02563960032175E-16));
#5288=DIRECTION('ref_axis',(6.33573241661249E-16,0.,-1.));
#5289=DIRECTION('',(-0.292422323008077,-0.899983369424502,0.323294169087352));
#5290=DIRECTION('',(0.292422323008077,0.899983369424502,-0.323294169087352));
#5291=DIRECTION('center_axis',(0.587785252292473,-0.809016994374948,9.59183446564332E-16));
#5292=DIRECTION('ref_axis',(1.63186034835569E-15,0.,-1.));
#5293=DIRECTION('',(0.765571580718171,0.55622031162404,0.323294169037328));
#5294=DIRECTION('',(-0.765571580718171,-0.55622031162404,-0.323294169037328));
#5295=DIRECTION('center_axis',(0.539344662924898,-0.391856834844523,0.745355992502951));
#5296=DIRECTION('ref_axis',(0.810146479619611,0.,-0.586227499832574));
#5297=DIRECTION('',(-0.603005664806392,0.438109260084127,0.666666666663288));
#5298=DIRECTION('',(0.603005664806392,-0.438109260084127,-0.666666666663288));
#5299=DIRECTION('center_axis',(-0.599990683342259,-0.435918747880883,0.670809976929721));
#5300=DIRECTION('ref_axis',(-0.800006987408541,0.326931128776739,-0.503095276398296));
#5301=DIRECTION('',(0.631469329449277,-0.77287303825126,0.0625599928800161));
#5302=DIRECTION('',(-0.512810733136209,0.853146912283103,0.0957366076384113));
#5303=DIRECTION('',(0.642221029474165,0.237541776849149,0.728783955334153));
#5304=DIRECTION('',(0.587785252315184,-0.809016994358447,-1.11022302462516E-16));
#5305=DIRECTION('',(-0.542696671321342,-0.394292211545178,-0.741629270492709));
#5306=DIRECTION('',(-0.587785252315184,0.809016994358447,0.));
#5307=DIRECTION('',(-0.647661346529308,-0.227549043177459,-0.727156250857315));
#5308=DIRECTION('center_axis',(-0.599990683366733,0.435918747847197,0.670809976929721));
#5309=DIRECTION('ref_axis',(-0.800006987390186,-0.326931128772312,-0.503095276430361));
#5310=DIRECTION('',(-0.510904330693803,-0.854031342443908,0.0980164833167041));
#5311=DIRECTION('',(0.464586073421582,-0.49276745717988,0.735758121618234));
#5312=DIRECTION('',(0.67370114215525,0.727513751052138,0.129809526186482));
#5313=DIRECTION('center_axis',(0.229176048127941,-0.705331350370878,0.670809976929721));
#5314=DIRECTION('ref_axis',(-0.973384990106412,-0.166064869647385,0.157937076408732));
#5315=DIRECTION('',(0.951056516286479,0.309016994401645,-2.77555756156289E-17));
#5316=DIRECTION('',(0.207291682885459,-0.637978199748994,-0.741629270492709));
#5317=DIRECTION('',(-0.951056516286479,-0.309016994401645,2.77555756156289E-17));
#5318=DIRECTION('',(-0.967258082514918,-0.242220726709165,0.0757688680267093));
#5319=DIRECTION('center_axis',(0.229176048088342,0.705331350383745,0.670809976929721));
#5320=DIRECTION('ref_axis',(-0.973384990115735,0.166064869620129,0.157937076379929));
#5321=DIRECTION('',(-0.951056516303828,0.30901699434825,0.));
#5322=DIRECTION('',(0.207291682849641,0.637978199760632,-0.741629270492709));
#5323=DIRECTION('',(0.951056516303828,-0.30901699434825,0.));
#5324=DIRECTION('',(-0.207291682849641,-0.637978199760632,0.741629270492709));
#5325=DIRECTION('',(-0.207291682849641,-0.637978199760632,0.741629270492709));
#5326=DIRECTION('center_axis',(0.741629270492709,2.08189011079273E-11,0.670809976929721));
#5327=DIRECTION('ref_axis',(-0.670809976929721,2.30168109779762E-11,0.741629270492709));
#5328=DIRECTION('center_axis',(-0.741629270492709,2.08192254707141E-11,
-0.670809976929721));
#5329=DIRECTION('ref_axis',(-0.670809976929721,-2.30171695846535E-11,0.741629270492709));
#5330=DIRECTION('center_axis',(-0.229176048088341,0.705331350383745,-0.670809976929721));
#5331=DIRECTION('ref_axis',(-0.973384990115735,-0.166064869620129,0.157937076379929));
#5332=DIRECTION('',(-0.951056516303828,-0.309016994348249,0.));
#5333=DIRECTION('',(0.207291682849641,-0.637978199760632,-0.741629270492709));
#5334=DIRECTION('',(0.951056516303828,0.309016994348249,0.));
#5335=DIRECTION('',(-0.207291682849641,0.637978199760632,0.741629270492709));
#5336=DIRECTION('',(-0.207291682849641,0.637978199760632,0.741629270492709));
#5337=DIRECTION('',(-0.951056516303828,-0.309016994348249,0.));
#5338=DIRECTION('',(0.207291682849641,-0.637978199760632,-0.741629270492709));
#5339=DIRECTION('',(0.951056516303828,0.309016994348249,-2.77555756156289E-17));
#5340=DIRECTION('',(0.924901997660307,0.372579351765399,0.0757688680267093));
#5341=DIRECTION('center_axis',(-0.229176048127942,-0.705331350370878,-0.670809976929721));
#5342=DIRECTION('ref_axis',(-0.973384990106412,0.166064869647385,0.157937076408732));
#5343=DIRECTION('',(0.915317343366302,-0.39062378660263,0.0980164183852791));
#5344=DIRECTION('',(-0.0862158516229968,-0.671734260709048,0.735758051208813));
#5345=DIRECTION('',(-0.972657526841834,0.192579392431194,0.129809526186482));
#5346=DIRECTION('',(0.951056516286479,-0.309016994401645,0.));
#5347=DIRECTION('',(0.207291682885459,0.637978199748994,-0.741629270492709));
#5348=DIRECTION('',(-0.951056516286479,0.309016994401645,0.));
#5349=DIRECTION('',(-0.207291682885459,-0.637978199748994,0.741629270492709));
#5350=DIRECTION('',(-0.207291682885459,-0.637978199748994,0.741629270492709));
#5351=DIRECTION('center_axis',(0.599990683366733,0.435918747847197,-0.670809976929721));
#5352=DIRECTION('ref_axis',(-0.800006987390186,0.326931128772312,-0.503095276430361));
#5353=DIRECTION('center_axis',(-0.599990683366733,-0.435918747847197,0.670809976929721));
#5354=DIRECTION('ref_axis',(-0.587785252269762,0.809016994391448,-6.63059723589429E-17));
#5355=DIRECTION('center_axis',(0.599990683342259,-0.435918747880883,-0.670809976929721));
#5356=DIRECTION('ref_axis',(-0.800006987408541,-0.326931128776739,-0.503095276398296));
#5357=DIRECTION('',(0.587785252315184,0.809016994358447,0.));
#5358=DIRECTION('',(-0.542696671321342,0.394292211545179,-0.741629270492709));
#5359=DIRECTION('',(-0.587785252315184,-0.809016994358447,0.));
#5360=DIRECTION('',(0.542696671321342,-0.394292211545179,0.741629270492709));
#5361=DIRECTION('',(-0.587785252315184,-0.809016994358447,0.));
#5362=DIRECTION('',(-0.519587052167044,-0.849917385708814,0.0875770100554712));
#5363=DIRECTION('',(0.599990683366733,0.435918747847197,-0.670809976929721));
#5364=DIRECTION('',(0.599990683366733,0.435918747847197,-0.670809976929721));
#5365=DIRECTION('',(0.599990683366733,0.435918747847197,-0.670809976929721));
#5366=DIRECTION('',(0.599990683366733,0.435918747847197,-0.670809976929721));
#5367=DIRECTION('',(0.599990683366733,0.435918747847197,-0.670809976929721));
#5368=DIRECTION('',(0.599990683366733,0.435918747847197,-0.670809976929721));
#5369=DIRECTION('',(0.599990683366733,0.435918747847197,-0.670809976929721));
#5370=DIRECTION('',(0.599990683366733,0.435918747847197,-0.670809976929721));
#5371=DIRECTION('',(0.599990683366733,0.435918747847197,-0.670809976929721));
#5372=DIRECTION('',(0.599990683366733,0.435918747847197,-0.670809976929721));
#5373=DIRECTION('',(0.599990683366733,0.435918747847197,-0.670809976929721));
#5374=DIRECTION('',(0.599990683366733,0.435918747847197,-0.670809976929721));
#5375=DIRECTION('',(0.599990683366733,0.435918747847197,-0.670809976929721));
#5376=DIRECTION('',(0.599990683366733,0.435918747847197,-0.670809976929721));
#5377=DIRECTION('',(0.599990683366733,0.435918747847197,-0.670809976929721));
#5378=DIRECTION('center_axis',(0.599990683366733,0.435918747847197,-0.670809976929721));
#5379=DIRECTION('ref_axis',(-0.587785252269762,0.809016994391448,-5.71902934183928E-17));
#5380=DIRECTION('center_axis',(-0.599990683366733,-0.435918747847196,0.670809976929721));
#5381=DIRECTION('ref_axis',(-0.587785252269762,0.809016994391448,-7.60568506470228E-17));
#5382=DIRECTION('center_axis',(0.599990683366733,0.435918747847197,-0.670809976929721));
#5383=DIRECTION('ref_axis',(-0.587785252269762,0.809016994391448,-7.60568506470228E-17));
#5384=DIRECTION('',(-0.599990683366733,-0.435918747847196,0.670809976929721));
#5385=DIRECTION('center_axis',(0.599990683366733,0.435918747847197,-0.670809976929721));
#5386=DIRECTION('ref_axis',(-0.587785252269763,0.809016994391448,-3.26286360302498E-17));
#5387=DIRECTION('center_axis',(-0.599990683366733,-0.435918747847196,0.670809976929721));
#5388=DIRECTION('ref_axis',(-0.587785252269762,0.809016994391448,-6.63059723589429E-17));
#5389=DIRECTION('',(-0.599990683366733,-0.435918747847196,0.670809976929721));
#5390=DIRECTION('center_axis',(-0.599990683366733,-0.435918747847197,0.670809976929721));
#5391=DIRECTION('ref_axis',(-0.587785252269762,0.809016994391448,-3.26286360302498E-17));
#5392=DIRECTION('center_axis',(0.599990683366733,0.435918747847197,-0.670809976929721));
#5393=DIRECTION('ref_axis',(-0.587785252269762,0.809016994391448,-3.26286360302498E-17));
#5394=DIRECTION('',(-0.599990683342259,0.435918747880883,0.670809976929721));
#5395=DIRECTION('',(-0.599990683342259,0.435918747880883,0.670809976929721));
#5396=DIRECTION('',(-0.599990683342259,0.435918747880883,0.670809976929721));
#5397=DIRECTION('',(-0.599990683342259,0.435918747880883,0.670809976929721));
#5398=DIRECTION('',(-0.599990683342259,0.435918747880883,0.670809976929721));
#5399=DIRECTION('',(-0.599990683342259,0.435918747880883,0.670809976929721));
#5400=DIRECTION('',(-0.599990683342259,0.435918747880883,0.670809976929721));
#5401=DIRECTION('',(-0.599990683342259,0.435918747880883,0.670809976929721));
#5402=DIRECTION('',(-0.599990683342259,0.435918747880883,0.670809976929721));
#5403=DIRECTION('center_axis',(-0.608309522466031,0.295998788368903,-0.736440250231675));
#5404=DIRECTION('ref_axis',(-0.519587052167044,-0.849917385708814,0.0875770100554713));
#5405=DIRECTION('',(-0.599990683342259,0.435918747880883,0.670809976929721));
#5406=DIRECTION('',(-0.519587052167044,-0.849917385708814,0.0875770100554713));
#5407=DIRECTION('',(-0.599990683342259,0.435918747880883,0.670809976929721));
#5408=DIRECTION('',(-0.599990683342259,0.435918747880883,0.670809976929721));
#5409=DIRECTION('',(-0.599990683342259,0.435918747880883,0.670809976929721));
#5410=DIRECTION('',(-0.599990683342259,0.435918747880883,0.670809976929721));
#5411=DIRECTION('',(-0.599990683342259,0.435918747880883,0.670809976929721));
#5412=DIRECTION('',(-0.599990683342259,0.435918747880883,0.670809976929721));
#5413=DIRECTION('',(-0.599990683342259,0.435918747880883,0.670809976929721));
#5414=DIRECTION('',(-0.599990683342259,0.435918747880883,0.670809976929721));
#5415=DIRECTION('',(-0.599990683342259,0.435918747880883,0.670809976929721));
#5416=DIRECTION('',(-0.599990683342259,0.435918747880883,0.670809976929721));
#5417=DIRECTION('center_axis',(-0.542696671321342,0.394292211545179,-0.741629270492709));
#5418=DIRECTION('ref_axis',(-0.587785252315184,-0.809016994358447,0.));
#5419=DIRECTION('',(-0.599990683342259,0.435918747880883,0.670809976929721));
#5420=DIRECTION('',(-0.587785252315184,-0.809016994358447,0.));
#5421=DIRECTION('center_axis',(0.599990683342259,-0.435918747880883,-0.670809976929721));
#5422=DIRECTION('ref_axis',(0.587785252315184,0.809016994358447,0.));
#5423=DIRECTION('center_axis',(0.542696671321342,-0.394292211545179,0.741629270492709));
#5424=DIRECTION('ref_axis',(0.587785252315184,0.809016994358447,0.));
#5425=DIRECTION('',(-0.599990683342259,0.435918747880883,0.670809976929721));
#5426=DIRECTION('',(0.587785252315184,0.809016994358447,0.));
#5427=DIRECTION('',(-0.599990683342259,0.435918747880883,0.670809976929721));
#5428=DIRECTION('center_axis',(-0.587785252315184,-0.809016994358447,-1.38777878078145E-16));
#5429=DIRECTION('ref_axis',(0.542696671321342,-0.394292211545179,0.741629270492709));
#5430=DIRECTION('',(-0.599990683342259,0.435918747880883,0.670809976929721));
#5431=DIRECTION('',(0.542696671321342,-0.394292211545179,0.741629270492709));
#5432=DIRECTION('center_axis',(-0.542696671321342,0.394292211545179,-0.741629270492709));
#5433=DIRECTION('ref_axis',(-0.587785252315184,-0.809016994358447,0.));
#5434=DIRECTION('',(-0.599990683342259,0.435918747880883,0.670809976929721));
#5435=DIRECTION('',(-0.587785252315184,-0.809016994358447,0.));
#5436=DIRECTION('center_axis',(0.587785252315184,0.809016994358447,2.4980018054066E-16));
#5437=DIRECTION('ref_axis',(-0.542696671321342,0.394292211545179,-0.741629270492709));
#5438=DIRECTION('',(-0.542696671321342,0.394292211545179,-0.741629270492709));
#5439=DIRECTION('center_axis',(-0.599990683342259,0.435918747880883,0.670809976929721));
#5440=DIRECTION('ref_axis',(0.745355992509708,0.,0.666666666655735));
#5441=DIRECTION('',(0.229176048088341,-0.705331350383746,0.67080997692972));
#5442=DIRECTION('',(0.229176048088341,-0.705331350383746,0.67080997692972));
#5443=DIRECTION('',(0.229176048088341,-0.705331350383746,0.67080997692972));
#5444=DIRECTION('',(0.229176048088341,-0.705331350383746,0.67080997692972));
#5445=DIRECTION('',(0.229176048088341,-0.705331350383746,0.67080997692972));
#5446=DIRECTION('',(0.229176048088341,-0.705331350383746,0.67080997692972));
#5447=DIRECTION('',(0.229176048088341,-0.705331350383746,0.67080997692972));
#5448=DIRECTION('',(0.229176048088341,-0.705331350383746,0.67080997692972));
#5449=DIRECTION('',(0.229176048088341,-0.705331350383746,0.67080997692972));
#5450=DIRECTION('center_axis',(0.303372104364564,-0.603069077970274,-0.737748638419279));
#5451=DIRECTION('ref_axis',(0.924901997660307,0.372579351765399,0.0757688680267093));
#5452=DIRECTION('',(0.229176048088341,-0.705331350383746,0.67080997692972));
#5453=DIRECTION('',(0.924901997660307,0.372579351765399,0.0757688680267093));
#5454=DIRECTION('',(0.229176048088341,-0.705331350383746,0.67080997692972));
#5455=DIRECTION('',(0.229176048088341,-0.705331350383746,0.67080997692972));
#5456=DIRECTION('',(0.229176048088341,-0.705331350383746,0.67080997692972));
#5457=DIRECTION('',(0.229176048088341,-0.705331350383746,0.67080997692972));
#5458=DIRECTION('',(0.229176048088341,-0.705331350383746,0.67080997692972));
#5459=DIRECTION('',(0.229176048088341,-0.705331350383746,0.67080997692972));
#5460=DIRECTION('',(0.229176048088341,-0.705331350383746,0.67080997692972));
#5461=DIRECTION('',(0.229176048088341,-0.705331350383746,0.67080997692972));
#5462=DIRECTION('',(0.229176048088341,-0.705331350383746,0.67080997692972));
#5463=DIRECTION('center_axis',(0.207291682849641,-0.637978199760631,-0.741629270492709));
#5464=DIRECTION('ref_axis',(0.951056516303828,0.309016994348249,-2.16264254314137E-17));
#5465=DIRECTION('',(0.229176048088341,-0.705331350383746,0.67080997692972));
#5466=DIRECTION('',(0.951056516303828,0.309016994348249,-2.02938506442819E-17));
#5467=DIRECTION('center_axis',(-0.951056516303829,-0.309016994348249,-1.38777878078145E-16));
#5468=DIRECTION('ref_axis',(0.207291682849641,-0.637978199760632,-0.741629270492709));
#5469=DIRECTION('',(0.229176048088341,-0.705331350383746,0.67080997692972));
#5470=DIRECTION('',(0.207291682849641,-0.637978199760632,-0.741629270492709));
#5471=DIRECTION('center_axis',(-0.207291682849641,0.637978199760631,0.741629270492709));
#5472=DIRECTION('ref_axis',(-0.951056516303828,-0.309016994348249,0.));
#5473=DIRECTION('',(0.229176048088341,-0.705331350383746,0.67080997692972));
#5474=DIRECTION('',(-0.951056516303828,-0.309016994348249,-1.33257478713183E-18));
#5475=DIRECTION('center_axis',(-0.229176048088341,0.705331350383745,-0.670809976929721));
#5476=DIRECTION('ref_axis',(-0.951056516303828,-0.309016994348249,-1.33257478713183E-18));
#5477=DIRECTION('',(0.229176048088342,-0.705331350383746,0.67080997692972));
#5478=DIRECTION('',(0.229176048088342,-0.705331350383746,0.67080997692972));
#5479=DIRECTION('',(0.229176048088342,-0.705331350383746,0.67080997692972));
#5480=DIRECTION('center_axis',(0.951056516303828,0.30901699434825,8.32667268468867E-17));
#5481=DIRECTION('ref_axis',(-0.207291682849641,0.637978199760632,0.741629270492709));
#5482=DIRECTION('',(0.229176048088342,-0.705331350383746,0.67080997692972));
#5483=DIRECTION('',(-0.207291682849641,0.637978199760632,0.741629270492709));
#5484=DIRECTION('',(0.229176048088342,-0.705331350383746,0.67080997692972));
#5485=DIRECTION('',(0.229176048088342,-0.705331350383746,0.67080997692972));
#5486=DIRECTION('center_axis',(0.951056516303828,0.309016994348249,-1.66533453693773E-16));
#5487=DIRECTION('ref_axis',(-0.207291682849641,0.637978199760632,0.741629270492709));
#5488=DIRECTION('',(0.229176048088342,-0.705331350383746,0.67080997692972));
#5489=DIRECTION('',(-0.207291682849641,0.637978199760632,0.741629270492709));
#5490=DIRECTION('center_axis',(0.207291682849641,-0.637978199760631,-0.741629270492709));
#5491=DIRECTION('ref_axis',(0.951056516303828,0.309016994348249,0.));
#5492=DIRECTION('',(0.229176048088342,-0.705331350383746,0.67080997692972));
#5493=DIRECTION('',(0.951056516303828,0.309016994348249,-9.24323194671312E-18));
#5494=DIRECTION('center_axis',(-0.951056516303828,-0.309016994348249,1.66533453693773E-16));
#5495=DIRECTION('ref_axis',(0.207291682849641,-0.637978199760632,-0.741629270492709));
#5496=DIRECTION('',(0.229176048088342,-0.705331350383746,0.67080997692972));
#5497=DIRECTION('',(0.207291682849641,-0.637978199760632,-0.741629270492709));
#5498=DIRECTION('center_axis',(-0.207291682849641,0.637978199760631,0.741629270492709));
#5499=DIRECTION('ref_axis',(-0.951056516303828,-0.309016994348249,0.));
#5500=DIRECTION('',(-0.951056516303828,-0.309016994348249,9.24323194671312E-18));
#5501=DIRECTION('center_axis',(-0.229176048088342,0.705331350383745,-0.670809976929721));
#5502=DIRECTION('ref_axis',(-0.951056516303828,-0.309016994348249,9.24323194671312E-18));
#5503=DIRECTION('',(0.229176048127942,0.705331350370878,0.670809976929721));
#5504=DIRECTION('',(0.229176048127942,0.705331350370878,0.670809976929721));
#5505=DIRECTION('',(0.229176048127942,0.705331350370878,0.670809976929721));
#5506=DIRECTION('center_axis',(-0.951056516286479,0.309016994401646,1.38777878078145E-16));
#5507=DIRECTION('ref_axis',(-0.207291682885459,-0.637978199748994,0.741629270492709));
#5508=DIRECTION('',(0.229176048127942,0.705331350370878,0.670809976929721));
#5509=DIRECTION('',(-0.207291682885459,-0.637978199748994,0.741629270492709));
#5510=DIRECTION('',(0.229176048127942,0.705331350370878,0.670809976929721));
#5511=DIRECTION('',(0.229176048127942,0.705331350370878,0.670809976929721));
#5512=DIRECTION('center_axis',(-0.951056516286479,0.309016994401646,1.38777878078145E-16));
#5513=DIRECTION('ref_axis',(-0.207291682885459,-0.637978199748994,0.741629270492709));
#5514=DIRECTION('',(0.229176048127942,0.705331350370878,0.670809976929721));
#5515=DIRECTION('',(-0.207291682885459,-0.637978199748994,0.741629270492709));
#5516=DIRECTION('center_axis',(0.207291682885459,0.637978199748993,-0.741629270492709));
#5517=DIRECTION('ref_axis',(-0.951056516286479,0.309016994401645,0.));
#5518=DIRECTION('',(0.229176048127942,0.705331350370878,0.670809976929721));
#5519=DIRECTION('',(-0.951056516286479,0.309016994401645,-9.24323194326748E-18));
#5520=DIRECTION('center_axis',(0.951056516286479,-0.309016994401646,-1.38777878078145E-16));
#5521=DIRECTION('ref_axis',(0.207291682885459,0.637978199748994,-0.741629270492709));
#5522=DIRECTION('',(0.229176048127942,0.705331350370878,0.670809976929721));
#5523=DIRECTION('',(0.207291682885459,0.637978199748994,-0.741629270492709));
#5524=DIRECTION('center_axis',(-0.207291682885459,-0.637978199748993,0.741629270492709));
#5525=DIRECTION('ref_axis',(0.951056516286479,-0.309016994401645,0.));
#5526=DIRECTION('',(0.951056516286479,-0.309016994401645,9.24323194326748E-18));
#5527=DIRECTION('center_axis',(-0.229176048127942,-0.705331350370878,-0.670809976929721));
#5528=DIRECTION('ref_axis',(0.951056516286479,-0.309016994401645,9.24323194326748E-18));
#5529=DIRECTION('',(0.229176048127942,0.705331350370879,0.67080997692972));
#5530=DIRECTION('',(0.229176048127942,0.705331350370879,0.67080997692972));
#5531=DIRECTION('',(0.229176048127942,0.705331350370879,0.67080997692972));
#5532=DIRECTION('',(0.229176048127942,0.705331350370879,0.67080997692972));
#5533=DIRECTION('',(0.229176048127942,0.705331350370879,0.67080997692972));
#5534=DIRECTION('',(0.229176048127942,0.705331350370879,0.67080997692972));
#5535=DIRECTION('',(0.229176048127942,0.705331350370879,0.67080997692972));
#5536=DIRECTION('',(0.229176048127942,0.705331350370879,0.67080997692972));
#5537=DIRECTION('',(0.229176048127942,0.705331350370879,0.67080997692972));
#5538=DIRECTION('',(0.229176048127942,0.705331350370879,0.67080997692972));
#5539=DIRECTION('',(0.229176048127942,0.705331350370879,0.67080997692972));
#5540=DIRECTION('',(0.229176048127942,0.705331350370879,0.67080997692972));
#5541=DIRECTION('center_axis',(0.037625449397793,0.682217607362068,-0.730180430964012));
#5542=DIRECTION('ref_axis',(-0.972657526841834,0.192579392431194,0.129809526186482));
#5543=DIRECTION('',(0.229176048127942,0.705331350370879,0.67080997692972));
#5544=DIRECTION('',(-0.972657526841834,0.192579392431193,0.129809526186482));
#5545=DIRECTION('',(0.229176048127942,0.705331350370879,0.67080997692972));
#5546=DIRECTION('',(0.229176048127942,0.705331350370879,0.67080997692972));
#5547=DIRECTION('',(0.229176048127942,0.705331350370879,0.67080997692972));
#5548=DIRECTION('',(0.229176048127942,0.705331350370879,0.67080997692972));
#5549=DIRECTION('',(0.229176048127942,0.705331350370879,0.67080997692972));
#5550=DIRECTION('',(0.229176048127942,0.705331350370879,0.67080997692972));
#5551=DIRECTION('',(0.229176048127942,0.705331350370879,0.67080997692972));
#5552=DIRECTION('center_axis',(-0.969559263734498,0.22645257599255,0.0931346602128204));
#5553=DIRECTION('ref_axis',(-0.0862158516229968,-0.671734260709048,0.735758051208813));
#5554=DIRECTION('',(0.229176048127942,0.705331350370879,0.67080997692972));
#5555=DIRECTION('',(-0.0862158516229968,-0.671734260709048,0.735758051208813));
#5556=DIRECTION('',(0.229176048127942,0.705331350370879,0.67080997692972));
#5557=DIRECTION('',(0.229176048127942,0.705331350370879,0.67080997692972));
#5558=DIRECTION('',(0.229176048127942,0.705331350370879,0.67080997692972));
#5559=DIRECTION('',(0.229176048127942,0.705331350370879,0.67080997692972));
#5560=DIRECTION('',(0.229176048127942,0.705331350370879,0.67080997692972));
#5561=DIRECTION('',(0.229176048127942,0.705331350370879,0.67080997692972));
#5562=DIRECTION('',(0.229176048127942,0.705331350370879,0.67080997692972));
#5563=DIRECTION('center_axis',(-0.331168386017316,-0.591540990569729,0.735123633532803));
#5564=DIRECTION('ref_axis',(0.915317343366302,-0.39062378660263,0.0980164183852791));
#5565=DIRECTION('',(0.229176048127942,0.705331350370879,0.67080997692972));
#5566=DIRECTION('',(0.915317343366302,-0.39062378660263,0.0980164183852791));
#5567=DIRECTION('',(0.229176048127942,0.705331350370879,0.67080997692972));
#5568=DIRECTION('center_axis',(-0.229176048127942,-0.705331350370878,-0.670809976929721));
#5569=DIRECTION('ref_axis',(0.951056516286479,-0.309016994401645,0.));
#5570=DIRECTION('',(0.741629270492708,-2.08191488739986E-11,0.670809976929722));
#5571=DIRECTION('',(0.741629270492708,-2.08191488739986E-11,0.670809976929722));
#5572=DIRECTION('',(0.741629270492708,-2.08191488739986E-11,0.670809976929722));
#5573=DIRECTION('',(0.741629270492708,-2.08191488739986E-11,0.670809976929722));
#5574=DIRECTION('',(0.741629270492708,-2.08191488739986E-11,0.670809976929722));
#5575=DIRECTION('',(0.741629270492708,-2.08191488739986E-11,0.670809976929722));
#5576=DIRECTION('',(0.741629270492708,-2.08191488739986E-11,0.670809976929722));
#5577=DIRECTION('',(0.741629270492708,-2.08191488739986E-11,0.670809976929722));
#5578=DIRECTION('',(0.741629270492708,-2.08191488739986E-11,0.670809976929722));
#5579=DIRECTION('',(0.741629270492708,-2.08191488739986E-11,0.670809976929722));
#5580=DIRECTION('',(0.741629270492708,-2.08191488739986E-11,0.670809976929722));
#5581=DIRECTION('',(0.741629270492708,-2.08191488739986E-11,0.670809976929722));
#5582=DIRECTION('',(0.741629270492708,-2.08191488739986E-11,0.670809976929722));
#5583=DIRECTION('',(0.741629270492708,-2.08191488739986E-11,0.670809976929722));
#5584=DIRECTION('',(0.741629270492708,-2.08191488739986E-11,0.670809976929722));
#5585=DIRECTION('',(0.741629270492708,-2.08191488739986E-11,0.670809976929722));
#5586=DIRECTION('center_axis',(-0.741629270492709,2.08192254707141E-11,
-0.670809976929721));
#5587=DIRECTION('ref_axis',(-2.8072281258374E-11,-1.,0.));
#5588=DIRECTION('',(0.599990683342259,0.435918747880883,-0.670809976929721));
#5589=DIRECTION('',(0.599990683342259,0.435918747880883,-0.670809976929721));
#5590=DIRECTION('',(0.599990683342259,0.435918747880883,-0.670809976929721));
#5591=DIRECTION('',(0.599990683342259,0.435918747880883,-0.670809976929721));
#5592=DIRECTION('',(0.599990683342259,0.435918747880883,-0.670809976929721));
#5593=DIRECTION('',(0.599990683342259,0.435918747880883,-0.670809976929721));
#5594=DIRECTION('center_axis',(0.469623210791729,-0.870744668772073,-0.145800417319982));
#5595=DIRECTION('ref_axis',(-0.647661346529308,-0.227549043177459,-0.727156250857315));
#5596=DIRECTION('',(0.599990683342259,0.435918747880883,-0.670809976929721));
#5597=DIRECTION('',(-0.647661346529308,-0.227549043177459,-0.727156250857315));
#5598=DIRECTION('center_axis',(-0.542696671321342,-0.394292211545179,-0.741629270492709));
#5599=DIRECTION('ref_axis',(-0.587785252315184,0.809016994358447,-3.58222336648479E-17));
#5600=DIRECTION('',(0.599990683342259,0.435918747880883,-0.670809976929721));
#5601=DIRECTION('',(-0.587785252315184,0.809016994358447,-4.81030623545661E-17));
#5602=DIRECTION('center_axis',(0.587785252315184,-0.809016994358447,-4.71844785465692E-16));
#5603=DIRECTION('ref_axis',(-0.542696671321342,-0.394292211545178,-0.741629270492709));
#5604=DIRECTION('',(0.599990683342259,0.435918747880883,-0.670809976929721));
#5605=DIRECTION('',(-0.542696671321342,-0.394292211545178,-0.741629270492709));
#5606=DIRECTION('center_axis',(0.542696671321342,0.394292211545178,0.741629270492709));
#5607=DIRECTION('ref_axis',(0.587785252315184,-0.809016994358447,-1.14984949922159E-16));
#5608=DIRECTION('',(0.599990683342259,0.435918747880883,-0.670809976929721));
#5609=DIRECTION('',(0.587785252315184,-0.809016994358447,-1.0270412123244E-16));
#5610=DIRECTION('center_axis',(-0.477035983132964,0.868071857335159,0.137433334017094));
#5611=DIRECTION('ref_axis',(0.642221029474165,0.237541776849149,0.728783955334153));
#5612=DIRECTION('',(0.599990683342259,0.435918747880883,-0.670809976929721));
#5613=DIRECTION('',(0.642221029474165,0.237541776849149,0.728783955334153));
#5614=DIRECTION('center_axis',(-0.61403284267439,-0.286557483426574,-0.735424011580691));
#5615=DIRECTION('ref_axis',(-0.512810733136209,0.853146912283103,0.0957366076384113));
#5616=DIRECTION('',(0.599990683342259,0.435918747880883,-0.670809976929721));
#5617=DIRECTION('',(-0.512810733136209,0.853146912283103,0.0957366076384113));
#5618=DIRECTION('',(0.599990683342259,0.435918747880883,-0.670809976929721));
#5619=DIRECTION('',(0.599990683342259,0.435918747880883,-0.670809976929721));
#5620=DIRECTION('',(0.599990683342259,0.435918747880883,-0.670809976929721));
#5621=DIRECTION('',(0.599990683342259,0.435918747880883,-0.670809976929721));
#5622=DIRECTION('',(0.599990683342259,0.435918747880883,-0.670809976929721));
#5623=DIRECTION('',(0.599990683342259,0.435918747880883,-0.670809976929721));
#5624=DIRECTION('',(0.599990683342259,0.435918747880883,-0.670809976929721));
#5625=DIRECTION('',(0.599990683342259,0.435918747880883,-0.670809976929721));
#5626=DIRECTION('center_axis',(0.491179871195237,0.461131339197663,0.738985941775891));
#5627=DIRECTION('ref_axis',(0.631469329449277,-0.77287303825126,0.0625599928800162));
#5628=DIRECTION('',(0.599990683342259,0.435918747880883,-0.670809976929721));
#5629=DIRECTION('',(0.631469329449277,-0.77287303825126,0.0625599928800162));
#5630=DIRECTION('',(0.599990683342259,0.435918747880883,-0.670809976929721));
#5631=DIRECTION('center_axis',(-0.599990683342259,-0.435918747880883,0.670809976929721));
#5632=DIRECTION('ref_axis',(0.587785252315184,-0.809016994358447,1.22808286897182E-17));
#5633=DIRECTION('',(0.599990683366733,-0.435918747847197,-0.670809976929721));
#5634=DIRECTION('',(0.599990683366733,-0.435918747847197,-0.670809976929721));
#5635=DIRECTION('',(0.599990683366733,-0.435918747847197,-0.670809976929721));
#5636=DIRECTION('',(0.599990683366733,-0.435918747847197,-0.670809976929721));
#5637=DIRECTION('',(0.599990683366733,-0.435918747847197,-0.670809976929721));
#5638=DIRECTION('',(0.599990683366733,-0.435918747847197,-0.670809976929721));
#5639=DIRECTION('',(0.599990683366733,-0.435918747847197,-0.670809976929721));
#5640=DIRECTION('',(0.599990683366733,-0.435918747847197,-0.670809976929721));
#5641=DIRECTION('',(0.599990683366733,-0.435918747847197,-0.670809976929721));
#5642=DIRECTION('',(0.599990683366733,-0.435918747847197,-0.670809976929721));
#5643=DIRECTION('',(0.599990683366733,-0.435918747847197,-0.670809976929721));
#5644=DIRECTION('',(0.599990683366733,-0.435918747847197,-0.670809976929721));
#5645=DIRECTION('center_axis',(-0.43143707644549,0.529809953950829,-0.730180430964011));
#5646=DIRECTION('ref_axis',(0.67370114215525,0.727513751052138,0.129809526186482));
#5647=DIRECTION('',(0.599990683366733,-0.435918747847197,-0.670809976929721));
#5648=DIRECTION('',(0.67370114215525,0.727513751052138,0.129809526186482));
#5649=DIRECTION('',(0.599990683366733,-0.435918747847197,-0.670809976929721));
#5650=DIRECTION('',(0.599990683366733,-0.435918747847197,-0.670809976929721));
#5651=DIRECTION('',(0.599990683366733,-0.435918747847197,-0.670809976929721));
#5652=DIRECTION('',(0.599990683366733,-0.435918747847197,-0.670809976929721));
#5653=DIRECTION('',(0.599990683366733,-0.435918747847197,-0.670809976929721));
#5654=DIRECTION('',(0.599990683366733,-0.435918747847197,-0.670809976929721));
#5655=DIRECTION('',(0.599990683366733,-0.435918747847197,-0.670809976929721));
#5656=DIRECTION('center_axis',(0.651284085676779,0.753096991376149,0.0931341039810614));
#5657=DIRECTION('ref_axis',(0.464586073421582,-0.49276745717988,0.735758121618234));
#5658=DIRECTION('',(0.599990683366733,-0.435918747847197,-0.670809976929721));
#5659=DIRECTION('',(0.464586073421582,-0.49276745717988,0.735758121618234));
#5660=DIRECTION('',(0.599990683366733,-0.435918747847197,-0.670809976929721));
#5661=DIRECTION('',(0.599990683366733,-0.435918747847197,-0.670809976929721));
#5662=DIRECTION('',(0.599990683366733,-0.435918747847197,-0.670809976929721));
#5663=DIRECTION('',(0.599990683366733,-0.435918747847197,-0.670809976929721));
#5664=DIRECTION('',(0.599990683366733,-0.435918747847197,-0.670809976929721));
#5665=DIRECTION('',(0.599990683366733,-0.435918747847197,-0.670809976929721));
#5666=DIRECTION('',(0.599990683366733,-0.435918747847197,-0.670809976929721));
#5667=DIRECTION('center_axis',(0.61561996779786,-0.283910745479611,0.735123624875281));
#5668=DIRECTION('ref_axis',(-0.510904330693803,-0.854031342443908,0.0980164833167042));
#5669=DIRECTION('',(0.599990683366733,-0.435918747847197,-0.670809976929721));
#5670=DIRECTION('',(-0.510904330693803,-0.854031342443908,0.0980164833167042));
#5671=DIRECTION('',(0.599990683366733,-0.435918747847197,-0.670809976929721));
#5672=DIRECTION('center_axis',(-0.599990683366733,0.435918747847197,0.670809976929721));
#5673=DIRECTION('ref_axis',(-0.587785252269763,-0.809016994391448,8.06697864210684E-18));
#5674=DIRECTION('',(-0.229176048127942,0.705331350370879,-0.670809976929721));
#5675=DIRECTION('',(-0.229176048127942,0.705331350370879,-0.670809976929721));
#5676=DIRECTION('',(-0.229176048127942,0.705331350370879,-0.670809976929721));
#5677=DIRECTION('',(-0.229176048127942,0.705331350370879,-0.670809976929721));
#5678=DIRECTION('',(-0.229176048127942,0.705331350370879,-0.670809976929721));
#5679=DIRECTION('',(-0.229176048127942,0.705331350370879,-0.670809976929721));
#5680=DIRECTION('',(-0.229176048127942,0.705331350370879,-0.670809976929721));
#5681=DIRECTION('',(-0.229176048127942,0.705331350370879,-0.670809976929721));
#5682=DIRECTION('',(-0.229176048127942,0.705331350370879,-0.670809976929721));
#5683=DIRECTION('center_axis',(0.109041922094324,-0.666210781762406,-0.737748638419278));
#5684=DIRECTION('ref_axis',(-0.967258082514917,-0.242220726709165,0.0757688680267093));
#5685=DIRECTION('',(-0.229176048127942,0.705331350370879,-0.670809976929721));
#5686=DIRECTION('',(-0.967258082514918,-0.242220726709165,0.0757688680267093));
#5687=DIRECTION('',(-0.229176048127942,0.705331350370879,-0.670809976929721));
#5688=DIRECTION('',(-0.229176048127942,0.705331350370879,-0.670809976929721));
#5689=DIRECTION('',(-0.229176048127942,0.705331350370879,-0.670809976929721));
#5690=DIRECTION('',(-0.229176048127942,0.705331350370879,-0.670809976929721));
#5691=DIRECTION('',(-0.229176048127942,0.705331350370879,-0.670809976929721));
#5692=DIRECTION('',(-0.229176048127942,0.705331350370879,-0.670809976929721));
#5693=DIRECTION('',(-0.229176048127942,0.705331350370879,-0.670809976929721));
#5694=DIRECTION('',(-0.229176048127942,0.705331350370879,-0.670809976929721));
#5695=DIRECTION('',(-0.229176048127942,0.705331350370879,-0.670809976929721));
#5696=DIRECTION('center_axis',(0.207291682885459,-0.637978199748994,-0.741629270492709));
#5697=DIRECTION('ref_axis',(-0.951056516286479,-0.309016994401645,0.));
#5698=DIRECTION('',(-0.229176048127942,0.705331350370879,-0.670809976929721));
#5699=DIRECTION('',(-0.951056516286479,-0.309016994401645,-2.6397121052526E-17));
#5700=DIRECTION('center_axis',(0.951056516286479,0.309016994401645,2.77555756156289E-17));
#5701=DIRECTION('ref_axis',(0.207291682885459,-0.637978199748994,-0.741629270492709));
#5702=DIRECTION('',(-0.229176048127942,0.705331350370879,-0.670809976929721));
#5703=DIRECTION('',(0.207291682885459,-0.637978199748994,-0.741629270492709));
#5704=DIRECTION('center_axis',(-0.207291682885459,0.637978199748994,0.741629270492709));
#5705=DIRECTION('ref_axis',(0.951056516286479,0.309016994401645,0.));
#5706=DIRECTION('',(-0.229176048127942,0.705331350370879,-0.670809976929721));
#5707=DIRECTION('',(0.951056516286479,0.309016994401645,2.6397121052526E-17));
#5708=DIRECTION('center_axis',(0.229176048127941,-0.705331350370878,0.670809976929721));
#5709=DIRECTION('ref_axis',(0.951056516286479,0.309016994401645,2.6397121052526E-17));
#5710=DIRECTION('',(-0.229176048088342,-0.705331350383746,-0.67080997692972));
#5711=DIRECTION('',(-0.229176048088342,-0.705331350383746,-0.67080997692972));
#5712=DIRECTION('',(-0.229176048088342,-0.705331350383746,-0.67080997692972));
#5713=DIRECTION('center_axis',(0.951056516303828,-0.30901699434825,1.38777878078145E-16));
#5714=DIRECTION('ref_axis',(-0.207291682849641,-0.637978199760632,0.741629270492709));
#5715=DIRECTION('',(-0.229176048088342,-0.705331350383746,-0.67080997692972));
#5716=DIRECTION('',(-0.207291682849641,-0.637978199760632,0.741629270492709));
#5717=DIRECTION('',(-0.229176048088342,-0.705331350383746,-0.67080997692972));
#5718=DIRECTION('',(-0.229176048088342,-0.705331350383746,-0.67080997692972));
#5719=DIRECTION('center_axis',(0.951056516303828,-0.30901699434825,2.77555756156289E-16));
#5720=DIRECTION('ref_axis',(-0.207291682849641,-0.637978199760632,0.741629270492709));
#5721=DIRECTION('',(-0.229176048088342,-0.705331350383746,-0.67080997692972));
#5722=DIRECTION('',(-0.207291682849641,-0.637978199760632,0.741629270492709));
#5723=DIRECTION('center_axis',(0.207291682849641,0.637978199760631,-0.741629270492709));
#5724=DIRECTION('ref_axis',(0.951056516303828,-0.30901699434825,0.));
#5725=DIRECTION('',(-0.229176048088342,-0.705331350383746,-0.67080997692972));
#5726=DIRECTION('',(0.951056516303828,-0.30901699434825,1.71538891062944E-17));
#5727=DIRECTION('center_axis',(-0.951056516303828,0.30901699434825,-1.38777878078145E-16));
#5728=DIRECTION('ref_axis',(0.207291682849641,0.637978199760632,-0.741629270492709));
#5729=DIRECTION('',(-0.229176048088342,-0.705331350383746,-0.67080997692972));
#5730=DIRECTION('',(0.207291682849641,0.637978199760632,-0.741629270492709));
#5731=DIRECTION('center_axis',(-0.207291682849641,-0.637978199760631,0.741629270492709));
#5732=DIRECTION('ref_axis',(-0.951056516303828,0.30901699434825,4.51637492130771E-17));
#5733=DIRECTION('',(-0.951056516303828,0.30901699434825,2.80098601067827E-17));
#5734=DIRECTION('center_axis',(0.229176048088342,0.705331350383745,0.670809976929721));
#5735=DIRECTION('ref_axis',(-0.951056516303828,0.30901699434825,-1.71538891062944E-17));
#5736=DIRECTION('',(-0.741629270492708,-2.08189011078913E-11,-0.670809976929722));
#5737=DIRECTION('',(-0.741629270492708,-2.08189011078913E-11,-0.670809976929722));
#5738=DIRECTION('',(-0.741629270492708,-2.08189011078913E-11,-0.670809976929722));
#5739=DIRECTION('',(-0.741629270492708,-2.08189011078913E-11,-0.670809976929722));
#5740=DIRECTION('',(-0.741629270492708,-2.08189011078913E-11,-0.670809976929722));
#5741=DIRECTION('',(-0.741629270492708,-2.08189011078913E-11,-0.670809976929722));
#5742=DIRECTION('',(-0.741629270492708,-2.08189011078913E-11,-0.670809976929722));
#5743=DIRECTION('',(-0.741629270492708,-2.08189011078913E-11,-0.670809976929722));
#5744=DIRECTION('',(-0.741629270492708,-2.08189011078913E-11,-0.670809976929722));
#5745=DIRECTION('',(-0.741629270492708,-2.08189011078913E-11,-0.670809976929722));
#5746=DIRECTION('',(-0.741629270492708,-2.08189011078913E-11,-0.670809976929722));
#5747=DIRECTION('',(-0.741629270492708,-2.08189011078913E-11,-0.670809976929722));
#5748=DIRECTION('center_axis',(0.741629270492709,2.08189011079273E-11,0.670809976929721));
#5749=DIRECTION('ref_axis',(-2.8071843893238E-11,1.,-3.23117426778526E-27));
#5750=DIRECTION('center_axis',(0.599990683366733,0.435918747847197,-0.670809976929721));
#5751=DIRECTION('ref_axis',(-0.800006987390186,0.326931128772312,-0.503095276430361));
#5752=CARTESIAN_POINT('',(0.,0.,0.));
#5753=CARTESIAN_POINT('Origin',(1.3988810110277E-14,-5.77315972805081E-15,
21.6144244255539));
#5754=CARTESIAN_POINT('',(0.946301307586277,2.91241595584386,21.6144244255539));
#5755=CARTESIAN_POINT('',(3.06229535881069,8.59545767895042E-11,21.6144244255539));
#5756=CARTESIAN_POINT('',(0.946301307586279,2.91241595584387,21.6144244255539));
#5757=CARTESIAN_POINT('',(-2.4774489871239,1.79997205000307,21.6144244255539));
#5758=CARTESIAN_POINT('',(-2.4774489871239,1.79997205000307,21.6144244255539));
#5759=CARTESIAN_POINT('',(-2.47744898702281,-1.79997205014214,21.6144244255539));
#5760=CARTESIAN_POINT('',(-2.47744898702281,-1.79997205014215,21.6144244255539));
#5761=CARTESIAN_POINT('',(0.946301307749808,-2.91241595579077,21.6144244255539));
#5762=CARTESIAN_POINT('',(0.946301307749808,-2.91241595579077,21.6144244255539));
#5763=CARTESIAN_POINT('',(3.06229535881069,8.59545767895042E-11,21.6144244255539));
#5764=CARTESIAN_POINT('Origin',(-22.9244521521491,1.79997204942909,3.32606882046084));
#5765=CARTESIAN_POINT('',(-22.92445215216,-1.79997205071613,3.32606882036067));
#5766=CARTESIAN_POINT('',(-23.5092985238919,-6.60353993708895E-10,0.991226299092306));
#5767=CARTESIAN_POINT('',(-22.92445215216,-1.79997205071613,3.32606882036067));
#5768=CARTESIAN_POINT('',(-22.9244521521491,1.79997204942909,3.32606882046084));
#5769=CARTESIAN_POINT('',(-22.9244521521491,1.79997204942909,3.32606882046084));
#5770=CARTESIAN_POINT('',(-23.5092985238919,-6.6035510393192E-10,0.991226299092308));
#5771=CARTESIAN_POINT('Origin',(-11.8413822853595,-3.32399802127625E-10,
13.2390678689336));
#5772=CARTESIAN_POINT('',(-11.8413822854101,1.79997204974021,13.2390678689336));
#5773=CARTESIAN_POINT('',(-11.841382285309,-1.79997205040501,13.2390678689336));
#5774=CARTESIAN_POINT('Origin',(-8.79592044850805,-21.2462276491244,3.32606882046084));
#5775=CARTESIAN_POINT('',(-5.37217015377003,-22.3586715548795,3.32606882036067));
#5776=CARTESIAN_POINT('',(-7.26477276908838,-22.3586715548795,0.991226299092309));
#5777=CARTESIAN_POINT('',(-5.37217015377003,-22.3586715548795,3.32606882036067));
#5778=CARTESIAN_POINT('',(-8.79592044850805,-21.2462276491244,3.32606882046084));
#5779=CARTESIAN_POINT('',(-8.79592044850805,-21.2462276491244,3.32606882046084));
#5780=CARTESIAN_POINT('',(-7.26477276908838,-22.3586715548795,0.99122629909231));
#5781=CARTESIAN_POINT('Origin',(-3.65918836275038,-11.2618237845359,13.2390678689336));
#5782=CARTESIAN_POINT('',(-5.3710635101367,-10.7056018317116,13.2390678689336));
#5783=CARTESIAN_POINT('',(-1.94731321536407,-11.8180457373602,13.2390678689336));
#5784=CARTESIAN_POINT('Origin',(19.6042684037824,-12.0184469134949,3.32606882036068));
#5785=CARTESIAN_POINT('',(19.0194220320506,-13.8184189635506,0.991226299092321));
#5786=CARTESIAN_POINT('',(17.4882743526309,-14.9308628693057,3.32606882046085));
#5787=CARTESIAN_POINT('',(19.0194220320506,-13.8184189635506,0.991226299092321));
#5788=CARTESIAN_POINT('',(19.6042684037824,-12.0184469134949,3.32606882036068));
#5789=CARTESIAN_POINT('',(19.6042684037824,-12.0184469134949,3.32606882036068));
#5790=CARTESIAN_POINT('',(17.4882743526309,-14.9308628693057,3.32606882046085));
#5791=CARTESIAN_POINT('Origin',(-5.37217015499075,22.3586715544714,3.32606882046084));
#5792=CARTESIAN_POINT('',(-8.79592044973553,21.2462276487371,3.32606882036066));
#5793=CARTESIAN_POINT('',(-7.2647727703445,22.3586715544714,0.991226299092302));
#5794=CARTESIAN_POINT('',(-8.79592044973553,21.2462276487371,3.32606882036067));
#5795=CARTESIAN_POINT('',(-5.37217015499075,22.3586715544714,3.32606882046084));
#5796=CARTESIAN_POINT('',(-5.37217015499075,22.3586715544714,3.32606882046084));
#5797=CARTESIAN_POINT('',(-7.2647727703445,22.3586715544714,0.991226299092303));
#5798=CARTESIAN_POINT('Origin',(-3.65918836338269,11.2618237843305,13.2390678689336));
#5799=CARTESIAN_POINT('',(-1.94731321602761,11.8180457372509,13.2390678689336));
#5800=CARTESIAN_POINT('',(-5.37106351073778,10.7056018314101,13.2390678689336));
#5801=CARTESIAN_POINT('Origin',(19.604268403017,12.0184469145296,3.32606882046085));
#5802=CARTESIAN_POINT('',(17.4882743518832,14.9308628703534,3.32606882036068));
#5803=CARTESIAN_POINT('',(19.0194220312743,13.8184189646191,0.991226299092323));
#5804=CARTESIAN_POINT('',(17.4882743518832,14.9308628703534,3.32606882036068));
#5805=CARTESIAN_POINT('',(19.604268403017,12.0184469145296,3.32606882046086));
#5806=CARTESIAN_POINT('',(19.604268403017,12.0184469145296,3.32606882046085));
#5807=CARTESIAN_POINT('',(19.0194220312743,13.8184189646191,0.991226299092322));
#5808=CARTESIAN_POINT('Origin',(9.57987950555095,6.9601898743606,13.2390678689336));
#5809=CARTESIAN_POINT('',(10.6378765311632,5.50398189648165,13.2390678689336));
#5810=CARTESIAN_POINT('',(8.52188247993875,8.41639785223956,13.2390678689336));
#5811=CARTESIAN_POINT('Origin',(-19.0194220312742,13.8184189646191,-0.991226299092332));
#5812=CARTESIAN_POINT('',(-19.604268403017,12.0184469145297,-3.32606882046087));
#5813=CARTESIAN_POINT('',(-17.4882743518832,14.9308628703534,-3.32606882036069));
#5814=CARTESIAN_POINT('',(-19.604268403017,12.0184469145297,-3.32606882046086));
#5815=CARTESIAN_POINT('',(-19.0194220312742,13.8184189646191,-0.991226299092332));
#5816=CARTESIAN_POINT('',(-19.0194220312742,13.8184189646191,-0.991226299092332));
#5817=CARTESIAN_POINT('',(-17.4882743518832,14.9308628703534,-3.3260688203607));
#5818=CARTESIAN_POINT('Origin',(-21.2643602775831,6.90920948197937,-5.96744875736022E-15));
#5819=CARTESIAN_POINT('',(-21.1234302882233,7.34294739012626,1.33490801948001));
#5820=CARTESIAN_POINT('',(-21.4052902669428,6.47547157383248,-1.33490801948002));
#5821=CARTESIAN_POINT('Origin',(-13.1420974008094,18.0885452595452,-1.63757896132211E-14));
#5822=CARTESIAN_POINT('',(-13.5110569030378,17.8204804900646,1.33490801943154));
#5823=CARTESIAN_POINT('',(-12.7731378985809,18.3566100290259,-1.33490801943157));
#5824=CARTESIAN_POINT('Origin',(5.37217015377006,-22.3586715548795,-3.32606882036068));
#5825=CARTESIAN_POINT('',(7.26477276908841,-22.3586715548795,-0.991226299092324));
#5826=CARTESIAN_POINT('',(8.79592044850808,-21.2462276491244,-3.32606882046086));
#5827=CARTESIAN_POINT('',(7.26477276908841,-22.3586715548795,-0.991226299092323));
#5828=CARTESIAN_POINT('',(5.37217015377006,-22.3586715548795,-3.32606882036068));
#5829=CARTESIAN_POINT('',(5.37217015377006,-22.3586715548795,-3.32606882036068));
#5830=CARTESIAN_POINT('',(8.79592044850808,-21.2462276491244,-3.32606882046085));
#5831=CARTESIAN_POINT('Origin',(-6.66133814775094E-15,-22.3586715548795,
1.38777878078145E-16));
#5832=CARTESIAN_POINT('',(0.456059025698819,-22.3586715548795,1.33490801943155));
#5833=CARTESIAN_POINT('',(-0.456059025698832,-22.3586715548795,-1.33490801943155));
#5834=CARTESIAN_POINT('Origin',(-19.0194220320506,-13.8184189635506,-0.991226299092339));
#5835=CARTESIAN_POINT('',(-17.4882743526309,-14.9308628693057,-3.32606882046087));
#5836=CARTESIAN_POINT('',(-19.6042684037824,-12.0184469134948,-3.3260688203607));
#5837=CARTESIAN_POINT('',(-17.4882743526309,-14.9308628693057,-3.32606882046087));
#5838=CARTESIAN_POINT('',(-19.0194220320506,-13.8184189635506,-0.991226299092339));
#5839=CARTESIAN_POINT('',(-19.0194220320506,-13.8184189635506,-0.991226299092339));
#5840=CARTESIAN_POINT('',(-19.6042684037824,-12.0184469134948,-3.3260688203607));
#5841=CARTESIAN_POINT('Origin',(-13.1420974005695,-18.088545259215,-1.9151347174784E-14));
#5842=CARTESIAN_POINT('',(-13.5110569027476,-17.820480489771,1.33490801947999));
#5843=CARTESIAN_POINT('',(-12.7731378983914,-18.3566100286591,-1.33490801948003));
#5844=CARTESIAN_POINT('Origin',(-21.2643602779712,-6.90920948210547,-1.346145417358E-14));
#5845=CARTESIAN_POINT('',(-21.1234302885922,-7.34294739031156,1.33490801943154));
#5846=CARTESIAN_POINT('',(-21.4052902673502,-6.47547157389938,-1.33490801943156));
#5847=CARTESIAN_POINT('Origin',(22.9244521521491,1.79997204942905,-3.32606882046085));
#5848=CARTESIAN_POINT('',(22.9244521521601,-1.79997205071616,-3.32606882036068));
#5849=CARTESIAN_POINT('',(23.5092985238919,-6.60389520845683E-10,-0.99122629909232));
#5850=CARTESIAN_POINT('',(22.9244521521601,-1.79997205071616,-3.32606882036068));
#5851=CARTESIAN_POINT('',(22.9244521521491,1.79997204942906,-3.32606882046085));
#5852=CARTESIAN_POINT('',(22.9244521521491,1.79997204942905,-3.32606882046085));
#5853=CARTESIAN_POINT('',(23.5092985238919,-6.60391741291733E-10,-0.99122629909232));
#5854=CARTESIAN_POINT('Origin',(5.37217015499073,22.3586715544714,-3.32606882046086));
#5855=CARTESIAN_POINT('',(8.79592044973551,21.2462276487371,-3.32606882036069));
#5856=CARTESIAN_POINT('',(7.26477277034449,22.3586715544714,-0.991226299092329));
#5857=CARTESIAN_POINT('',(8.79592044973551,21.2462276487371,-3.32606882036069));
#5858=CARTESIAN_POINT('',(5.37217015499073,22.3586715544714,-3.32606882046086));
#5859=CARTESIAN_POINT('',(5.37217015499073,22.3586715544714,-3.32606882046086));
#5860=CARTESIAN_POINT('',(7.26477277034449,22.3586715544714,-0.99122629909233));
#5861=CARTESIAN_POINT('Origin',(-2.88657986402541E-15,-3.5527136788005E-15,
-21.6144244255539));
#5862=CARTESIAN_POINT('',(2.47744898712386,1.79997205000304,-21.614424425554));
#5863=CARTESIAN_POINT('',(-0.94630130758629,2.91241595584391,-21.6144244255539));
#5864=CARTESIAN_POINT('',(2.47744898712387,1.79997205000304,-21.614424425554));
#5865=CARTESIAN_POINT('',(2.47744898702285,-1.79997205014218,-21.6144244255539));
#5866=CARTESIAN_POINT('',(2.47744898702285,-1.79997205014218,-21.6144244255539));
#5867=CARTESIAN_POINT('',(-0.946301307749784,-2.91241595579076,-21.6144244255539));
#5868=CARTESIAN_POINT('',(-0.946301307749783,-2.91241595579076,-21.6144244255539));
#5869=CARTESIAN_POINT('',(-3.06229535881066,8.59690096888244E-11,-21.614424425554));
#5870=CARTESIAN_POINT('',(-3.06229535881066,8.5970119911849E-11,-21.614424425554));
#5871=CARTESIAN_POINT('',(-0.946301307586286,2.91241595584391,-21.6144244255539));
#5872=CARTESIAN_POINT('Origin',(11.8413822853596,-3.32431859817461E-10,
-13.2390678689336));
#5873=CARTESIAN_POINT('',(11.841382285309,-1.79997205040504,-13.2390678689336));
#5874=CARTESIAN_POINT('',(11.8413822854101,1.79997204974018,-13.2390678689336));
#5875=CARTESIAN_POINT('Origin',(3.65918836275041,-11.2618237845359,-13.2390678689336));
#5876=CARTESIAN_POINT('',(5.37106351013673,-10.7056018317116,-13.2390678689336));
#5877=CARTESIAN_POINT('',(1.9473132153641,-11.8180457373602,-13.2390678689336));
#5878=CARTESIAN_POINT('Origin',(-9.57987950594172,-6.96018987382277,-13.2390678689336));
#5879=CARTESIAN_POINT('',(-10.6378765314722,-5.50398189588441,-13.2390678689336));
#5880=CARTESIAN_POINT('',(-8.52188248041127,-8.41639785176113,-13.2390678689336));
#5881=CARTESIAN_POINT('Origin',(-9.57987950555094,6.96018987436063,-13.2390678689336));
#5882=CARTESIAN_POINT('',(-8.52188247993874,8.41639785223959,-13.2390678689336));
#5883=CARTESIAN_POINT('',(-10.6378765311631,5.50398189648168,-13.2390678689336));
#5884=CARTESIAN_POINT('Origin',(3.65918836338268,11.2618237843305,-13.2390678689336));
#5885=CARTESIAN_POINT('',(5.37106351073776,10.7056018314101,-13.2390678689336));
#5886=CARTESIAN_POINT('',(1.94731321602759,11.8180457372509,-13.2390678689336));
#5887=CARTESIAN_POINT('Origin',(9.36750677027476E-16,22.3586715544714,-1.65145674912992E-14));
#5888=CARTESIAN_POINT('',(0.456059025636579,22.3586715544714,1.33490801947999));
#5889=CARTESIAN_POINT('',(-0.456059025636577,22.3586715544714,-1.33490801948003));
#5890=CARTESIAN_POINT('Origin',(13.1420974008094,18.0885452595452,-4.44089209850063E-15));
#5891=CARTESIAN_POINT('',(12.7731378985809,18.3566100290259,1.33490801943155));
#5892=CARTESIAN_POINT('',(13.5110569030378,17.8204804900646,-1.33490801943156));
#5893=CARTESIAN_POINT('Origin',(21.2643602775831,6.90920948197937,7.7715611723761E-15));
#5894=CARTESIAN_POINT('',(21.4052902669429,6.47547157383248,1.33490801948002));
#5895=CARTESIAN_POINT('',(21.1234302882233,7.34294739012625,-1.33490801948));
#5896=CARTESIAN_POINT('Origin',(21.2643602779712,-6.90920948210549,-5.68989300120393E-15));
#5897=CARTESIAN_POINT('',(21.4052902673503,-6.47547157389941,1.33490801943155));
#5898=CARTESIAN_POINT('',(21.1234302885922,-7.34294739031158,-1.33490801943156));
#5899=CARTESIAN_POINT('Origin',(13.1420974005695,-18.0885452592151,-1.52655665885959E-15));
#5900=CARTESIAN_POINT('',(13.5110569027476,-17.820480489771,-1.33490801948001));
#5901=CARTESIAN_POINT('',(12.7731378983914,-18.3566100286591,1.33490801948001));
#5902=CARTESIAN_POINT('Origin',(9.57987950594172,-6.96018987382277,13.2390678689336));
#5903=CARTESIAN_POINT('',(10.6378765314722,-5.50398189588441,13.2390678689336));
#5904=CARTESIAN_POINT('',(8.52188248041126,-8.41639785176112,13.2390678689336));
#5905=CARTESIAN_POINT('Origin',(-10.0619994111785,-7.31047048941765,11.2496573368111));
#5906=CARTESIAN_POINT('',(-12.6471894038524,-11.4348913965562,6.2571819368836));
#5907=CARTESIAN_POINT('',(-14.233042561521,-10.2498501524881,5.60883823388845));
#5908=CARTESIAN_POINT('Ctrl Pts',(-12.6471894038524,-11.4348913965562,6.2571819368836));
#5909=CARTESIAN_POINT('Ctrl Pts',(-13.5286622844329,-11.2193464309514,5.60883823388845));
#5910=CARTESIAN_POINT('Ctrl Pts',(-14.233042561521,-10.2498501524881,5.60883823388845));
#5911=CARTESIAN_POINT('',(-14.8770636288579,-8.73566533603493,6.0167852209365));
#5912=CARTESIAN_POINT('Ctrl Pts',(-14.233042561521,-10.2498501524881,5.60883823388845));
#5913=CARTESIAN_POINT('Ctrl Pts',(-14.810403369716,-9.45518117454688,5.60883823388845));
#5914=CARTESIAN_POINT('Ctrl Pts',(-14.8770636288579,-8.73566533603493,6.0167852209365));
#5915=CARTESIAN_POINT('',(-14.5025953394962,-7.58637771448047,7.09857221088041));
#5916=CARTESIAN_POINT('Ctrl Pts',(-14.8770636288579,-8.73566533603493,6.0167852209365));
#5917=CARTESIAN_POINT('Ctrl Pts',(-14.9437245349447,-8.01614996755594,6.42473132389357));
#5918=CARTESIAN_POINT('Ctrl Pts',(-14.5025953394962,-7.58637771448047,7.09857221088041));
#5919=CARTESIAN_POINT('',(-13.9143437039619,-8.30635540398781,7.15685060448469));
#5920=CARTESIAN_POINT('',(-13.6025776592721,-8.68793461764994,7.18773742768644));
#5921=CARTESIAN_POINT('',(-14.1859424303492,-9.09557974631041,6.40105625142085));
#5922=CARTESIAN_POINT('Ctrl Pts',(-13.9143437039619,-8.30635540398781,7.15685060448469));
#5923=CARTESIAN_POINT('Ctrl Pts',(-14.2215405016078,-8.65703263125626,6.65420155936379));
#5924=CARTESIAN_POINT('Ctrl Pts',(-14.1859424303492,-9.09557974631041,6.40105625142085));
#5925=CARTESIAN_POINT('',(-13.8385692353806,-9.9632485048664,6.14791094347791));
#5926=CARTESIAN_POINT('Ctrl Pts',(-14.1859424303492,-9.09557974631041,6.40105625142085));
#5927=CARTESIAN_POINT('Ctrl Pts',(-14.1503440087433,-9.53412734357625,6.14791094347791));
#5928=CARTESIAN_POINT('Ctrl Pts',(-13.8385692353806,-9.9632485048664,6.14791094347791));
#5929=CARTESIAN_POINT('',(-12.9422669656795,-10.647607784004,6.50486444663359));
#5930=CARTESIAN_POINT('Ctrl Pts',(-13.8385692353806,-9.9632485048664,6.14791094347791));
#5931=CARTESIAN_POINT('Ctrl Pts',(-13.4632849027449,-10.4797830753118,6.14791094347791));
#5932=CARTESIAN_POINT('Ctrl Pts',(-12.9422669656795,-10.647607784004,6.50486444663359));
#5933=CARTESIAN_POINT('',(-11.9894619183235,-10.5017193204993,7.45188325918013));
#5934=CARTESIAN_POINT('Ctrl Pts',(-12.9422669656795,-10.647607784004,6.50486444663359));
#5935=CARTESIAN_POINT('Ctrl Pts',(-12.4212497293087,-10.8154315282729,6.86181794978926));
#5936=CARTESIAN_POINT('Ctrl Pts',(-11.9894619183235,-10.5017193204993,7.45188325918013));
#5937=CARTESIAN_POINT('',(-11.5914881999147,-9.6874560744436,8.3369821073574));
#5938=CARTESIAN_POINT('Ctrl Pts',(-11.9894619183235,-10.5017193204993,7.45188325918013));
#5939=CARTESIAN_POINT('Ctrl Pts',(-11.5789967625274,-10.2034989285314,8.01280981381434));
#5940=CARTESIAN_POINT('Ctrl Pts',(-11.5914881999147,-9.6874560744436,8.3369821073574));
#5941=CARTESIAN_POINT('',(-12.0081322111984,-8.61514560480392,8.66115395885498));
#5942=CARTESIAN_POINT('Ctrl Pts',(-11.5914881999147,-9.6874560744436,8.3369821073574));
#5943=CARTESIAN_POINT('Ctrl Pts',(-11.6039796104272,-9.17141393758394,8.66115395885498));
#5944=CARTESIAN_POINT('Ctrl Pts',(-12.0081322111984,-8.61514560480392,8.66115395885498));
#5945=CARTESIAN_POINT('',(-12.566641952328,-8.06782201914373,8.51728008636322));
#5946=CARTESIAN_POINT('Ctrl Pts',(-12.0081322111984,-8.61514560480392,8.66115395885498));
#5947=CARTESIAN_POINT('Ctrl Pts',(-12.2592842871365,-8.26946442821433,8.66115395885498));
#5948=CARTESIAN_POINT('Ctrl Pts',(-12.566641952328,-8.06782201914373,8.51728008636322));
#5949=CARTESIAN_POINT('',(-13.1573900824201,-7.82924516098984,8.14393553635575));
#5950=CARTESIAN_POINT('Ctrl Pts',(-12.566641952328,-8.06782201914373,8.51728008636322));
#5951=CARTESIAN_POINT('Ctrl Pts',(-12.8739999409919,-7.86617984508961,8.37340577182597));
#5952=CARTESIAN_POINT('Ctrl Pts',(-13.1573900824201,-7.82924516098984,8.14393553635575));
#5953=CARTESIAN_POINT('',(-13.586621140784,-7.11514709627192,8.22406865909577));
#5954=CARTESIAN_POINT('',(-12.9401051798479,-8.19073514498747,8.10337062981394));
#5955=CARTESIAN_POINT('',(-11.1696801108281,-6.22118000325191,10.9667814678976));
#5956=CARTESIAN_POINT('',(-12.1666096861447,-6.58991975459277,9.8354789322523));
#5957=CARTESIAN_POINT('',(-9.06520021545587,-9.11774808306628,10.9667814678976));
#5958=CARTESIAN_POINT('',(-10.7193387722778,-6.84102167963667,10.9667814678976));
#5959=CARTESIAN_POINT('',(-9.52364215410858,-9.45082564813836,10.3402916099471));
#5960=CARTESIAN_POINT('',(-8.96170120418134,-9.04255164976439,11.1082194023543));
#5961=CARTESIAN_POINT('',(-11.2124223516638,-7.12641911671085,10.3402916099471));
#5962=CARTESIAN_POINT('',(-10.1255407632444,-8.62238328461593,10.3402916099471));
#5963=CARTESIAN_POINT('',(-12.4906311640815,-7.57550442001833,8.90519357170352));
#5964=CARTESIAN_POINT('',(-10.7705700579504,-6.9711789326254,10.8363775027537));
#5965=CARTESIAN_POINT('',(-11.445773749102,-8.4979632853323,9.24029234572347));
#5966=CARTESIAN_POINT('Ctrl Pts',(-12.4906311640815,-7.57550442001833,8.90519357170352));
#5967=CARTESIAN_POINT('Ctrl Pts',(-11.8643603087672,-7.9218283124908,9.24029234572347));
#5968=CARTESIAN_POINT('Ctrl Pts',(-11.445773749102,-8.4979632853323,9.24029234572347));
#5969=CARTESIAN_POINT('',(-10.8649422105978,-10.0428808509097,8.75585557488234));
#5970=CARTESIAN_POINT('Ctrl Pts',(-11.445773749102,-8.4979632853323,9.24029234572347));
#5971=CARTESIAN_POINT('Ctrl Pts',(-10.891507485346,-9.26084534984813,9.24029234572347));
#5972=CARTESIAN_POINT('Ctrl Pts',(-10.8649422105978,-10.0428808509097,8.75585557488234));
#5973=CARTESIAN_POINT('',(-11.3954365590926,-11.2296438589159,7.51016165278442));
#5974=CARTESIAN_POINT('Ctrl Pts',(-10.8649422105978,-10.0428808509097,8.75585557488234));
#5975=CARTESIAN_POINT('Ctrl Pts',(-10.8383769358497,-10.8249163519713,8.27141880404121));
#5976=CARTESIAN_POINT('Ctrl Pts',(-11.3954365590926,-11.2296438589159,7.51016165278442));
#5977=CARTESIAN_POINT('Ctrl Pts',(-11.3954365590926,-11.2296438589159,7.51016165278442));
#5978=CARTESIAN_POINT('Ctrl Pts',(-11.9258433485578,-11.6150069486279,6.7853272819052));
#5979=CARTESIAN_POINT('Ctrl Pts',(-12.6471894038524,-11.4348913965562,6.2571819368836));
#5980=CARTESIAN_POINT('Origin',(-10.061999411589,7.31047048885274,11.2496573368111));
#5981=CARTESIAN_POINT('',(-14.8447471962685,8.72129225233918,6.05503011283305));
#5982=CARTESIAN_POINT('',(-14.178643910182,10.3863788906112,5.56877211456394));
#5983=CARTESIAN_POINT('Ctrl Pts',(-14.8447471962685,8.72129225233918,6.05503011283305));
#5984=CARTESIAN_POINT('Ctrl Pts',(-14.7964200835105,9.53608293469381,5.56877211456394));
#5985=CARTESIAN_POINT('Ctrl Pts',(-14.178643910182,10.3863788906112,5.56877211456394));
#5986=CARTESIAN_POINT('',(-12.9469069609494,11.437138010324,5.98764646617985));
#5987=CARTESIAN_POINT('Ctrl Pts',(-14.178643910182,10.3863788906112,5.56877211456394));
#5988=CARTESIAN_POINT('Ctrl Pts',(-13.6214907846208,11.153234379613,5.56877211456394));
#5989=CARTESIAN_POINT('Ctrl Pts',(-12.9469069609494,11.437138010324,5.98764646617985));
#5990=CARTESIAN_POINT('',(-11.7326001394905,11.4381837987908,7.07307591097971));
#5991=CARTESIAN_POINT('Ctrl Pts',(-12.9469069609494,11.437138010324,5.98764646617985));
#5992=CARTESIAN_POINT('Ctrl Pts',(-12.2723234338756,11.7210425932796,6.40651993370479));
#5993=CARTESIAN_POINT('Ctrl Pts',(-11.7326001394905,11.4381837987908,7.07307591097971));
#5994=CARTESIAN_POINT('',(-12.1882561492067,10.6765059458313,7.16049305934066));
#5995=CARTESIAN_POINT('',(-12.5196618551206,10.1225257916,7.22407291156201));
#5996=CARTESIAN_POINT('',(-13.0805256380098,10.6843160134654,6.35734767724039));
#5997=CARTESIAN_POINT('Ctrl Pts',(-12.1882561492067,10.6765059458313,7.16049305934066));
#5998=CARTESIAN_POINT('Ctrl Pts',(-12.6855475047508,10.849616525039,6.60320807547141));
#5999=CARTESIAN_POINT('Ctrl Pts',(-13.0805256380098,10.6843160134654,6.35734767724039));
#6000=CARTESIAN_POINT('',(-13.7843920331067,10.0938672828272,6.11148727900936));
#6001=CARTESIAN_POINT('Ctrl Pts',(-13.0805256380098,10.6843160134654,6.35734767724039));
#6002=CARTESIAN_POINT('Ctrl Pts',(-13.4755041216161,10.51901501968,6.11148727900936));
#6003=CARTESIAN_POINT('Ctrl Pts',(-13.7843920331067,10.0938672828272,6.11148727900936));
#6004=CARTESIAN_POINT('',(-14.1690604894347,9.07117323073275,6.43201623360549));
#6005=CARTESIAN_POINT('Ctrl Pts',(-13.7843920331067,10.0938672828272,6.11148727900936));
#6006=CARTESIAN_POINT('Ctrl Pts',(-14.1510161305165,9.58925250351346,6.11148727900936));
#6007=CARTESIAN_POINT('Ctrl Pts',(-14.1690604894347,9.07117323073275,6.43201623360549));
#6008=CARTESIAN_POINT('',(-13.8406073077627,8.30134949563284,7.22605547856587));
#6009=CARTESIAN_POINT('Ctrl Pts',(-14.1690604894347,9.07117323073275,6.43201623360549));
#6010=CARTESIAN_POINT('Ctrl Pts',(-14.1871038510606,8.55309397013082,6.7525460722926));
#6011=CARTESIAN_POINT('Ctrl Pts',(-13.8406073077627,8.30134949563284,7.22605547856587));
#6012=CARTESIAN_POINT('',(-13.0617098432278,8.22717608931219,7.97092335115283));
#6013=CARTESIAN_POINT('Ctrl Pts',(-13.8406073077627,8.30134949563284,7.22605547856587));
#6014=CARTESIAN_POINT('Ctrl Pts',(-13.510102594121,8.06122376548009,7.67771103979439));
#6015=CARTESIAN_POINT('Ctrl Pts',(-13.0617098432278,8.22717608931219,7.97092335115283));
#6016=CARTESIAN_POINT('',(-12.2524670152184,8.88979729579307,8.26413477842029));
#6017=CARTESIAN_POINT('Ctrl Pts',(-13.0617098432278,8.22717608931219,7.97092335115283));
#6018=CARTESIAN_POINT('Ctrl Pts',(-12.6133173889321,8.39312936538894,8.26413477842029));
#6019=CARTESIAN_POINT('Ctrl Pts',(-12.2524670152184,8.88979729579307,8.26413477842029));
#6020=CARTESIAN_POINT('',(-11.9391505262009,9.43314231966776,8.19128656539218));
#6021=CARTESIAN_POINT('Ctrl Pts',(-12.2524670152184,8.88979729579307,8.26413477842029));
#6022=CARTESIAN_POINT('Ctrl Pts',(-12.105239863746,9.0924380852942,8.26413477842029));
#6023=CARTESIAN_POINT('Ctrl Pts',(-11.9391505262009,9.43314231966776,8.19128656539218));
#6024=CARTESIAN_POINT('',(-11.5757599052399,9.04770874234333,8.76678293945021));
#6025=CARTESIAN_POINT('',(-10.9708827643895,8.40614028462383,9.72471795821687));
#6026=CARTESIAN_POINT('',(-11.6648076491583,8.93635468065559,8.75949847178379));
#6027=CARTESIAN_POINT('Ctrl Pts',(-11.5757599052399,9.04770874234333,8.76678293945021));
#6028=CARTESIAN_POINT('Ctrl Pts',(-11.6330525191769,8.98006186744668,8.75949847178379));
#6029=CARTESIAN_POINT('Ctrl Pts',(-11.6648076491583,8.93635468065559,8.75949847178379));
#6030=CARTESIAN_POINT('',(-12.1024542582632,7.99768290230478,8.97804134268614));
#6031=CARTESIAN_POINT('Ctrl Pts',(-11.6648076491583,8.93635468065559,8.75949847178379));
#6032=CARTESIAN_POINT('Ctrl Pts',(-11.996790105086,8.47942003037604,8.75949847178379));
#6033=CARTESIAN_POINT('Ctrl Pts',(-12.1024542582632,7.99768290230478,8.97804134268614));
#6034=CARTESIAN_POINT('',(-11.8749489588516,7.27388326115585,9.65188178762748));
#6035=CARTESIAN_POINT('Ctrl Pts',(-12.1024542582632,7.99768290230478,8.97804134268614));
#6036=CARTESIAN_POINT('Ctrl Pts',(-12.2081187617878,7.51594529202182,9.1965842135885));
#6037=CARTESIAN_POINT('Ctrl Pts',(-11.8749489588516,7.27388326115585,9.65188178762748));
#6038=CARTESIAN_POINT('',(-11.2444141088432,7.22251188107341,10.2492324487758));
#6039=CARTESIAN_POINT('Ctrl Pts',(-11.8749489588516,7.27388326115585,9.65188178762748));
#6040=CARTESIAN_POINT('Ctrl Pts',(-11.6110785939641,7.08217021919606,10.0124773035936));
#6041=CARTESIAN_POINT('Ctrl Pts',(-11.2444141088432,7.22251188107341,10.2492324487758));
#6042=CARTESIAN_POINT('',(-10.5717488975522,7.78402809036529,10.4859871519124));
#6043=CARTESIAN_POINT('Ctrl Pts',(-11.2444141088432,7.22251188107341,10.2492324487758));
#6044=CARTESIAN_POINT('Ctrl Pts',(-10.8777499471947,7.36285377796723,10.4859871519124));
#6045=CARTESIAN_POINT('Ctrl Pts',(-10.5717488975522,7.78402809036529,10.4859871519124));
#6046=CARTESIAN_POINT('',(-10.2424719186299,8.60717215879444,10.2455899939198));
#6047=CARTESIAN_POINT('Ctrl Pts',(-10.5717488975522,7.78402809036529,10.4859871519124));
#6048=CARTESIAN_POINT('Ctrl Pts',(-10.2686343594104,8.20122946052025,10.4859871519124));
#6049=CARTESIAN_POINT('Ctrl Pts',(-10.2424719186299,8.60717215879444,10.2455899939198));
#6050=CARTESIAN_POINT('',(-10.5104006607619,9.34819944548687,9.52439851994203));
#6051=CARTESIAN_POINT('Ctrl Pts',(-10.2424719186299,8.60717215879444,10.2455899939198));
#6052=CARTESIAN_POINT('Ctrl Pts',(-10.2163094778495,9.01311485706863,10.0051928359272));
#6053=CARTESIAN_POINT('Ctrl Pts',(-10.5104006607619,9.34819944548687,9.52439851994203));
#6054=CARTESIAN_POINT('',(-9.90548477082599,10.0014336477482,9.64095442305962));
#6055=CARTESIAN_POINT('',(-10.8325754520028,9.0002905936178,9.46232150331947));
#6056=CARTESIAN_POINT('',(-9.59087188798022,8.86224457339916,10.6626426760622));
#6057=CARTESIAN_POINT('Ctrl Pts',(-9.90548477082599,10.0014336477482,9.64095442305962));
#6058=CARTESIAN_POINT('Ctrl Pts',(-9.51831910309977,9.51980761742942,10.3002254906226));
#6059=CARTESIAN_POINT('Ctrl Pts',(-9.59087188798022,8.86224457339916,10.6626426760622));
#6060=CARTESIAN_POINT('',(-10.1657287978232,7.51331989338971,11.0250594194564));
#6061=CARTESIAN_POINT('Ctrl Pts',(-9.59087188798022,8.86224457339916,10.6626426760622));
#6062=CARTESIAN_POINT('Ctrl Pts',(-9.66342464598579,8.20468224659708,11.0250594194564));
#6063=CARTESIAN_POINT('Ctrl Pts',(-10.1657287978232,7.51331989338971,11.0250594194564));
#6064=CARTESIAN_POINT('',(-10.9409781496347,6.73494040564316,10.8374769727841));
#6065=CARTESIAN_POINT('Ctrl Pts',(-10.1657287978232,7.51331989338971,11.0250594194564));
#6066=CARTESIAN_POINT('Ctrl Pts',(-10.5121452126439,7.03651860304787,11.0250594194564));
#6067=CARTESIAN_POINT('Ctrl Pts',(-10.9409781496347,6.73494040564316,10.8374769727841));
#6068=CARTESIAN_POINT('',(-11.7614726003544,6.39313624731256,10.3257222325688));
#6069=CARTESIAN_POINT('Ctrl Pts',(-10.9409781496347,6.73494040564316,10.8374769727841));
#6070=CARTESIAN_POINT('Ctrl Pts',(-11.369811410098,6.43336244325491,10.6498940840664));
#6071=CARTESIAN_POINT('Ctrl Pts',(-11.7614726003544,6.39313624731256,10.3257222325688));
#6072=CARTESIAN_POINT('',(-12.4196688675707,6.54656059348311,9.63731241024916));
#6073=CARTESIAN_POINT('Ctrl Pts',(-11.7614726003544,6.39313624731256,10.3257222325688));
#6074=CARTESIAN_POINT('Ctrl Pts',(-12.1531330899163,6.35291101579362,10.0015503810713));
#6075=CARTESIAN_POINT('Ctrl Pts',(-12.4196688675707,6.54656059348311,9.63731241024916));
#6076=CARTESIAN_POINT('',(-12.7335494447587,7.08421428432039,9.00718053948829));
#6077=CARTESIAN_POINT('Ctrl Pts',(-12.4196688675707,6.54656059348311,9.63731241024916));
#6078=CARTESIAN_POINT('Ctrl Pts',(-12.6728782283357,6.73052796255706,9.29128582961586));
#6079=CARTESIAN_POINT('Ctrl Pts',(-12.7335494447587,7.08421428432039,9.00718053948829));
#6080=CARTESIAN_POINT('',(-12.6281464276791,7.92431553406694,8.55552497825976));
#6081=CARTESIAN_POINT('Ctrl Pts',(-12.7335494447587,7.08421428432039,9.00718053948829));
#6082=CARTESIAN_POINT('Ctrl Pts',(-12.7942206074319,7.43790204054008,8.72307436526974));
#6083=CARTESIAN_POINT('Ctrl Pts',(-12.6281464276791,7.92431553406694,8.55552497825976));
#6084=CARTESIAN_POINT('',(-13.5431180292034,7.36279418741301,8.10204818960326));
#6085=CARTESIAN_POINT('Ctrl Pts',(-12.6281464276791,7.92431553406694,8.55552497825976));
#6086=CARTESIAN_POINT('Ctrl Pts',(-13.0833912024569,7.46587562539254,8.44625398485408));
#6087=CARTESIAN_POINT('Ctrl Pts',(-13.5431180292034,7.36279418741301,8.10204818960326));
#6088=CARTESIAN_POINT('',(-14.3813250585603,7.53469471262192,7.24062529798969));
#6089=CARTESIAN_POINT('Ctrl Pts',(-13.5431180292034,7.36279418741301,8.10204818960326));
#6090=CARTESIAN_POINT('Ctrl Pts',(-14.0028442090049,7.25971227940054,7.75784327844343));
#6091=CARTESIAN_POINT('Ctrl Pts',(-14.3813250585603,7.53469471262192,7.24062529798969));
#6092=CARTESIAN_POINT('Ctrl Pts',(-14.3813250585603,7.53469471262192,7.24062529798969));
#6093=CARTESIAN_POINT('Ctrl Pts',(-14.8930739586792,7.90650205219627,6.54128811110215));
#6094=CARTESIAN_POINT('Ctrl Pts',(-14.8447471962685,8.72129225233918,6.05503011283305));
#6095=CARTESIAN_POINT('Origin',(3.8433417806992,-11.8285897250659,11.2496573368111));
#6096=CARTESIAN_POINT('',(5.17738558826904,-15.1317383732004,7.32075753663873));
#6097=CARTESIAN_POINT('',(4.39366394393162,-16.025512807327,6.64873876117086));
#6098=CARTESIAN_POINT('Ctrl Pts',(5.17738558826904,-15.1317383732004,7.32075753663873));
#6099=CARTESIAN_POINT('Ctrl Pts',(4.55915055605262,-15.8037335601956,6.82539428532072));
#6100=CARTESIAN_POINT('Ctrl Pts',(4.39366394393162,-16.025512807327,6.64873876117086));
#6101=CARTESIAN_POINT('',(4.13793415019362,-16.4463553192177,6.29360648544316));
#6102=CARTESIAN_POINT('Ctrl Pts',(4.39366394393162,-16.025512807327,6.64873876117086));
#6103=CARTESIAN_POINT('Ctrl Pts',(4.22817676493677,-16.2472922386469,6.472083237021));
#6104=CARTESIAN_POINT('Ctrl Pts',(4.13793415019362,-16.4463553192177,6.29360648544316));
#6105=CARTESIAN_POINT('',(7.49634544409441,-15.3551413416741,6.29360648544316));
#6106=CARTESIAN_POINT('',(4.68326712823784,-16.2691658936289,6.29360648544316));
#6107=CARTESIAN_POINT('',(7.672472779893,-15.8972055434562,5.6634741726368));
#6108=CARTESIAN_POINT('',(6.80371628130297,-13.223447970187,8.77163191112712));
#6109=CARTESIAN_POINT('',(3.14632514691399,-17.3678400576095,5.6634741726368));
#6110=CARTESIAN_POINT('',(6.53860011098683,-16.2656231066392,5.6634741726368));
#6111=CARTESIAN_POINT('',(3.11715506757173,-16.9443038458681,6.11877218872128));
#6112=CARTESIAN_POINT('Ctrl Pts',(3.14632514691399,-17.3678400576095,5.6634741726368));
#6113=CARTESIAN_POINT('Ctrl Pts',(3.07080799089417,-17.1672095454102,5.90022931781893));
#6114=CARTESIAN_POINT('Ctrl Pts',(3.11715506757173,-16.9443038458681,6.11877218872128));
#6115=CARTESIAN_POINT('',(3.47213706274062,-16.1534614738512,6.82903674017668));
#6116=CARTESIAN_POINT('Ctrl Pts',(3.11715506757173,-16.9443038458681,6.11877218872128));
#6117=CARTESIAN_POINT('Ctrl Pts',(3.18919078098567,-16.577951728943,6.47936726264193));
#6118=CARTESIAN_POINT('Ctrl Pts',(3.47213706274062,-16.1534614738512,6.82903674017668));
#6119=CARTESIAN_POINT('',(4.34613272343418,-15.1004509902312,7.63764492046989));
#6120=CARTESIAN_POINT('Ctrl Pts',(3.47213706274062,-16.1534614738512,6.82903674017668));
#6121=CARTESIAN_POINT('Ctrl Pts',(3.75508415848037,-15.7289717951002,7.17870533362044));
#6122=CARTESIAN_POINT('Ctrl Pts',(4.34613272343418,-15.1004509902312,7.63764492046989));
#6123=CARTESIAN_POINT('',(5.53873550380389,-13.6373446960894,8.7686041668782));
#6124=CARTESIAN_POINT('Ctrl Pts',(4.34613272343418,-15.1004509902312,7.63764492046989));
#6125=CARTESIAN_POINT('Ctrl Pts',(5.26294567527304,-14.1235944939953,8.35155192678124));
#6126=CARTESIAN_POINT('Ctrl Pts',(5.53873550380389,-13.6373446960894,8.7686041668782));
#6127=CARTESIAN_POINT('',(5.71068128320506,-12.8314957777741,9.55718017160014));
#6128=CARTESIAN_POINT('Ctrl Pts',(5.53873550380389,-13.6373446960894,8.7686041668782));
#6129=CARTESIAN_POINT('Ctrl Pts',(5.8145250852238,-13.1510941376543,9.18565729106614));
#6130=CARTESIAN_POINT('Ctrl Pts',(5.71068128320506,-12.8314957777741,9.55718017160014));
#6131=CARTESIAN_POINT('',(5.16959066366075,-12.3820348229186,10.2146300117352));
#6132=CARTESIAN_POINT('Ctrl Pts',(5.71068128320506,-12.8314957777741,9.55718017160014));
#6133=CARTESIAN_POINT('Ctrl Pts',(5.601747119327,-12.4962308950026,9.94691488436842));
#6134=CARTESIAN_POINT('Ctrl Pts',(5.16959066366075,-12.3820348229186,10.2146300117352));
#6135=CARTESIAN_POINT('',(4.16290881006697,-12.4545137890354,10.4823446970564));
#6136=CARTESIAN_POINT('Ctrl Pts',(5.16959066366075,-12.3820348229186,10.2146300117352));
#6137=CARTESIAN_POINT('Ctrl Pts',(4.73743489842384,-12.2678389469108,10.4823446970564));
#6138=CARTESIAN_POINT('Ctrl Pts',(4.16290881006697,-12.4545137890354,10.4823446970564));
#6139=CARTESIAN_POINT('',(3.27076160707458,-13.0145905951593,10.1982389648834));
#6140=CARTESIAN_POINT('Ctrl Pts',(4.16290881006697,-12.4545137890354,10.4823446970564));
#6141=CARTESIAN_POINT('Ctrl Pts',(3.55568543757225,-12.6518126227907,10.4823446970564));
#6142=CARTESIAN_POINT('Ctrl Pts',(3.27076160707458,-13.0145905951593,10.1982389648834));
#6143=CARTESIAN_POINT('',(3.12166129165821,-13.8112840616324,9.41148462963491));
#6144=CARTESIAN_POINT('Ctrl Pts',(3.27076160707458,-13.0145905951593,10.1982389648834));
#6145=CARTESIAN_POINT('Ctrl Pts',(2.98583777657692,-13.3773685675279,9.91413323271033));
#6146=CARTESIAN_POINT('Ctrl Pts',(3.12166129165821,-13.8112840616324,9.41148462963491));
#6147=CARTESIAN_POINT('',(2.23819288148062,-14.0325221822604,9.48068994576157));
#6148=CARTESIAN_POINT('',(3.62416380332877,-13.6854474046427,9.37212176756312));
#6149=CARTESIAN_POINT('',(2.58493487624949,-12.826931815527,10.6298614664497));
#6150=CARTESIAN_POINT('Ctrl Pts',(2.23819288148062,-14.0325221822604,9.48068994576157));
#6151=CARTESIAN_POINT('Ctrl Pts',(2.11619905680399,-13.3550893244599,10.2346630713974));
#6152=CARTESIAN_POINT('Ctrl Pts',(2.58493487624949,-12.826931815527,10.6298614664497));
#6153=CARTESIAN_POINT('',(4.02989890552811,-11.9815785331708,11.0250598615019));
#6154=CARTESIAN_POINT('Ctrl Pts',(2.58493487624949,-12.826931815527,10.6298614664497));
#6155=CARTESIAN_POINT('Ctrl Pts',(3.05367126256884,-12.2987741224056,11.0250598615019));
#6156=CARTESIAN_POINT('Ctrl Pts',(4.02989890552811,-11.9815785331708,11.0250598615019));
#6157=CARTESIAN_POINT('',(5.70911029605252,-11.8412708002612,10.5989010422195));
#6158=CARTESIAN_POINT('Ctrl Pts',(4.02989890552811,-11.9815785331708,11.0250598615019));
#6159=CARTESIAN_POINT('Ctrl Pts',(5.01546862966962,-11.6613475177558,11.0250598615019));
#6160=CARTESIAN_POINT('Ctrl Pts',(5.70911029605252,-11.8412708002612,10.5989010422195));
#6161=CARTESIAN_POINT('',(6.57887917467855,-12.563257904284,9.54261035217632));
#6162=CARTESIAN_POINT('Ctrl Pts',(5.70911029605252,-11.8412708002612,10.5989010422195));
#6163=CARTESIAN_POINT('Ctrl Pts',(6.40275196243542,-12.0211940827666,10.1727422229372));
#6164=CARTESIAN_POINT('Ctrl Pts',(6.57887917467855,-12.563257904284,9.54261035217632));
#6165=CARTESIAN_POINT('',(6.58685119313675,-13.1599586602913,8.91247848141545));
#6166=CARTESIAN_POINT('Ctrl Pts',(6.57887917467855,-12.563257904284,9.54261035217632));
#6167=CARTESIAN_POINT('Ctrl Pts',(6.66846986464681,-12.8389896958572,9.2220809555347));
#6168=CARTESIAN_POINT('Ctrl Pts',(6.58685119313675,-13.1599586602913,8.91247848141545));
#6169=CARTESIAN_POINT('',(6.21090885116034,-13.9021854158289,8.26049232356435));
#6170=CARTESIAN_POINT('Ctrl Pts',(6.58685119313675,-13.1599586602913,8.91247848141545));
#6171=CARTESIAN_POINT('Ctrl Pts',(6.50523478912211,-13.4809268879715,8.6028760072962));
#6172=CARTESIAN_POINT('Ctrl Pts',(6.21090885116034,-13.9021854158289,8.26049232356435));
#6173=CARTESIAN_POINT('Ctrl Pts',(6.21090885116034,-13.9021854158289,8.26049232356435));
#6174=CARTESIAN_POINT('Ctrl Pts',(5.91658486093109,-14.3234441516501,7.91810775574151));
#6175=CARTESIAN_POINT('Ctrl Pts',(5.17738558826904,-15.1317383732004,7.32075753663873));
#6176=CARTESIAN_POINT('Origin',(3.8433417800351,11.8285897252817,11.2496573368111));
#6177=CARTESIAN_POINT('',(4.13368750237702,12.6268214842023,10.3111528551905));
#6178=CARTESIAN_POINT('',(3.18679323892792,12.2555201702363,11.0250598615019));
#6179=CARTESIAN_POINT('Ctrl Pts',(4.13368750237702,12.6268214842023,10.3111528551905));
#6180=CARTESIAN_POINT('Ctrl Pts',(3.50304498125601,12.4818545845184,10.6790332808686));
#6181=CARTESIAN_POINT('Ctrl Pts',(3.18679323892792,12.2555201702363,11.0250598615019));
#6182=CARTESIAN_POINT('',(2.64496273407743,12.4315715732652,11.0250598615019));
#6183=CARTESIAN_POINT('',(3.54645596087697,12.1386586678855,11.0250598615019));
#6184=CARTESIAN_POINT('',(4.14357149239817,17.0438150778562,5.66347417263679));
#6185=CARTESIAN_POINT('',(2.61357428268197,12.3349678531388,11.1373585991565));
#6186=CARTESIAN_POINT('',(4.98434235947341,16.7706320631507,5.66347417263679));
#6187=CARTESIAN_POINT('',(4.77414946677247,16.8389278739909,5.66347417263679));
#6188=CARTESIAN_POINT('',(3.81660848106152,13.1767167294173,9.84128590377319));
#6189=CARTESIAN_POINT('',(4.20364952891758,14.3679065907288,8.45656575472393));
#6190=CARTESIAN_POINT('',(4.7392460296759,13.3064835820444,9.38963034254466));
#6191=CARTESIAN_POINT('Ctrl Pts',(3.81660848106152,13.1767167294173,9.84128590377319));
#6192=CARTESIAN_POINT('Ctrl Pts',(4.18334066745528,13.2723332011405,9.61545812315893));
#6193=CARTESIAN_POINT('Ctrl Pts',(4.7392460296759,13.3064835820444,9.38963034254466));
#6194=CARTESIAN_POINT('',(5.71907170043111,13.3102809758321,9.05088911366876));
#6195=CARTESIAN_POINT('Ctrl Pts',(4.7392460296759,13.3064835820444,9.38963034254466));
#6196=CARTESIAN_POINT('Ctrl Pts',(5.29515195877037,13.3406337787599,9.1638025619304));
#6197=CARTESIAN_POINT('Ctrl Pts',(5.71907170043111,13.3102809758321,9.05088911366876));
#6198=CARTESIAN_POINT('',(5.54192639113563,12.7650837736735,9.68466343928559));
#6199=CARTESIAN_POINT('',(5.41178449959781,12.3645482165525,10.1502732252399));
#6200=CARTESIAN_POINT('Ctrl Pts',(5.54192639113563,12.7650837736735,9.68466343928559));
#6201=CARTESIAN_POINT('Ctrl Pts',(4.76433002349804,12.7717883838862,9.94327242951246));
#6202=CARTESIAN_POINT('Ctrl Pts',(4.13368750237702,12.6268214842023,10.3111528551905));
#6203=CARTESIAN_POINT('Origin',(12.4373152620332,3.49138372486781E-10,11.2496573368111));
#6204=CARTESIAN_POINT('',(17.2874495700993,1.30886733836185,5.88748072582308));
#6205=CARTESIAN_POINT('',(17.5724295857815,-5.92996113787893E-7,5.5724145694199));
#6206=CARTESIAN_POINT('Ctrl Pts',(17.2874495700993,1.30886733836185,5.88748072582308));
#6207=CARTESIAN_POINT('Ctrl Pts',(17.5724295857593,0.790722969244487,5.5724145694199));
#6208=CARTESIAN_POINT('Ctrl Pts',(17.5724295857815,-5.92996113787893E-7,
5.5724145694199));
#6209=CARTESIAN_POINT('',(17.0716560135937,-1.63547098333,6.1260562143422));
#6210=CARTESIAN_POINT('Ctrl Pts',(17.5724295857815,-5.92996113787893E-7,
5.5724145694199));
#6211=CARTESIAN_POINT('Ctrl Pts',(17.5724295858107,-1.04120075397634,5.5724145694199));
#6212=CARTESIAN_POINT('Ctrl Pts',(17.0716560135937,-1.63547098333,6.1260562143422));
#6213=CARTESIAN_POINT('',(15.1080949020901,-2.34761297404674,8.2969159880329));
#6214=CARTESIAN_POINT('Ctrl Pts',(17.0716560135937,-1.63547098333,6.1260562143422));
#6215=CARTESIAN_POINT('Ctrl Pts',(16.468750468312,-2.34761297400854,6.79261219161713));
#6216=CARTESIAN_POINT('Ctrl Pts',(15.1080949020901,-2.34761297404674,8.2969159880329));
#6217=CARTESIAN_POINT('',(13.7293196630054,-2.08485722247564,9.82125240206545));
#6218=CARTESIAN_POINT('Ctrl Pts',(15.1080949020901,-2.34761297404674,8.2969159880329));
#6219=CARTESIAN_POINT('Ctrl Pts',(14.2515083391376,-2.34761297407078,9.24393480057944));
#6220=CARTESIAN_POINT('Ctrl Pts',(13.7293196630054,-2.08485722247564,9.82125240206545));
#6221=CARTESIAN_POINT('',(12.9237982868972,-1.30395710176308,10.7118149325267));
#6222=CARTESIAN_POINT('Ctrl Pts',(13.7293196630054,-2.08485722247564,9.82125240206545));
#6223=CARTESIAN_POINT('Ctrl Pts',(13.2071309868733,-1.8221014708805,10.3985700035515));
#6224=CARTESIAN_POINT('Ctrl Pts',(12.9237982868972,-1.30395710176308,10.7118149325267));
#6225=CARTESIAN_POINT('',(12.640465986733,-5.93134563100133E-7,11.0250594194564));
#6226=CARTESIAN_POINT('Ctrl Pts',(12.9237982868972,-1.30395710176308,10.7118149325267));
#6227=CARTESIAN_POINT('Ctrl Pts',(12.640465986755,-0.785812136599224,11.0250594194564));
#6228=CARTESIAN_POINT('Ctrl Pts',(12.640465986733,-5.93134563100133E-7,
11.0250594194564));
#6229=CARTESIAN_POINT('',(12.7969577780067,1.01664364629549,10.8520463501625));
#6230=CARTESIAN_POINT('Ctrl Pts',(12.640465986733,-5.93134563100133E-7,
11.0250594194564));
#6231=CARTESIAN_POINT('Ctrl Pts',(12.6404659867167,0.579535964063008,11.0250594194564));
#6232=CARTESIAN_POINT('Ctrl Pts',(12.7969577780067,1.01664364629549,10.8520463501625));
#6233=CARTESIAN_POINT('',(13.2483130792038,1.73860848242876,10.353040201943));
#6234=CARTESIAN_POINT('Ctrl Pts',(12.7969577780067,1.01664364629549,10.8520463501625));
#6235=CARTESIAN_POINT('Ctrl Pts',(12.9534495692967,1.45375192457442,10.6790332808686));
#6236=CARTESIAN_POINT('Ctrl Pts',(13.2483130792038,1.73860848242876,10.353040201943));
#6237=CARTESIAN_POINT('',(13.9665283233648,2.18553841408955,9.55900095698262));
#6238=CARTESIAN_POINT('Ctrl Pts',(13.2483130792038,1.73860848242876,10.353040201943));
#6239=CARTESIAN_POINT('Ctrl Pts',(13.543176589111,2.02346504028311,10.0270471230175));
#6240=CARTESIAN_POINT('Ctrl Pts',(13.9665283233648,2.18553841408955,9.55900095698262));
#6241=CARTESIAN_POINT('',(15.1080949019583,2.34761298000905,8.2969159880329));
#6242=CARTESIAN_POINT('Ctrl Pts',(13.9665283233648,2.18553841408955,9.55900095698262));
#6243=CARTESIAN_POINT('Ctrl Pts',(14.3898796577848,2.34761297998889,9.09095523299329));
#6244=CARTESIAN_POINT('Ctrl Pts',(15.1080949019583,2.34761298000905,8.2969159880329));
#6245=CARTESIAN_POINT('',(16.4802808783072,2.08731234375606,6.77986448371227));
#6246=CARTESIAN_POINT('Ctrl Pts',(15.1080949019583,2.34761298000905,8.2969159880329));
#6247=CARTESIAN_POINT('Ctrl Pts',(15.9580922021751,2.34761298003291,7.35718208519828));
#6248=CARTESIAN_POINT('Ctrl Pts',(16.4802808783072,2.08731234375606,6.77986448371227));
#6249=CARTESIAN_POINT('Ctrl Pts',(16.4802808783072,2.08731234375606,6.77986448371227));
#6250=CARTESIAN_POINT('Ctrl Pts',(17.0024695544392,1.82701170747922,6.20254688222626));
#6251=CARTESIAN_POINT('Ctrl Pts',(17.2874495700993,1.30886733836185,5.88748072582308));
#6252=CARTESIAN_POINT('Origin',(-12.4373152620332,3.49143812134864E-10,
-11.2496573368111));
#6253=CARTESIAN_POINT('',(-13.0012198209138,1.71896300906082,-10.6262197895938));
#6254=CARTESIAN_POINT('',(-14.0571283829325,2.37216911909107,-9.45883599462591));
#6255=CARTESIAN_POINT('Ctrl Pts',(-13.0012198209138,1.71896300906082,-10.6262197895938));
#6256=CARTESIAN_POINT('Ctrl Pts',(-13.4245719549878,2.37216911907331,-10.1581731815134));
#6257=CARTESIAN_POINT('Ctrl Pts',(-14.0571283829325,2.37216911909107,-9.45883599462591));
#6258=CARTESIAN_POINT('',(-14.8461766021895,2.01609812378241,-8.58648573844447));
#6259=CARTESIAN_POINT('Ctrl Pts',(-14.0571283829325,2.37216911909107,-9.45883599462591));
#6260=CARTESIAN_POINT('Ctrl Pts',(-14.5282510725232,2.37216911910429,-8.93797555931621));
#6261=CARTESIAN_POINT('Ctrl Pts',(-14.8461766021895,2.01609812378241,-8.58648573844447));
#6262=CARTESIAN_POINT('',(-15.279411830746,1.00190959573366,-8.10751264988727));
#6263=CARTESIAN_POINT('Ctrl Pts',(-14.8461766021895,2.01609812378241,-8.58648573844447));
#6264=CARTESIAN_POINT('Ctrl Pts',(-15.1641021318558,1.66002712846052,-8.23499591757273));
#6265=CARTESIAN_POINT('Ctrl Pts',(-15.279411830746,1.00190959573366,-8.10751264988727));
#6266=CARTESIAN_POINT('',(-15.664875704085,1.81718907953964,-7.68135427265043));
#6267=CARTESIAN_POINT('Ctrl Pts',(-15.279411830746,1.00190959573366,-8.10751264988727));
#6268=CARTESIAN_POINT('Ctrl Pts',(-15.4144889179756,1.55197821260451,-7.95817509511158));
#6269=CARTESIAN_POINT('Ctrl Pts',(-15.664875704085,1.81718907953964,-7.68135427265043));
#6270=CARTESIAN_POINT('',(-16.2644866180115,2.08240113857747,-7.01844075023146));
#6271=CARTESIAN_POINT('Ctrl Pts',(-15.664875704085,1.81718907953964,-7.68135427265043));
#6272=CARTESIAN_POINT('Ctrl Pts',(-15.9152628900283,2.08240113856767,-7.40453300814378));
#6273=CARTESIAN_POINT('Ctrl Pts',(-16.2644866180115,2.08240113857747,-7.01844075023146));
#6274=CARTESIAN_POINT('',(-17.1507248632906,1.51759825354681,-6.03863984398133));
#6275=CARTESIAN_POINT('Ctrl Pts',(-16.2644866180115,2.08240113857747,-7.01844075023146));
#6276=CARTESIAN_POINT('Ctrl Pts',(-16.791617241188,2.08240113859227,-6.43565946646152));
#6277=CARTESIAN_POINT('Ctrl Pts',(-17.1507248632906,1.51759825354681,-6.03863984398133));
#6278=CARTESIAN_POINT('',(-17.5098320855857,0.0147338927475645,-5.64162066354663));
#6279=CARTESIAN_POINT('Ctrl Pts',(-17.1507248632906,1.51759825354681,-6.03863984398133));
#6280=CARTESIAN_POINT('Ctrl Pts',(-17.5098320855594,0.952796560594244,-5.64162066354663));
#6281=CARTESIAN_POINT('Ctrl Pts',(-17.5098320855857,0.0147338927475645,
-5.64162066354663));
#6282=CARTESIAN_POINT('',(-17.1424882849558,-1.50286473626055,-6.04774598112121));
#6283=CARTESIAN_POINT('Ctrl Pts',(-17.5098320855857,0.0147338927475645,
-5.64162066354663));
#6284=CARTESIAN_POINT('Ctrl Pts',(-17.5098320856122,-0.928240793875055,
-5.64162066354663));
#6285=CARTESIAN_POINT('Ctrl Pts',(-17.1424882849558,-1.50286473626055,-6.04774598112121));
#6286=CARTESIAN_POINT('',(-16.2480138611228,-2.07749046680019,-7.03665258246574));
#6287=CARTESIAN_POINT('Ctrl Pts',(-17.1424882849558,-1.50286473626055,-6.04774598112121));
#6288=CARTESIAN_POINT('Ctrl Pts',(-16.7751440844655,-2.07749046678539,-6.45387174074129));
#6289=CARTESIAN_POINT('Ctrl Pts',(-16.2480138611228,-2.07749046680019,-7.03665258246574));
#6290=CARTESIAN_POINT('',(-15.663228388503,-1.81473531125325,-7.6831755000784));
#6291=CARTESIAN_POINT('Ctrl Pts',(-16.2480138611228,-2.07749046680019,-7.03665258246574));
#6292=CARTESIAN_POINT('Ctrl Pts',(-15.9119682587772,-2.07749046680962,-7.40817546299974));
#6293=CARTESIAN_POINT('Ctrl Pts',(-15.663228388503,-1.81473531125325,-7.6831755000784));
#6294=CARTESIAN_POINT('',(-15.2794118308027,-1.01664461492918,-8.10751264988727));
#6295=CARTESIAN_POINT('Ctrl Pts',(-15.663228388503,-1.81473531125325,-7.6831755000784));
#6296=CARTESIAN_POINT('Ctrl Pts',(-15.4144889180628,-1.55197896360398,-7.95817509511158));
#6297=CARTESIAN_POINT('Ctrl Pts',(-15.2794118308027,-1.01664461492918,-8.10751264988727));
#6298=CARTESIAN_POINT('',(-14.8115837726082,-2.02592172027374,-8.62473063034101));
#6299=CARTESIAN_POINT('Ctrl Pts',(-15.2794118308027,-1.01664461492918,-8.10751264988727));
#6300=CARTESIAN_POINT('Ctrl Pts',(-15.1344512493066,-1.67967357039285,-8.26777712718533));
#6301=CARTESIAN_POINT('Ctrl Pts',(-14.8115837726082,-2.02592172027374,-8.62473063034101));
#6302=CARTESIAN_POINT('',(-14.0406552262264,-2.3721698701672,-9.47704826890568));
#6303=CARTESIAN_POINT('Ctrl Pts',(-14.8115837726082,-2.02592172027374,-8.62473063034101));
#6304=CARTESIAN_POINT('Ctrl Pts',(-14.4887162959098,-2.37216987015463,-8.98168413349669));
#6305=CARTESIAN_POINT('Ctrl Pts',(-14.0406552262264,-2.3721698701672,-9.47704826890568));
#6306=CARTESIAN_POINT('',(-12.9995725053264,-1.71896376019582,-10.6280410170217));
#6307=CARTESIAN_POINT('Ctrl Pts',(-14.0406552262264,-2.3721698701672,-9.47704826890568));
#6308=CARTESIAN_POINT('Ctrl Pts',(-13.4212773237531,-2.37216987018459,-10.1618156363694));
#6309=CARTESIAN_POINT('Ctrl Pts',(-12.9995725053264,-1.71896376019582,-10.6280410170217));
#6310=CARTESIAN_POINT('',(-12.5778684865376,-3.75579363483309E-7,-11.0942655135831));
#6311=CARTESIAN_POINT('Ctrl Pts',(-12.9995725053264,-1.71896376019582,-10.6280410170217));
#6312=CARTESIAN_POINT('Ctrl Pts',(-12.5778684865675,-1.06575765020705,-11.0942655135831));
#6313=CARTESIAN_POINT('Ctrl Pts',(-12.5778684865376,-3.75579363483309E-7,
-11.0942655135831));
#6314=CARTESIAN_POINT('Ctrl Pts',(-12.5778684865376,-3.75579363483309E-7,
-11.0942655135831));
#6315=CARTESIAN_POINT('Ctrl Pts',(-12.5778684865077,1.06575689904832,-11.0942655135831));
#6316=CARTESIAN_POINT('Ctrl Pts',(-13.0012198209138,1.71896300906082,-10.6262197895938));
#6317=CARTESIAN_POINT('Origin',(-3.8433417800351,11.8285897252817,-11.2496573368111));
#6318=CARTESIAN_POINT('',(-8.22405317222359,15.0598046423432,-6.3555272278125));
#6319=CARTESIAN_POINT('',(-9.17094800254656,15.4311057721207,-5.64162022150115));
#6320=CARTESIAN_POINT('Ctrl Pts',(-8.22405317222359,15.0598046423432,-6.3555272278125));
#6321=CARTESIAN_POINT('Ctrl Pts',(-8.85469626021847,15.2047713578386,-5.98764680213445));
#6322=CARTESIAN_POINT('Ctrl Pts',(-9.17094800254656,15.4311057721207,-5.64162022150115));
#6323=CARTESIAN_POINT('',(-9.71277737364932,15.2550547374687,-5.64162022150115));
#6324=CARTESIAN_POINT('',(-7.29089190436619,16.0419730283839,-5.64162022150114));
#6325=CARTESIAN_POINT('',(-8.21416861532859,10.6428112328778,-11.0032059103662));
#6326=CARTESIAN_POINT('',(-8.92903036057396,12.842929457786,-8.44563877915611));
#6327=CARTESIAN_POINT('',(-7.37339831512721,10.9159940633948,-11.0032059103662));
#6328=CARTESIAN_POINT('',(-6.06319783159684,11.341704006467,-11.0032059103662));
#6329=CARTESIAN_POINT('',(-8.5411321935391,14.5099093971282,-6.82539417922981));
#6330=CARTESIAN_POINT('',(-7.33895568121221,10.8099905360075,-11.1264316235886));
#6331=CARTESIAN_POINT('',(-7.61849407805086,14.3801427286896,-7.27704974045834));
#6332=CARTESIAN_POINT('Ctrl Pts',(-8.5411321935391,14.5099093971282,-6.82539417922981));
#6333=CARTESIAN_POINT('Ctrl Pts',(-8.17440057401919,14.4142927412166,-7.05122195984407));
#6334=CARTESIAN_POINT('Ctrl Pts',(-7.61849407805086,14.3801427286896,-7.27704974045834));
#6335=CARTESIAN_POINT('',(-6.63866897416951,14.3763451507134,-7.61579096933424));
#6336=CARTESIAN_POINT('Ctrl Pts',(-7.61849407805086,14.3801427286896,-7.27704974045834));
#6337=CARTESIAN_POINT('Ctrl Pts',(-7.06258871583025,14.3459923477856,-7.5028775210726));
#6338=CARTESIAN_POINT('Ctrl Pts',(-6.63866897416951,14.3763451507134,-7.61579096933424));
#6339=CARTESIAN_POINT('',(-6.81581428346498,14.921542352872,-6.98201664371741));
#6340=CARTESIAN_POINT('',(-6.13082071053197,12.8133489101838,-9.43272415307266));
#6341=CARTESIAN_POINT('Ctrl Pts',(-6.81581428346498,14.921542352872,-6.98201664371741));
#6342=CARTESIAN_POINT('Ctrl Pts',(-7.59341121797643,14.9148375584708,-6.72340765349054));
#6343=CARTESIAN_POINT('Ctrl Pts',(-8.22405317222359,15.0598046423432,-6.3555272278125));
#6344=CARTESIAN_POINT('',(-2.5771373972906,14.0505638464048,-9.34592254636428));
#6345=CARTESIAN_POINT('',(-1.41774583690645,13.7881451645024,-10.0179413218322));
#6346=CARTESIAN_POINT('Ctrl Pts',(-2.5771373972906,14.0505638464048,-9.34592254636428));
#6347=CARTESIAN_POINT('Ctrl Pts',(-1.68198588918225,13.8702977543748,-9.84128579768229));
#6348=CARTESIAN_POINT('Ctrl Pts',(-1.41774583690645,13.7881451645024,-10.0179413218322));
#6349=CARTESIAN_POINT('',(-0.963491065777323,13.5979906217584,-10.3730735975598));
#6350=CARTESIAN_POINT('Ctrl Pts',(-1.41774583690645,13.7881451645024,-10.0179413218322));
#6351=CARTESIAN_POINT('Ctrl Pts',(-1.15350521775679,13.7059927588184,-10.194596845982));
#6352=CARTESIAN_POINT('Ctrl Pts',(-0.963491065777323,13.5979906217584,-10.3730735975598));
#6353=CARTESIAN_POINT('',(-4.32190179286552,12.5067768285918,-10.3730735975598));
#6354=CARTESIAN_POINT('',(-2.52592272470529,13.0903258018033,-10.3730735975598));
#6355=CARTESIAN_POINT('',(-4.14577445709735,11.9647126267998,-11.0032059103662));
#6356=CARTESIAN_POINT('',(-4.19939549106644,12.1297412003085,-10.8113654671855));
#6357=CARTESIAN_POINT('',(0.380372892527295,13.4353470486047,-11.0032059103662));
#6358=CARTESIAN_POINT('',(-4.02900075248122,12.002654703428,-11.0032059103662));
#6359=CARTESIAN_POINT('',(0.15502335993209,13.7951406919881,-10.5479078942817));
#6360=CARTESIAN_POINT('Ctrl Pts',(0.380372892527295,13.4353470486047,-11.0032059103662));
#6361=CARTESIAN_POINT('Ctrl Pts',(0.323539615446634,13.6420483210734,-10.7664507651841));
#6362=CARTESIAN_POINT('Ctrl Pts',(0.15502335993209,13.7951406919881,-10.5479078942817));
#6363=CARTESIAN_POINT('',(-0.597008873453111,14.2262923371376,-9.83764334282634));
#6364=CARTESIAN_POINT('Ctrl Pts',(0.15502335993209,13.7951406919881,-10.5479078942817));
#6365=CARTESIAN_POINT('Ctrl Pts',(-0.11859112789637,14.0491842505226,-10.1873128203611));
#6366=CARTESIAN_POINT('Ctrl Pts',(-0.597008873453111,14.2262923371376,-9.83764334282634));
#6367=CARTESIAN_POINT('',(-1.92302996530844,14.5644740458122,-9.02903516253312));
#6368=CARTESIAN_POINT('Ctrl Pts',(-0.597008873453111,14.2262923371376,-9.83764334282634));
#6369=CARTESIAN_POINT('Ctrl Pts',(-1.07542637189891,14.4033996632234,-9.48797474938257));
#6370=CARTESIAN_POINT('Ctrl Pts',(-1.92302996530844,14.5644740458122,-9.02903516253312));
#6371=CARTESIAN_POINT('',(-3.74785818439916,15.0471575762055,-7.89807591612481));
#6372=CARTESIAN_POINT('Ctrl Pts',(-1.92302996530844,14.5644740458122,-9.02903516253312));
#6373=CARTESIAN_POINT('Ctrl Pts',(-3.23892906610269,14.8158784201309,-8.31512815622177));
#6374=CARTESIAN_POINT('Ctrl Pts',(-3.74785818439916,15.0471575762055,-7.89807591612481));
#6375=CARTESIAN_POINT('',(-4.36063135180738,15.5980358526953,-7.10949991140287));
#6376=CARTESIAN_POINT('Ctrl Pts',(-3.74785818439916,15.0471575762055,-7.89807591612481));
#6377=CARTESIAN_POINT('Ctrl Pts',(-4.25678754980658,15.2784374928093,-7.48102279193687));
#6378=CARTESIAN_POINT('Ctrl Pts',(-4.36063135180738,15.5980358526953,-7.10949991140287));
#6379=CARTESIAN_POINT('',(-4.18706636584448,16.2797024898033,-6.45205007126783));
#6380=CARTESIAN_POINT('Ctrl Pts',(-4.36063135180738,15.5980358526953,-7.10949991140287));
#6381=CARTESIAN_POINT('Ctrl Pts',(-4.46956551566661,15.9333007354729,-6.71976519863459));
#6382=CARTESIAN_POINT('Ctrl Pts',(-4.18706636584448,16.2797024898033,-6.45205007126783));
#6383=CARTESIAN_POINT('',(-3.33004157097339,16.812778521773,-6.18433538594657));
#6384=CARTESIAN_POINT('Ctrl Pts',(-4.18706636584448,16.2797024898033,-6.45205007126783));
#6385=CARTESIAN_POINT('Ctrl Pts',(-3.90456765934074,16.6261036796806,-6.18433538594657));
#6386=CARTESIAN_POINT('Ctrl Pts',(-3.33004157097339,16.812778521773,-6.18433538594657));
#6387=CARTESIAN_POINT('',(-2.27907443547776,16.8840578362564,-6.46844111811963));
#6388=CARTESIAN_POINT('Ctrl Pts',(-3.33004157097339,16.812778521773,-6.18433538594657));
#6389=CARTESIAN_POINT('Ctrl Pts',(-2.72281819846759,17.0100773554943,-6.18433538594657));
#6390=CARTESIAN_POINT('Ctrl Pts',(-2.27907443547776,16.8840578362564,-6.46844111811963));
#6391=CARTESIAN_POINT('',(-1.69016507624858,16.3271582490861,-7.2551954533681));
#6392=CARTESIAN_POINT('Ctrl Pts',(-2.27907443547776,16.8840578362564,-6.46844111811963));
#6393=CARTESIAN_POINT('Ctrl Pts',(-1.83533067248792,16.7580383170185,-6.75254685029269));
#6394=CARTESIAN_POINT('Ctrl Pts',(-1.69016507624858,16.3271582490861,-7.2551954533681));
#6395=CARTESIAN_POINT('',(-0.845383613871474,16.6674625520631,-7.18599013724144));
#6396=CARTESIAN_POINT('',(-3.52619128487091,15.5875496674598,-7.40560449978231));
#6397=CARTESIAN_POINT('',(-1.83453201817472,17.4389958161296,-6.03681861655336));
#6398=CARTESIAN_POINT('Ctrl Pts',(-0.845383613871474,16.6674625520631,-7.18599013724144));
#6399=CARTESIAN_POINT('Ctrl Pts',(-1.14487357973276,17.2872234175874,-6.43201701160557));
#6400=CARTESIAN_POINT('Ctrl Pts',(-1.83453201817472,17.4389958161296,-6.03681861655336));
#6401=CARTESIAN_POINT('',(-3.50041866646763,17.2735724413033,-5.64162022150115));
#6402=CARTESIAN_POINT('Ctrl Pts',(-1.83453201817472,17.4389958161296,-6.03681861655336));
#6403=CARTESIAN_POINT('Ctrl Pts',(-2.52419102349055,17.5907680304832,-5.64162022150115));
#6404=CARTESIAN_POINT('Ctrl Pts',(-3.50041866646763,17.2735724413033,-5.64162022150115));
#6405=CARTESIAN_POINT('',(-4.94140003473674,16.4000680908376,-6.06777904078348));
#6406=CARTESIAN_POINT('Ctrl Pts',(-3.50041866646763,17.2735724413033,-5.64162022150115));
#6407=CARTESIAN_POINT('Ctrl Pts',(-4.48598839062712,16.9533414259436,-5.64162022150115));
#6408=CARTESIAN_POINT('Ctrl Pts',(-4.94140003473674,16.4000680908376,-6.06777904078348));
#6409=CARTESIAN_POINT('',(-5.22068389975981,15.3047311183927,-7.12406973082669));
#6410=CARTESIAN_POINT('Ctrl Pts',(-4.94140003473674,16.4000680908376,-6.06777904078348));
#6411=CARTESIAN_POINT('Ctrl Pts',(-5.3968111119725,15.8467949399201,-6.49393786006582));
#6412=CARTESIAN_POINT('Ctrl Pts',(-5.22068389975981,15.3047311183927,-7.12406973082669));
#6413=CARTESIAN_POINT('',(-4.87640262750684,14.8173038629688,-7.75420160158756));
#6414=CARTESIAN_POINT('Ctrl Pts',(-5.22068389975981,15.3047311183927,-7.12406973082669));
#6415=CARTESIAN_POINT('Ctrl Pts',(-5.13109320980702,15.0289993268145,-7.44459912746831));
#6416=CARTESIAN_POINT('Ctrl Pts',(-4.87640262750684,14.8173038629688,-7.75420160158756));
#6417=CARTESIAN_POINT('',(-4.13598894318093,14.4378031683851,-8.40618775943867));
#6418=CARTESIAN_POINT('Ctrl Pts',(-4.87640262750684,14.8173038629688,-7.75420160158756));
#6419=CARTESIAN_POINT('Ctrl Pts',(-4.62171204520665,14.605608399123,-8.06380407570681));
#6420=CARTESIAN_POINT('Ctrl Pts',(-4.13598894318093,14.4378031683851,-8.40618775943867));
#6421=CARTESIAN_POINT('Ctrl Pts',(-4.13598894318093,14.4378031683851,-8.40618775943867));
#6422=CARTESIAN_POINT('Ctrl Pts',(-3.65026559404427,14.2699971771179,-8.74857232726151));
#6423=CARTESIAN_POINT('Ctrl Pts',(-2.5771373972906,14.0505638464048,-9.34592254636428));
#6424=CARTESIAN_POINT('Origin',(-3.84334178069921,-11.8285897250659,-11.2496573368111));
#6425=CARTESIAN_POINT('',(-0.0934045537903549,-13.6537992533414,-10.6116499701699));
#6426=CARTESIAN_POINT('',(-1.61100566826115,-12.6982419223149,-11.0979079684391));
#6427=CARTESIAN_POINT('Ctrl Pts',(-0.0934045537903549,-13.6537992533414,
-10.6116499701699));
#6428=CARTESIAN_POINT('Ctrl Pts',(-0.611423389220139,-13.0230258928117,
-11.0979079684391));
#6429=CARTESIAN_POINT('Ctrl Pts',(-1.61100566826115,-12.6982419223149,-11.0979079684391));
#6430=CARTESIAN_POINT('',(-3.22512364081656,-12.5721563825585,-10.6790336168231));
#6431=CARTESIAN_POINT('Ctrl Pts',(-1.61100566826115,-12.6982419223149,-11.0979079684391));
#6432=CARTESIAN_POINT('Ctrl Pts',(-2.51249836238406,-12.4053291899563,-11.0979079684391));
#6433=CARTESIAN_POINT('Ctrl Pts',(-3.22512364081656,-12.5721563825585,-10.6790336168231));
#6434=CARTESIAN_POINT('',(-4.20813262792624,-13.2850621475164,-9.59360417202328));
#6435=CARTESIAN_POINT('Ctrl Pts',(-3.22512364081656,-12.5721563825585,-10.6790336168231));
#6436=CARTESIAN_POINT('Ctrl Pts',(-3.9377475383904,-12.7389831830084,-10.2601601492982));
#6437=CARTESIAN_POINT('Ctrl Pts',(-4.20813262792624,-13.2850621475164,-9.59360417202328));
#6438=CARTESIAN_POINT('',(-3.39179559663545,-13.6334447763586,-9.50618702366233));
#6439=CARTESIAN_POINT('',(-4.38998503264359,-13.2074542277624,-9.61307776936559));
#6440=CARTESIAN_POINT('',(-2.67452505920628,-13.1026634523264,-10.3093324057626));
#6441=CARTESIAN_POINT('Ctrl Pts',(-3.39179559663545,-13.6334447763586,-9.50618702366233));
#6442=CARTESIAN_POINT('Ctrl Pts',(-3.09123085119253,-13.2010946668036,-10.0634720075316));
#6443=CARTESIAN_POINT('Ctrl Pts',(-2.67452505920628,-13.1026634523264,-10.3093324057626));
#6444=CARTESIAN_POINT('',(-1.75802812769952,-13.1666242230976,-10.5551928039936));
#6445=CARTESIAN_POINT('Ctrl Pts',(-2.67452505920628,-13.1026634523264,-10.3093324057626));
#6446=CARTESIAN_POINT('Ctrl Pts',(-2.25782040096774,-13.0042318694722,-10.5551928039936));
#6447=CARTESIAN_POINT('Ctrl Pts',(-1.75802812769952,-13.1666242230976,-10.5551928039936));
#6448=CARTESIAN_POINT('',(-0.845700894775733,-13.767898461448,-10.2346638493975));
#6449=CARTESIAN_POINT('Ctrl Pts',(-1.75802812769952,-13.1666242230976,-10.5551928039936));
#6450=CARTESIAN_POINT('Ctrl Pts',(-1.16481844385202,-13.3593697333942,-10.5551928039936));
#6451=CARTESIAN_POINT('Ctrl Pts',(-0.845700894775733,-13.767898461448,-10.2346638493975));
#6452=CARTESIAN_POINT('',(-0.658933495374605,-14.5837590662609,-9.44062460443712));
#6453=CARTESIAN_POINT('Ctrl Pts',(-0.845700894775733,-13.767898461448,-10.2346638493975));
#6454=CARTESIAN_POINT('Ctrl Pts',(-0.526583592810389,-14.1764279500311,
-9.91413401071039));
#6455=CARTESIAN_POINT('Ctrl Pts',(-0.658933495374605,-14.5837590662609,
-9.44062460443712));
#6456=CARTESIAN_POINT('',(-1.2454767467113,-15.1015910552065,-8.69575673185016));
#6457=CARTESIAN_POINT('Ctrl Pts',(-0.658933495374605,-14.5837590662609,
-9.44062460443712));
#6458=CARTESIAN_POINT('Ctrl Pts',(-0.785175062552014,-14.9722906592329,
-8.98896904320859));
#6459=CARTESIAN_POINT('Ctrl Pts',(-1.2454767467113,-15.1015910552065,-8.69575673185016));
#6460=CARTESIAN_POINT('',(-2.28964805392033,-15.0411798697807,-8.4025453045827));
#6461=CARTESIAN_POINT('Ctrl Pts',(-1.2454767467113,-15.1015910552065,-8.69575673185016));
#6462=CARTESIAN_POINT('Ctrl Pts',(-1.70577931750735,-15.230890322274,-8.4025453045827));
#6463=CARTESIAN_POINT('Ctrl Pts',(-2.28964805392033,-15.0411798697807,-8.4025453045827));
#6464=CARTESIAN_POINT('',(-2.8624960432196,-14.78576750739,-8.47539351761081));
#6465=CARTESIAN_POINT('Ctrl Pts',(-2.28964805392033,-15.0411798697807,-8.4025453045827));
#6466=CARTESIAN_POINT('Ctrl Pts',(-2.52786545532892,-14.9637783440702,-8.4025453045827));
#6467=CARTESIAN_POINT('Ctrl Pts',(-2.8624960432196,-14.78576750739,-8.47539351761081));
#6468=CARTESIAN_POINT('',(-2.92993249181006,-15.311185653659,-7.89989714355278));
#6469=CARTESIAN_POINT('',(-2.69251890001096,-13.4614232194049,-9.92596263318478));
#6470=CARTESIAN_POINT('',(-2.79243964530025,-15.3489318471434,-7.9071816112192));
#6471=CARTESIAN_POINT('Ctrl Pts',(-2.92993249181006,-15.311185653659,-7.89989714355278));
#6472=CARTESIAN_POINT('Ctrl Pts',(-2.84381995805487,-15.3322373715292,-7.9071816112192));
#6473=CARTESIAN_POINT('Ctrl Pts',(-2.79243964530025,-15.3489318471434,-7.9071816112192));
#6474=CARTESIAN_POINT('',(-1.88663810607215,-15.8510912296101,-7.68863874031684));
#6475=CARTESIAN_POINT('Ctrl Pts',(-2.79243964530025,-15.3489318471434,-7.9071816112192));
#6476=CARTESIAN_POINT('Ctrl Pts',(-2.25528018105077,-15.5234655371127,-7.9071816112192));
#6477=CARTESIAN_POINT('Ctrl Pts',(-1.88663810607215,-15.8510912296101,-7.68863874031684));
#6478=CARTESIAN_POINT('',(-1.64525557179843,-16.5703815154462,-7.0147982953755));
#6479=CARTESIAN_POINT('Ctrl Pts',(-1.88663810607215,-15.8510912296101,-7.68863874031684));
#6480=CARTESIAN_POINT('Ctrl Pts',(-1.51799603109353,-16.1787169221076,-7.47009586941449));
#6481=CARTESIAN_POINT('Ctrl Pts',(-1.64525557179843,-16.5703815154462,-7.0147982953755));
#6482=CARTESIAN_POINT('',(-2.12517307452469,-16.9825611050372,-6.41744763422724));
#6483=CARTESIAN_POINT('Ctrl Pts',(-1.64525557179843,-16.5703815154462,-7.0147982953755));
#6484=CARTESIAN_POINT('Ctrl Pts',(-1.74604508256829,-16.8805797334329,-6.65420277940937));
#6485=CARTESIAN_POINT('Ctrl Pts',(-2.12517307452469,-16.9825611050372,-6.41744763422724));
#6486=CARTESIAN_POINT('',(-2.99942217560271,-16.9236674558417,-6.1806929310906));
#6487=CARTESIAN_POINT('Ctrl Pts',(-2.12517307452469,-16.9825611050372,-6.41744763422724));
#6488=CARTESIAN_POINT('Ctrl Pts',(-2.50430207667332,-17.084541728,-6.1806929310906));
#6489=CARTESIAN_POINT('Ctrl Pts',(-2.99942217560271,-16.9236674558417,-6.1806929310906));
#6490=CARTESIAN_POINT('',(-3.7496453582158,-16.451273883605,-6.42109008908319));
#6491=CARTESIAN_POINT('Ctrl Pts',(-2.99942217560271,-16.9236674558417,-6.1806929310906));
#6492=CARTESIAN_POINT('Ctrl Pts',(-3.48987123394098,-16.7643108967735,-6.1806929310906));
#6493=CARTESIAN_POINT('Ctrl Pts',(-3.7496453582158,-16.451273883605,-6.42109008908319));
#6494=CARTESIAN_POINT('',(-3.96845079633977,-15.6942858362733,-7.14228156306096));
#6495=CARTESIAN_POINT('Ctrl Pts',(-3.7496453582158,-16.451273883605,-6.42109008908319));
#6496=CARTESIAN_POINT('Ctrl Pts',(-4.00941834874291,-16.1382372388135,-6.66148724707578));
#6497=CARTESIAN_POINT('Ctrl Pts',(-3.96845079633977,-15.6942858362733,-7.14228156306096));
#6498=CARTESIAN_POINT('',(-4.84179946184766,-15.5213689043186,-7.02572565994337));
#6499=CARTESIAN_POINT('',(-4.01202034811638,-15.6856593695282,-7.13646683103432));
#6500=CARTESIAN_POINT('',(-4.42672866011794,-16.6279168538028,-6.00403740694074));
#6501=CARTESIAN_POINT('Ctrl Pts',(-4.84179946184766,-15.5213689043186,-7.02572565994337));
#6502=CARTESIAN_POINT('Ctrl Pts',(-4.87192982206127,-16.1385830016518,-6.36645459238035));
#6503=CARTESIAN_POINT('Ctrl Pts',(-4.42672866011794,-16.6279168538028,-6.00403740694074));
#6504=CARTESIAN_POINT('',(-3.16878161735825,-17.3813274302781,-5.64162066354663));
#6505=CARTESIAN_POINT('Ctrl Pts',(-4.42672866011794,-16.6279168538028,-6.00403740694074));
#6506=CARTESIAN_POINT('Ctrl Pts',(-3.98152567399757,-17.1172508782545,-5.64162066354663));
#6507=CARTESIAN_POINT('Ctrl Pts',(-3.16878161735825,-17.3813274302781,-5.64162066354663));
#6508=CARTESIAN_POINT('',(-2.08407116640627,-17.5553697122823,-5.82920311021886));
#6509=CARTESIAN_POINT('Ctrl Pts',(-3.16878161735825,-17.3813274302781,-5.64162066354663));
#6510=CARTESIAN_POINT('Ctrl Pts',(-2.60826808390088,-17.5634493173209,-5.64162066354663));
#6511=CARTESIAN_POINT('Ctrl Pts',(-2.08407116640627,-17.5553697122823,-5.82920311021886));
#6512=CARTESIAN_POINT('',(-1.21937033541857,-17.3496203632104,-6.34095785043416));
#6513=CARTESIAN_POINT('Ctrl Pts',(-2.08407116640627,-17.5553697122823,-5.82920311021886));
#6514=CARTESIAN_POINT('Ctrl Pts',(-1.55987412535619,-17.547289726979,-6.01678599893658));
#6515=CARTESIAN_POINT('Ctrl Pts',(-1.21937033541857,-17.3496203632104,-6.34095785043416));
#6516=CARTESIAN_POINT('',(-0.777057803880413,-16.8386197692008,-7.02936767275383));
#6517=CARTESIAN_POINT('Ctrl Pts',(-1.21937033541857,-17.3496203632104,-6.34095785043416));
#6518=CARTESIAN_POINT('Ctrl Pts',(-0.878865411733235,-17.1519513678187,
-6.66512970193174));
#6519=CARTESIAN_POINT('Ctrl Pts',(-0.777057803880413,-16.8386197692008,
-7.02936767275383));
#6520=CARTESIAN_POINT('',(-0.839149126793596,-16.219154053596,-7.6594995435147));
#6521=CARTESIAN_POINT('Ctrl Pts',(-0.777057803880413,-16.8386197692008,
-7.02936767275383));
#6522=CARTESIAN_POINT('Ctrl Pts',(-0.68034043433144,-16.5409543132095,-7.37539425338713));
#6523=CARTESIAN_POINT('Ctrl Pts',(-0.839149126793596,-16.219154053596,-7.6594995435147));
#6524=CARTESIAN_POINT('',(-1.41821995015516,-15.6014525729188,-8.11115510474323));
#6525=CARTESIAN_POINT('Ctrl Pts',(-0.839149126793596,-16.219154053596,-7.6594995435147));
#6526=CARTESIAN_POINT('Ctrl Pts',(-0.99795757214481,-15.8973530334531,-7.94360571773325));
#6527=CARTESIAN_POINT('Ctrl Pts',(-1.41821995015516,-15.6014525729188,-8.11115510474323));
#6528=CARTESIAN_POINT('',(-0.347938408740991,-15.5179260714238,-8.56463189339973));
#6529=CARTESIAN_POINT('Ctrl Pts',(-1.41821995015516,-15.6014525729188,-8.11115510474323));
#6530=CARTESIAN_POINT('Ctrl Pts',(-0.780454973378375,-15.7047520851385,
-8.22042609814891));
#6531=CARTESIAN_POINT('Ctrl Pts',(-0.347938408740991,-15.5179260714238,
-8.56463189339973));
#6532=CARTESIAN_POINT('',(0.229144729234225,-14.8861698949639,-9.4260547850133));
#6533=CARTESIAN_POINT('Ctrl Pts',(-0.347938408740991,-15.5179260714238,
-8.56463189339973));
#6534=CARTESIAN_POINT('Ctrl Pts',(0.0845779087854515,-15.3311008182384,
-8.90883680455956));
#6535=CARTESIAN_POINT('Ctrl Pts',(0.229144729234225,-14.8861698949639,-9.4260547850133));
#6536=CARTESIAN_POINT('Ctrl Pts',(0.229144729234225,-14.8861698949639,-9.4260547850133));
#6537=CARTESIAN_POINT('Ctrl Pts',(0.424615415387146,-14.2845729822482,-10.1253919719008));
#6538=CARTESIAN_POINT('Ctrl Pts',(-0.0934045537903549,-13.6537992533414,
-10.6116499701699));
#6539=CARTESIAN_POINT('',(-8.56036144610311,-14.9505314599562,-6.35552722781249));
#6540=CARTESIAN_POINT('',(-8.01255333160267,-15.8074910165242,-5.64162022150114));
#6541=CARTESIAN_POINT('Ctrl Pts',(-8.56036144610311,-14.9505314599562,-6.35552722781249));
#6542=CARTESIAN_POINT('Ctrl Pts',(-8.13537033484552,-15.4384945188058,-5.98764680213444));
#6543=CARTESIAN_POINT('Ctrl Pts',(-8.01255333160267,-15.8074910165242,-5.64162022150114));
#6544=CARTESIAN_POINT('',(-7.47072282676207,-15.9835424195835,-5.64162022150114));
#6545=CARTESIAN_POINT('',(-6.71169456936173,-16.2301656504338,-5.64162022150114));
#6546=CARTESIAN_POINT('',(-5.97211406818238,-11.3712989150767,-11.0032059103662));
#6547=CARTESIAN_POINT('',(-6.68697581355128,-13.5714171399448,-8.44563877915611));
#6548=CARTESIAN_POINT('',(-6.81288493524229,-11.098115900324,-11.0032059103662));
#6549=CARTESIAN_POINT('',(-4.94217055836175,-11.7059478474567,-11.0032059103662));
#6550=CARTESIAN_POINT('',(-7.98061881385596,-14.6920312339919,-6.8253941792298));
#6551=CARTESIAN_POINT('',(-6.77844230132134,-10.9921123729387,-11.1264316235886));
#6552=CARTESIAN_POINT('',(-8.65077322812281,-14.0447349006232,-7.27704974045833));
#6553=CARTESIAN_POINT('Ctrl Pts',(-7.98061881385596,-14.6920312339919,-6.8253941792298));
#6554=CARTESIAN_POINT('Ctrl Pts',(-8.22110943307769,-14.3991161127224,-7.05122195984407));
#6555=CARTESIAN_POINT('Ctrl Pts',(-8.65077322812281,-14.0447349006232,-7.27704974045833));
#6556=CARTESIAN_POINT('',(-9.44123679522306,-13.4657356654271,-7.61579096933423));
#6557=CARTESIAN_POINT('Ctrl Pts',(-8.65077322812281,-14.0447349006232,-7.27704974045833));
#6558=CARTESIAN_POINT('Ctrl Pts',(-9.08043759004179,-13.6903535043354,-7.50287752107259));
#6559=CARTESIAN_POINT('Ctrl Pts',(-9.44123679522306,-13.4657356654271,-7.61579096933423));
#6560=CARTESIAN_POINT('',(-9.61838210454915,-14.0109328675757,-6.9820166437174));
#6561=CARTESIAN_POINT('',(-8.93338853149778,-11.9027394249261,-9.43272415307266));
#6562=CARTESIAN_POINT('Ctrl Pts',(-9.61838210454915,-14.0109328675757,-6.9820166437174));
#6563=CARTESIAN_POINT('Ctrl Pts',(-8.98535255736071,-14.4625684011066,-6.72340765349053));
#6564=CARTESIAN_POINT('Ctrl Pts',(-8.56036144610311,-14.9505314599562,-6.35552722781249));
#6565=CARTESIAN_POINT('Origin',(10.061999411589,7.31047048885275,-11.2496573368111));
#6566=CARTESIAN_POINT('',(15.4970537397352,4.3175108390633,-8.33334004150149));
#6567=CARTESIAN_POINT('Origin',(12.1960517629882,8.86095027956567,-8.33334004150149));
#6568=CARTESIAN_POINT('Origin',(10.0619994111785,-7.31047048941766,-11.2496573368111));
#6569=CARTESIAN_POINT('',(10.4942883368516,-8.24376059140867,-10.2565176944423));
#6570=CARTESIAN_POINT('',(11.0860831039407,-7.42922497340597,-10.2565176944423));
#6571=CARTESIAN_POINT('',(10.641515169833,-8.04112024029687,-10.2565176944422));
#6572=CARTESIAN_POINT('',(10.5396844848198,-7.03224313934785,-11.0032059103662));
#6573=CARTESIAN_POINT('',(10.7227118081228,-7.16522027352227,-10.7530875156267));
#6574=CARTESIAN_POINT('',(9.9478897177308,-7.84677875735055,-11.0032059103662));
#6575=CARTESIAN_POINT('',(10.3910139342567,-7.2368705972374,-11.0032059103662));
#6576=CARTESIAN_POINT('',(9.85771773147331,-7.7812649744959,-11.1264316235886));
#6577=CARTESIAN_POINT('',(12.2423818239171,-8.06292060887973,-8.81049229163076));
#6578=CARTESIAN_POINT('',(11.9003538955102,-8.0572524469888,-9.12009476575001));
#6579=CARTESIAN_POINT('Ctrl Pts',(12.2423818239171,-8.06292060887973,-8.81049229163076));
#6580=CARTESIAN_POINT('Ctrl Pts',(12.0658196238677,-8.0985507284027,-8.94526046902813));
#6581=CARTESIAN_POINT('Ctrl Pts',(11.9003538955102,-8.0572524469888,-9.12009476575001));
#6582=CARTESIAN_POINT('',(11.4412560374983,-7.81475890374575,-9.68830623009613));
#6583=CARTESIAN_POINT('Ctrl Pts',(11.9003538955102,-8.0572524469888,-9.12009476575001));
#6584=CARTESIAN_POINT('Ctrl Pts',(11.7348881671526,-8.01595416557491,-9.29492906247189));
#6585=CARTESIAN_POINT('Ctrl Pts',(11.4412560374983,-7.81475890374575,-9.68830623009613));
#6586=CARTESIAN_POINT('',(10.9418390978177,-8.50214735025857,-9.68830623009613));
#6587=CARTESIAN_POINT('',(11.3228970108211,-7.97766612817916,-9.68830623009613));
#6588=CARTESIAN_POINT('',(11.0828819375944,-8.61069182399305,-9.49161720423852));
#6589=CARTESIAN_POINT('Ctrl Pts',(10.9418390978177,-8.50214735025857,-9.68830623009613));
#6590=CARTESIAN_POINT('Ctrl Pts',(11.0349051547378,-8.57583465088879,-9.55718050755472));
#6591=CARTESIAN_POINT('Ctrl Pts',(11.0828819375944,-8.61069182399305,-9.49161720423852));
#6592=CARTESIAN_POINT('',(11.6572462265035,-8.84587001944693,-8.82506211105458));
#6593=CARTESIAN_POINT('Ctrl Pts',(11.0828819375944,-8.61069182399305,-9.49161720423852));
#6594=CARTESIAN_POINT('Ctrl Pts',(11.365409868366,-8.81596038106009,-9.1055249463262));
#6595=CARTESIAN_POINT('Ctrl Pts',(11.6572462265035,-8.84587001944693,-8.82506211105458));
#6596=CARTESIAN_POINT('',(12.1740566847695,-8.79033311980347,-8.39890284972675));
#6597=CARTESIAN_POINT('Ctrl Pts',(11.6572462265035,-8.84587001944693,-8.82506211105458));
#6598=CARTESIAN_POINT('Ctrl Pts',(11.8753471384684,-8.87077380249095,-8.61380326577315));
#6599=CARTESIAN_POINT('Ctrl Pts',(12.1740566847695,-8.79033311980347,-8.39890284972675));
#6600=CARTESIAN_POINT('',(12.8824001226619,-8.51881484310686,-7.94178449030528));
#6601=CARTESIAN_POINT('Ctrl Pts',(12.1740566847695,-8.79033311980347,-8.39890284972675));
#6602=CARTESIAN_POINT('Ctrl Pts',(12.3925917704145,-8.7305618889583,-8.24228082728464));
#6603=CARTESIAN_POINT('Ctrl Pts',(12.8824001226619,-8.51881484310686,-7.94178449030528));
#6604=CARTESIAN_POINT('',(13.5836414927158,-8.29070269421471,-7.46281140174808));
#6605=CARTESIAN_POINT('Ctrl Pts',(12.8824001226619,-8.51881484310686,-7.94178449030528));
#6606=CARTESIAN_POINT('Ctrl Pts',(13.3722084480343,-8.3070685144836,-7.64128771128042));
#6607=CARTESIAN_POINT('Ctrl Pts',(13.5836414927158,-8.29070269421471,-7.46281140174808));
#6608=CARTESIAN_POINT('',(13.9496651893945,-8.38665503056846,-7.0730762469343));
#6609=CARTESIAN_POINT('Ctrl Pts',(13.5836414927158,-8.29070269421471,-7.46281140174808));
#6610=CARTESIAN_POINT('Ctrl Pts',(13.795074160175,-8.27433807338571,-7.28433465017024));
#6611=CARTESIAN_POINT('Ctrl Pts',(13.9496651893945,-8.38665503056846,-7.0730762469343));
#6612=CARTESIAN_POINT('',(14.2047060505176,-9.06975264153057,-6.40105702942094));
#6613=CARTESIAN_POINT('Ctrl Pts',(13.9496651893945,-8.38665503056846,-7.0730762469343));
#6614=CARTESIAN_POINT('Ctrl Pts',(14.2295277073994,-8.58998705190566,-6.69062644387793));
#6615=CARTESIAN_POINT('Ctrl Pts',(14.2047060505176,-9.06975264153057,-6.40105702942094));
#6616=CARTESIAN_POINT('',(13.8363548406366,-10.0223460970232,-6.11148761496395));
#6617=CARTESIAN_POINT('Ctrl Pts',(14.2047060505176,-9.06975264153057,-6.40105702942094));
#6618=CARTESIAN_POINT('Ctrl Pts',(14.1798843936359,-9.54951823115549,-6.11148761496395));
#6619=CARTESIAN_POINT('Ctrl Pts',(13.8363548406366,-10.0223460970232,-6.11148761496395));
#6620=CARTESIAN_POINT('',(13.0901827393439,-10.6458004091879,-6.37373906004677));
#6621=CARTESIAN_POINT('Ctrl Pts',(13.8363548406366,-10.0223460970232,-6.11148761496395));
#6622=CARTESIAN_POINT('Ctrl Pts',(13.5043723846832,-10.4792807472842,-6.11148761496395));
#6623=CARTESIAN_POINT('Ctrl Pts',(13.0901827393439,-10.6458004091879,-6.37373906004677));
#6624=CARTESIAN_POINT('',(12.198909394186,-10.6113967201134,-7.19327504695335));
#6625=CARTESIAN_POINT('Ctrl Pts',(13.0901827393439,-10.6458004091879,-6.37373906004677));
#6626=CARTESIAN_POINT('Ctrl Pts',(12.6759927436573,-10.8123205533034,-6.6359905051296));
#6627=CARTESIAN_POINT('Ctrl Pts',(12.198909394186,-10.6113967201134,-7.19327504695335));
#6628=CARTESIAN_POINT('',(11.7234889234718,-11.3890683766656,-7.11314236625882));
#6629=CARTESIAN_POINT('',(12.73160294302,-9.74004031020933,-7.28306117247003));
#6630=CARTESIAN_POINT('',(12.9891019374515,-11.4070868987593,-5.96943452785467));
#6631=CARTESIAN_POINT('Ctrl Pts',(11.7234889234718,-11.3890683766656,-7.11314236625882));
#6632=CARTESIAN_POINT('Ctrl Pts',(12.3420576874104,-11.6867165282047,-6.36645415033486));
#6633=CARTESIAN_POINT('Ctrl Pts',(12.9891019374515,-11.4070868987593,-5.96943452785467));
#6634=CARTESIAN_POINT('',(14.2221672577598,-10.3208677829924,-5.57241534741997));
#6635=CARTESIAN_POINT('Ctrl Pts',(12.9891019374515,-11.4070868987593,-5.96943452785467));
#6636=CARTESIAN_POINT('Ctrl Pts',(13.6361462143674,-11.1274565520858,-5.57241534741997));
#6637=CARTESIAN_POINT('Ctrl Pts',(14.2221672577598,-10.3208677829924,-5.57241534741997));
#6638=CARTESIAN_POINT('',(14.9004937273152,-8.73144118326824,-5.99857372465682));
#6639=CARTESIAN_POINT('Ctrl Pts',(14.2221672577598,-10.3208677829924,-5.57241534741997));
#6640=CARTESIAN_POINT('Ctrl Pts',(14.8428299426371,-9.46659888486671,-5.57241534741997));
#6641=CARTESIAN_POINT('Ctrl Pts',(14.9004937273152,-8.73144118326824,-5.99857372465682));
#6642=CARTESIAN_POINT('',(14.5157084271633,-7.67482393153688,-7.02936767275383));
#6643=CARTESIAN_POINT('Ctrl Pts',(14.9004937273152,-8.73144118326824,-5.99857372465682));
#6644=CARTESIAN_POINT('Ctrl Pts',(14.9581578892155,-7.99628228222988,-6.42473254393915));
#6645=CARTESIAN_POINT('Ctrl Pts',(14.5157084271633,-7.67482393153688,-7.02936767275383));
#6646=CARTESIAN_POINT('',(13.9140337677551,-7.51086416559709,-7.67406936293852));
#6647=CARTESIAN_POINT('Ctrl Pts',(14.5157084271633,-7.67482393153688,-7.02936767275383));
#6648=CARTESIAN_POINT('Ctrl Pts',(14.2598339771143,-7.48892026173533,-7.3790362661976));
#6649=CARTESIAN_POINT('Ctrl Pts',(13.9140337677551,-7.51086416559709,-7.67406936293852));
#6650=CARTESIAN_POINT('',(12.8808799282507,-7.82868334943323,-8.39161882410583));
#6651=CARTESIAN_POINT('Ctrl Pts',(13.9140337677551,-7.51086416559709,-7.67406936293852));
#6652=CARTESIAN_POINT('Ctrl Pts',(13.5682338818684,-7.53280830447532,-7.96910201763396));
#6653=CARTESIAN_POINT('Ctrl Pts',(12.8808799282507,-7.82868334943323,-8.39161882410583));
#6654=CARTESIAN_POINT('Ctrl Pts',(12.8808799282507,-7.82868334943323,-8.39161882410583));
#6655=CARTESIAN_POINT('Ctrl Pts',(12.4189436736193,-8.02729097156847,-8.6757241142334));
#6656=CARTESIAN_POINT('Ctrl Pts',(12.2423818239171,-8.06292060887973,-8.81049229163076));
#6657=CARTESIAN_POINT('Ctrl Pts',(12.8419544125008,9.14227637991976,-7.57281036690184));
#6658=CARTESIAN_POINT('Ctrl Pts',(13.3819460275309,9.53460325298223,-8.17653934613859));
#6659=CARTESIAN_POINT('Ctrl Pts',(13.4527889304567,8.99162814915987,-7.12436051958295));
#6660=CARTESIAN_POINT('Ctrl Pts',(13.9927805454868,9.38395502222235,-7.7280894988197));
#6661=CARTESIAN_POINT('Ctrl Pts',(13.7707993604219,8.55392434280868,-7.12436051958295));
#6662=CARTESIAN_POINT('Ctrl Pts',(14.310790975452,8.94625121587116,-7.7280894988197));
#6663=CARTESIAN_POINT('',(13.7707993604219,8.55392434280868,-7.12436051958295));
#6664=CARTESIAN_POINT('',(12.8419544125008,9.14227637991976,-7.57281036690184));
#6665=CARTESIAN_POINT('Ctrl Pts',(13.7707993604219,8.55392434280868,-7.12436051958295));
#6666=CARTESIAN_POINT('Ctrl Pts',(13.4527889304567,8.99162814915987,-7.12436051958295));
#6667=CARTESIAN_POINT('Ctrl Pts',(12.8419544125008,9.14227637991976,-7.57281036690184));
#6668=CARTESIAN_POINT('',(14.310790975452,8.94625121587116,-7.7280894988197));
#6669=CARTESIAN_POINT('',(13.7707993604219,8.55392434280868,-7.12436051958295));
#6670=CARTESIAN_POINT('',(13.3819460275309,9.53460325298223,-8.17653934613859));
#6671=CARTESIAN_POINT('Ctrl Pts',(13.3819460275309,9.53460325298223,-8.17653934613859));
#6672=CARTESIAN_POINT('Ctrl Pts',(13.9927805454868,9.38395502222235,-7.7280894988197));
#6673=CARTESIAN_POINT('Ctrl Pts',(14.310790975452,8.94625121587116,-7.7280894988197));
#6674=CARTESIAN_POINT('',(12.8419544125008,9.14227637991976,-7.57281036690184));
#6675=CARTESIAN_POINT('Ctrl Pts',(12.8349968963142,9.85405281273303,-7.11649299391228));
#6676=CARTESIAN_POINT('Ctrl Pts',(13.3749885113442,10.2463796857955,-7.72022197314903));
#6677=CARTESIAN_POINT('Ctrl Pts',(12.8770276710225,9.62670545442722,-7.22663879534709));
#6678=CARTESIAN_POINT('Ctrl Pts',(13.4170192860525,10.0190323274897,-7.83036777458384));
#6679=CARTESIAN_POINT('Ctrl Pts',(12.8419544125008,9.14227637991976,-7.57281036690184));
#6680=CARTESIAN_POINT('Ctrl Pts',(13.3819460275309,9.53460325298223,-8.17653934613859));
#6681=CARTESIAN_POINT('',(12.8349968963142,9.85405281273303,-7.11649299391228));
#6682=CARTESIAN_POINT('Ctrl Pts',(12.8419544125008,9.14227637991976,-7.57281036690184));
#6683=CARTESIAN_POINT('Ctrl Pts',(12.8770276710225,9.62670545442722,-7.22663879534709));
#6684=CARTESIAN_POINT('Ctrl Pts',(12.8349968963142,9.85405281273303,-7.11649299391228));
#6685=CARTESIAN_POINT('',(13.3749885113442,10.2463796857955,-7.72022197314903));
#6686=CARTESIAN_POINT('Ctrl Pts',(13.3749885113442,10.2463796857955,-7.72022197314903));
#6687=CARTESIAN_POINT('Ctrl Pts',(13.4170192860525,10.0190323274897,-7.83036777458384));
#6688=CARTESIAN_POINT('Ctrl Pts',(13.3819460275309,9.53460325298223,-8.17653934613859));
#6689=CARTESIAN_POINT('',(12.8349968963142,9.85405281273303,-7.11649299391228));
#6690=CARTESIAN_POINT('Ctrl Pts',(12.5950355167589,10.4183978348785,-6.96438735026426));
#6691=CARTESIAN_POINT('Ctrl Pts',(13.1350271317889,10.810724707941,-7.56811632950101));
#6692=CARTESIAN_POINT('Ctrl Pts',(12.7800217000925,10.163786196586,-6.96438735026426));
#6693=CARTESIAN_POINT('Ctrl Pts',(13.3200133151226,10.5561130696485,-7.56811632950101));
#6694=CARTESIAN_POINT('Ctrl Pts',(12.8349968963142,9.85405281273303,-7.11649299391228));
#6695=CARTESIAN_POINT('Ctrl Pts',(13.3749885113442,10.2463796857955,-7.72022197314903));
#6696=CARTESIAN_POINT('',(12.5950355167589,10.4183978348785,-6.96438735026426));
#6697=CARTESIAN_POINT('Ctrl Pts',(12.8349968963142,9.85405281273303,-7.11649299391228));
#6698=CARTESIAN_POINT('Ctrl Pts',(12.7800217000925,10.163786196586,-6.96438735026426));
#6699=CARTESIAN_POINT('Ctrl Pts',(12.5950355167589,10.4183978348785,-6.96438735026426));
#6700=CARTESIAN_POINT('',(13.1350271317889,10.810724707941,-7.56811632950101));
#6701=CARTESIAN_POINT('Ctrl Pts',(13.1350271317889,10.810724707941,-7.56811632950101));
#6702=CARTESIAN_POINT('Ctrl Pts',(13.3200133151226,10.5561130696485,-7.56811632950101));
#6703=CARTESIAN_POINT('Ctrl Pts',(13.3749885113442,10.2463796857955,-7.72022197314903));
#6704=CARTESIAN_POINT('',(12.5950355167589,10.4183978348785,-6.96438735026426));
#6705=CARTESIAN_POINT('Ctrl Pts',(12.0407622139806,10.8745818074645,-7.16369814793627));
#6706=CARTESIAN_POINT('Ctrl Pts',(12.5807538290107,11.2669086805269,-7.76742712717302));
#6707=CARTESIAN_POINT('Ctrl Pts',(12.3767929652134,10.7187829371209,-6.96438735026426));
#6708=CARTESIAN_POINT('Ctrl Pts',(12.9167845802435,11.1111098101833,-7.56811632950101));
#6709=CARTESIAN_POINT('Ctrl Pts',(12.5950355167589,10.4183978348785,-6.96438735026426));
#6710=CARTESIAN_POINT('Ctrl Pts',(13.1350271317889,10.810724707941,-7.56811632950101));
#6711=CARTESIAN_POINT('',(12.0407622139806,10.8745818074645,-7.16369814793627));
#6712=CARTESIAN_POINT('Ctrl Pts',(12.5950355167589,10.4183978348785,-6.96438735026426));
#6713=CARTESIAN_POINT('Ctrl Pts',(12.3767929652134,10.7187829371209,-6.96438735026426));
#6714=CARTESIAN_POINT('Ctrl Pts',(12.0407622139806,10.8745818074645,-7.16369814793627));
#6715=CARTESIAN_POINT('',(12.5807538290107,11.2669086805269,-7.76742712717302));
#6716=CARTESIAN_POINT('Ctrl Pts',(12.5807538290107,11.2669086805269,-7.76742712717302));
#6717=CARTESIAN_POINT('Ctrl Pts',(12.9167845802435,11.1111098101833,-7.56811632950101));
#6718=CARTESIAN_POINT('Ctrl Pts',(13.1350271317889,10.810724707941,-7.56811632950101));
#6719=CARTESIAN_POINT('',(12.0407622139806,10.8745818074645,-7.16369814793627));
#6720=CARTESIAN_POINT('Ctrl Pts',(11.3804102479473,10.794747522535,-7.80621436520739));
#6721=CARTESIAN_POINT('Ctrl Pts',(11.9204018629774,11.1870743955975,-8.40994334444414));
#6722=CARTESIAN_POINT('Ctrl Pts',(11.7047311392754,11.0303804427916,-7.36300938765378));
#6723=CARTESIAN_POINT('Ctrl Pts',(12.2447227543055,11.4227073158541,-7.96673836689053));
#6724=CARTESIAN_POINT('Ctrl Pts',(12.0407622139806,10.8745818074645,-7.16369814793627));
#6725=CARTESIAN_POINT('Ctrl Pts',(12.5807538290107,11.2669086805269,-7.76742712717302));
#6726=CARTESIAN_POINT('',(11.3804102479473,10.794747522535,-7.80621436520739));
#6727=CARTESIAN_POINT('Ctrl Pts',(12.0407622139806,10.8745818074645,-7.16369814793627));
#6728=CARTESIAN_POINT('Ctrl Pts',(11.7047311392754,11.0303804427916,-7.36300938765378));
#6729=CARTESIAN_POINT('Ctrl Pts',(11.3804102479473,10.794747522535,-7.80621436520739));
#6730=CARTESIAN_POINT('',(11.9204018629774,11.1870743955975,-8.40994334444414));
#6731=CARTESIAN_POINT('Ctrl Pts',(11.9204018629774,11.1870743955975,-8.40994334444414));
#6732=CARTESIAN_POINT('Ctrl Pts',(12.2447227543055,11.4227073158541,-7.96673836689053));
#6733=CARTESIAN_POINT('Ctrl Pts',(12.5807538290107,11.2669086805269,-7.76742712717302));
#6734=CARTESIAN_POINT('',(11.3804102479473,10.794747522535,-7.80621436520739));
#6735=CARTESIAN_POINT('Ctrl Pts',(11.0950942215173,10.4388411872699,-8.29269073394966));
#6736=CARTESIAN_POINT('Ctrl Pts',(11.6350858365474,10.8311680603324,-8.89641971318641));
#6737=CARTESIAN_POINT('Ctrl Pts',(11.1539611138057,10.6302225961609,-8.1156714063597));
#6738=CARTESIAN_POINT('Ctrl Pts',(11.6939527288357,11.0225494692233,-8.71940038559645));
#6739=CARTESIAN_POINT('Ctrl Pts',(11.3804102479473,10.794747522535,-7.80621436520739));
#6740=CARTESIAN_POINT('Ctrl Pts',(11.9204018629774,11.1870743955975,-8.40994334444414));
#6741=CARTESIAN_POINT('',(11.0950942215173,10.4388411872699,-8.29269073394966));
#6742=CARTESIAN_POINT('Ctrl Pts',(11.3804102479473,10.794747522535,-7.80621436520739));
#6743=CARTESIAN_POINT('Ctrl Pts',(11.1539611138057,10.6302225961609,-8.1156714063597));
#6744=CARTESIAN_POINT('Ctrl Pts',(11.0950942215173,10.4388411872699,-8.29269073394966));
#6745=CARTESIAN_POINT('',(11.6350858365474,10.8311680603324,-8.89641971318641));
#6746=CARTESIAN_POINT('Ctrl Pts',(11.6350858365474,10.8311680603324,-8.89641971318641));
#6747=CARTESIAN_POINT('Ctrl Pts',(11.6939527288357,11.0225494692233,-8.71940038559645));
#6748=CARTESIAN_POINT('Ctrl Pts',(11.9204018629774,11.1870743955975,-8.40994334444414));
#6749=CARTESIAN_POINT('',(11.0950942215173,10.4388411872699,-8.29269073394966));
#6750=CARTESIAN_POINT('Ctrl Pts',(11.1071971284158,9.98431644219648,-8.57723364911454));
#6751=CARTESIAN_POINT('Ctrl Pts',(11.6471887434458,10.376643315259,-9.18096262835128));
#6752=CARTESIAN_POINT('Ctrl Pts',(11.036226305062,10.2474605077859,-8.46971050358512));
#6753=CARTESIAN_POINT('Ctrl Pts',(11.576217920092,10.6397873808483,-9.07343948282187));
#6754=CARTESIAN_POINT('Ctrl Pts',(11.0950942215173,10.4388411872699,-8.29269073394966));
#6755=CARTESIAN_POINT('Ctrl Pts',(11.6350858365474,10.8311680603324,-8.89641971318641));
#6756=CARTESIAN_POINT('',(11.1071971284158,9.98431644219648,-8.57723364911454));
#6757=CARTESIAN_POINT('Ctrl Pts',(11.0950942215173,10.4388411872699,-8.29269073394966));
#6758=CARTESIAN_POINT('Ctrl Pts',(11.036226305062,10.2474605077859,-8.46971050358512));
#6759=CARTESIAN_POINT('Ctrl Pts',(11.1071971284158,9.98431644219648,-8.57723364911454));
#6760=CARTESIAN_POINT('',(11.6471887434458,10.376643315259,-9.18096262835128));
#6761=CARTESIAN_POINT('Ctrl Pts',(11.6471887434458,10.376643315259,-9.18096262835128));
#6762=CARTESIAN_POINT('Ctrl Pts',(11.576217920092,10.6397873808483,-9.07343948282187));
#6763=CARTESIAN_POINT('Ctrl Pts',(11.6350858365474,10.8311680603324,-8.89641971318641));
#6764=CARTESIAN_POINT('',(11.1071971284158,9.98431644219648,-8.57723364911454));
#6765=CARTESIAN_POINT('Ctrl Pts',(11.3361332483443,9.50375179832689,-8.68475679464395));
#6766=CARTESIAN_POINT('Ctrl Pts',(11.8761248633744,9.89607867138936,-9.2884857738807));
#6767=CARTESIAN_POINT('Ctrl Pts',(11.1781672510749,9.72117334103051,-8.68475679464395));
#6768=CARTESIAN_POINT('Ctrl Pts',(11.718158866105,10.113500214093,-9.2884857738807));
#6769=CARTESIAN_POINT('Ctrl Pts',(11.1071971284158,9.98431644219648,-8.57723364911454));
#6770=CARTESIAN_POINT('Ctrl Pts',(11.6471887434458,10.376643315259,-9.18096262835128));
#6771=CARTESIAN_POINT('',(11.3361332483443,9.50375179832689,-8.68475679464395));
#6772=CARTESIAN_POINT('Ctrl Pts',(11.1071971284158,9.98431644219648,-8.57723364911454));
#6773=CARTESIAN_POINT('Ctrl Pts',(11.1781672510749,9.72117334103051,-8.68475679464395));
#6774=CARTESIAN_POINT('Ctrl Pts',(11.3361332483443,9.50375179832689,-8.68475679464395));
#6775=CARTESIAN_POINT('',(11.8761248633744,9.89607867138936,-9.2884857738807));
#6776=CARTESIAN_POINT('Ctrl Pts',(11.8761248633744,9.89607867138936,-9.2884857738807));
#6777=CARTESIAN_POINT('Ctrl Pts',(11.718158866105,10.113500214093,-9.2884857738807));
#6778=CARTESIAN_POINT('Ctrl Pts',(11.6471887434458,10.376643315259,-9.18096262835128));
#6779=CARTESIAN_POINT('',(11.3361332483443,9.50375179832689,-8.68475679464395));
#6780=CARTESIAN_POINT('Ctrl Pts',(11.7967862763814,9.09974864436959,-8.53527336485582));
#6781=CARTESIAN_POINT('Ctrl Pts',(12.3367778914115,9.49207551743207,-9.13900234409257));
#6782=CARTESIAN_POINT('Ctrl Pts',(11.521119431678,9.24914016003443,-8.68475679464395));
#6783=CARTESIAN_POINT('Ctrl Pts',(12.061111046708,9.64146703309691,-9.2884857738807));
#6784=CARTESIAN_POINT('Ctrl Pts',(11.3361332483443,9.50375179832689,-8.68475679464395));
#6785=CARTESIAN_POINT('Ctrl Pts',(11.8761248633744,9.89607867138936,-9.2884857738807));
#6786=CARTESIAN_POINT('',(11.7967862763814,9.09974864436959,-8.53527336485582));
#6787=CARTESIAN_POINT('Ctrl Pts',(11.3361332483443,9.50375179832689,-8.68475679464395));
#6788=CARTESIAN_POINT('Ctrl Pts',(11.521119431678,9.24914016003443,-8.68475679464395));
#6789=CARTESIAN_POINT('Ctrl Pts',(11.7967862763814,9.09974864436959,-8.53527336485582));
#6790=CARTESIAN_POINT('',(12.3367778914115,9.49207551743207,-9.13900234409257));
#6791=CARTESIAN_POINT('Ctrl Pts',(12.3367778914115,9.49207551743207,-9.13900234409257));
#6792=CARTESIAN_POINT('Ctrl Pts',(12.061111046708,9.64146703309691,-9.2884857738807));
#6793=CARTESIAN_POINT('Ctrl Pts',(11.8761248633744,9.89607867138936,-9.2884857738807));
#6794=CARTESIAN_POINT('',(11.7967862763814,9.09974864436959,-8.53527336485582));
#6795=CARTESIAN_POINT('Ctrl Pts',(12.4734950620874,8.87457499201897,-8.07633333596088));
#6796=CARTESIAN_POINT('Ctrl Pts',(13.0134866771175,9.26690186508145,-8.68006231519763));
#6797=CARTESIAN_POINT('Ctrl Pts',(12.0019370776971,8.9909149225564,-8.42250534956113));
#6798=CARTESIAN_POINT('Ctrl Pts',(12.5419286927271,9.38324179561887,-9.02623432879788));
#6799=CARTESIAN_POINT('Ctrl Pts',(11.7967862763814,9.09974864436959,-8.53527336485582));
#6800=CARTESIAN_POINT('Ctrl Pts',(12.3367778914115,9.49207551743207,-9.13900234409257));
#6801=CARTESIAN_POINT('',(12.4734950620874,8.87457499201897,-8.07633333596088));
#6802=CARTESIAN_POINT('Ctrl Pts',(11.7967862763814,9.09974864436959,-8.53527336485582));
#6803=CARTESIAN_POINT('Ctrl Pts',(12.0019370776971,8.9909149225564,-8.42250534956113));
#6804=CARTESIAN_POINT('Ctrl Pts',(12.4734950620874,8.87457499201897,-8.07633333596088));
#6805=CARTESIAN_POINT('',(13.0134866771175,9.26690186508145,-8.68006231519763));
#6806=CARTESIAN_POINT('Ctrl Pts',(13.0134866771175,9.26690186508145,-8.68006231519763));
#6807=CARTESIAN_POINT('Ctrl Pts',(12.5419286927271,9.38324179561887,-9.02623432879787));
#6808=CARTESIAN_POINT('Ctrl Pts',(12.3367778914115,9.49207551743207,-9.13900234409257));
#6809=CARTESIAN_POINT('',(12.4734950620874,8.87457499201897,-8.07633333596088));
#6810=CARTESIAN_POINT('Ctrl Pts',(12.7460219032782,7.80937993849655,-8.52478362532526));
#6811=CARTESIAN_POINT('Ctrl Pts',(13.2860135183083,8.20170681155903,-9.12851260456202));
#6812=CARTESIAN_POINT('Ctrl Pts',(12.428011473313,8.24708374484774,-8.52478362532526));
#6813=CARTESIAN_POINT('Ctrl Pts',(12.9680030883431,8.63941061791022,-9.12851260456202));
#6814=CARTESIAN_POINT('Ctrl Pts',(12.4734950620874,8.87457499201897,-8.07633333596088));
#6815=CARTESIAN_POINT('Ctrl Pts',(13.0134866771175,9.26690186508145,-8.68006231519763));
#6816=CARTESIAN_POINT('',(12.7460219032782,7.80937993849655,-8.52478362532526));
#6817=CARTESIAN_POINT('Ctrl Pts',(12.4734950620874,8.87457499201897,-8.07633333596088));
#6818=CARTESIAN_POINT('Ctrl Pts',(12.428011473313,8.24708374484774,-8.52478362532526));
#6819=CARTESIAN_POINT('Ctrl Pts',(12.7460219032782,7.80937993849655,-8.52478362532526));
#6820=CARTESIAN_POINT('',(13.2860135183083,8.20170681155903,-9.12851260456202));
#6821=CARTESIAN_POINT('Ctrl Pts',(13.2860135183083,8.20170681155903,-9.12851260456201));
#6822=CARTESIAN_POINT('Ctrl Pts',(12.9680030883431,8.63941061791022,-9.12851260456201));
#6823=CARTESIAN_POINT('Ctrl Pts',(13.0134866771175,9.26690186508145,-8.68006231519763));
#6824=CARTESIAN_POINT('',(12.7460219032782,7.80937993849655,-8.52478362532526));
#6825=CARTESIAN_POINT('Ctrl Pts',(13.2534493573657,7.41969201144652,-8.32416127867782));
#6826=CARTESIAN_POINT('Ctrl Pts',(13.7934409723958,7.812018884509,-8.92789025791456));
#6827=CARTESIAN_POINT('Ctrl Pts',(12.9559501875971,7.5204384433475,-8.52478362532526));
#6828=CARTESIAN_POINT('Ctrl Pts',(13.4959418026271,7.91276531640998,-9.12851260456202));
#6829=CARTESIAN_POINT('Ctrl Pts',(12.7460219032782,7.80937993849655,-8.52478362532526));
#6830=CARTESIAN_POINT('Ctrl Pts',(13.2860135183083,8.20170681155903,-9.12851260456202));
#6831=CARTESIAN_POINT('',(13.2534493573657,7.41969201144652,-8.32416127867782));
#6832=CARTESIAN_POINT('Ctrl Pts',(12.7460219032782,7.80937993849655,-8.52478362532526));
#6833=CARTESIAN_POINT('Ctrl Pts',(12.9559501875971,7.5204384433475,-8.52478362532526));
#6834=CARTESIAN_POINT('Ctrl Pts',(13.2534493573657,7.41969201144652,-8.32416127867782));
#6835=CARTESIAN_POINT('',(13.7934409723958,7.812018884509,-8.92789025791456));
#6836=CARTESIAN_POINT('Ctrl Pts',(13.7934409723958,7.812018884509,-8.92789025791456));
#6837=CARTESIAN_POINT('Ctrl Pts',(13.4959418026271,7.91276531640998,-9.12851260456201));
#6838=CARTESIAN_POINT('Ctrl Pts',(13.2860135183083,8.20170681155903,-9.12851260456201));
#6839=CARTESIAN_POINT('',(13.2534493573657,7.41969201144652,-8.32416127867782));
#6840=CARTESIAN_POINT('Ctrl Pts',(13.7697213372019,7.47789333002148,-7.82457207245411));
#6841=CARTESIAN_POINT('Ctrl Pts',(14.309712952232,7.87022020308396,-8.42830105169086));
#6842=CARTESIAN_POINT('Ctrl Pts',(13.5509485271343,7.31894557954554,-8.12353893203036));
#6843=CARTESIAN_POINT('Ctrl Pts',(14.0909401421644,7.71127245260802,-8.72726791126711));
#6844=CARTESIAN_POINT('Ctrl Pts',(13.2534493573657,7.41969201144652,-8.32416127867782));
#6845=CARTESIAN_POINT('Ctrl Pts',(13.7934409723958,7.812018884509,-8.92789025791456));
#6846=CARTESIAN_POINT('',(13.7697213372019,7.47789333002148,-7.82457207245411));
#6847=CARTESIAN_POINT('Ctrl Pts',(13.2534493573657,7.41969201144652,-8.32416127867782));
#6848=CARTESIAN_POINT('Ctrl Pts',(13.5509485271343,7.31894557954554,-8.12353893203036));
#6849=CARTESIAN_POINT('Ctrl Pts',(13.7697213372019,7.47789333002148,-7.82457207245411));
#6850=CARTESIAN_POINT('',(14.309712952232,7.87022020308396,-8.42830105169086));
#6851=CARTESIAN_POINT('Ctrl Pts',(14.309712952232,7.87022020308396,-8.42830105169086));
#6852=CARTESIAN_POINT('Ctrl Pts',(14.0909401421644,7.71127245260802,-8.72726791126711));
#6853=CARTESIAN_POINT('Ctrl Pts',(13.7934409723958,7.812018884509,-8.92789025791456));
#6854=CARTESIAN_POINT('',(13.7697213372019,7.47789333002148,-7.82457207245411));
#6855=CARTESIAN_POINT('Ctrl Pts',(13.9836511533256,7.95021467020596,-7.32629441520584));
#6856=CARTESIAN_POINT('Ctrl Pts',(14.5236427683557,8.34254154326843,-7.93002339444259));
#6857=CARTESIAN_POINT('Ctrl Pts',(13.9865749853828,7.63544672776875,-7.52822786878324));
#6858=CARTESIAN_POINT('Ctrl Pts',(14.5265666004129,8.02777360083123,-8.13195684801999));
#6859=CARTESIAN_POINT('Ctrl Pts',(13.7697213372019,7.47789333002148,-7.82457207245411));
#6860=CARTESIAN_POINT('Ctrl Pts',(14.309712952232,7.87022020308396,-8.42830105169086));
#6861=CARTESIAN_POINT('',(13.9836511533256,7.95021467020596,-7.32629441520584));
#6862=CARTESIAN_POINT('Ctrl Pts',(13.7697213372019,7.47789333002148,-7.82457207245411));
#6863=CARTESIAN_POINT('Ctrl Pts',(13.9865749853828,7.63544672776875,-7.52822786878324));
#6864=CARTESIAN_POINT('Ctrl Pts',(13.9836511533256,7.95021467020596,-7.32629441520584));
#6865=CARTESIAN_POINT('',(14.5236427683557,8.34254154326843,-7.93002339444259));
#6866=CARTESIAN_POINT('Ctrl Pts',(14.5236427683557,8.34254154326843,-7.93002339444259));
#6867=CARTESIAN_POINT('Ctrl Pts',(14.5265666004129,8.02777360083123,-8.13195684801998));
#6868=CARTESIAN_POINT('Ctrl Pts',(14.309712952232,7.87022020308396,-8.42830105169086));
#6869=CARTESIAN_POINT('',(13.9836511533256,7.95021467020596,-7.32629441520584));
#6870=CARTESIAN_POINT('Ctrl Pts',(13.7707993604219,8.55392434280868,-7.12436051958295));
#6871=CARTESIAN_POINT('Ctrl Pts',(14.310790975452,8.94625121587116,-7.7280894988197));
#6872=CARTESIAN_POINT('Ctrl Pts',(13.9807276447408,8.26498284765963,-7.12436051958295));
#6873=CARTESIAN_POINT('Ctrl Pts',(14.5207192597708,8.65730972072211,-7.7280894988197));
#6874=CARTESIAN_POINT('Ctrl Pts',(13.9836511533256,7.95021467020596,-7.32629441520584));
#6875=CARTESIAN_POINT('Ctrl Pts',(14.5236427683557,8.34254154326843,-7.93002339444259));
#6876=CARTESIAN_POINT('Ctrl Pts',(13.9836511533256,7.95021467020596,-7.32629441520584));
#6877=CARTESIAN_POINT('Ctrl Pts',(13.9807276447408,8.26498284765963,-7.12436051958295));
#6878=CARTESIAN_POINT('Ctrl Pts',(13.7707993604219,8.55392434280868,-7.12436051958295));
#6879=CARTESIAN_POINT('Ctrl Pts',(14.310790975452,8.94625121587116,-7.7280894988197));
#6880=CARTESIAN_POINT('Ctrl Pts',(14.5207192597708,8.65730972072211,-7.7280894988197));
#6881=CARTESIAN_POINT('Ctrl Pts',(14.5236427683557,8.34254154326843,-7.93002339444259));
#6882=CARTESIAN_POINT('Origin',(13.1083406644739,9.52376729980685,-8.42830105169086));
#6883=CARTESIAN_POINT('Origin',(12.1960517629882,8.86095027956567,-8.33334004150149));
#6884=CARTESIAN_POINT('',(15.0738483581009,4.90000307502514,-8.33334004150149));
#6885=CARTESIAN_POINT('Origin',(12.1960517629882,8.86095027956567,-8.33334004150149));
#6886=CARTESIAN_POINT('',(14.5338567430709,4.50767620196266,-7.72961106226474));
#6887=CARTESIAN_POINT('',(15.0738483581009,4.90000307502514,-8.33334004150149));
#6888=CARTESIAN_POINT('Origin',(11.6560601479581,8.46862340650319,-7.72961106226474));
#6889=CARTESIAN_POINT('Origin',(12.1960517629882,8.86095027956567,-8.33334004150149));
#6890=CARTESIAN_POINT('',(14.9570621247051,3.92518396600082,-7.72961106226474));
#6891=CARTESIAN_POINT('',(15.4970537397352,4.3175108390633,-8.33334004150149));
#6892=CARTESIAN_POINT('Origin',(11.6560601479581,8.46862340650319,-7.72961106226474));
#6893=CARTESIAN_POINT('Origin',(11.6560601479581,8.46862340650319,-7.72961106226474));
#6894=CARTESIAN_POINT('Ctrl Pts',(12.2423818239171,-8.06292060887973,-8.81049229163076));
#6895=CARTESIAN_POINT('Ctrl Pts',(11.7023902089091,-7.67059373578694,-8.20676331239401));
#6896=CARTESIAN_POINT('Ctrl Pts',(12.0658196238677,-8.0985507284027,-8.94526046902813));
#6897=CARTESIAN_POINT('Ctrl Pts',(11.5258280088596,-7.7062238553099,-8.34153148979138));
#6898=CARTESIAN_POINT('Ctrl Pts',(11.9003538955102,-8.0572524469888,-9.12009476575001));
#6899=CARTESIAN_POINT('Ctrl Pts',(11.3603622805021,-7.66492557389601,-8.51636578651327));
#6900=CARTESIAN_POINT('',(11.7023902089091,-7.67059373578694,-8.20676331239401));
#6901=CARTESIAN_POINT('',(12.2423818239171,-8.06292060887973,-8.81049229163076));
#6902=CARTESIAN_POINT('',(11.3603622805021,-7.66492557389601,-8.51636578651327));
#6903=CARTESIAN_POINT('Ctrl Pts',(11.7023902089091,-7.67059373578693,-8.20676331239402));
#6904=CARTESIAN_POINT('Ctrl Pts',(11.5258280088596,-7.7062238553099,-8.34153148979138));
#6905=CARTESIAN_POINT('Ctrl Pts',(11.3603622805021,-7.66492557389601,-8.51636578651327));
#6906=CARTESIAN_POINT('',(11.9003538955102,-8.0572524469888,-9.12009476575001));
#6907=CARTESIAN_POINT('Ctrl Pts',(12.8808799282507,-7.82868334943323,-8.39161882410583));
#6908=CARTESIAN_POINT('Ctrl Pts',(12.3408883132427,-7.43635647634044,-7.78788984486908));
#6909=CARTESIAN_POINT('Ctrl Pts',(12.4189436736193,-8.02729097156847,-8.6757241142334));
#6910=CARTESIAN_POINT('Ctrl Pts',(11.8789520586112,-7.63496409847567,-8.07199513499665));
#6911=CARTESIAN_POINT('Ctrl Pts',(12.2423818239171,-8.06292060887973,-8.81049229163076));
#6912=CARTESIAN_POINT('Ctrl Pts',(11.7023902089091,-7.67059373578694,-8.20676331239401));
#6913=CARTESIAN_POINT('',(12.3408883132427,-7.43635647634044,-7.78788984486908));
#6914=CARTESIAN_POINT('',(12.8808799282507,-7.82868334943323,-8.39161882410583));
#6915=CARTESIAN_POINT('Ctrl Pts',(12.3408883132427,-7.43635647634044,-7.78788984486908));
#6916=CARTESIAN_POINT('Ctrl Pts',(11.8789520586112,-7.63496409847567,-8.07199513499665));
#6917=CARTESIAN_POINT('Ctrl Pts',(11.7023902089091,-7.67059373578693,-8.20676331239402));
#6918=CARTESIAN_POINT('Ctrl Pts',(13.9140337677551,-7.51086416559709,-7.67406936293852));
#6919=CARTESIAN_POINT('Ctrl Pts',(13.3740421527471,-7.1185372925043,-7.07034038370178));
#6920=CARTESIAN_POINT('Ctrl Pts',(13.5682338818684,-7.53280830447532,-7.96910201763396));
#6921=CARTESIAN_POINT('Ctrl Pts',(13.0282422668603,-7.14048143138253,-7.36537303839721));
#6922=CARTESIAN_POINT('Ctrl Pts',(12.8808799282507,-7.82868334943323,-8.39161882410583));
#6923=CARTESIAN_POINT('Ctrl Pts',(12.3408883132427,-7.43635647634044,-7.78788984486908));
#6924=CARTESIAN_POINT('',(13.3740421527471,-7.1185372925043,-7.07034038370178));
#6925=CARTESIAN_POINT('',(13.9140337677551,-7.51086416559709,-7.67406936293852));
#6926=CARTESIAN_POINT('Ctrl Pts',(13.3740421527471,-7.1185372925043,-7.07034038370178));
#6927=CARTESIAN_POINT('Ctrl Pts',(13.0282422668603,-7.14048143138252,-7.36537303839721));
#6928=CARTESIAN_POINT('Ctrl Pts',(12.3408883132427,-7.43635647634044,-7.78788984486908));
#6929=CARTESIAN_POINT('Ctrl Pts',(14.5157084271633,-7.67482393153688,-7.02936767275383));
#6930=CARTESIAN_POINT('Ctrl Pts',(13.9757168121553,-7.28249705844408,-6.42563869351709));
#6931=CARTESIAN_POINT('Ctrl Pts',(14.2598339771143,-7.48892026173533,-7.3790362661976));
#6932=CARTESIAN_POINT('Ctrl Pts',(13.7198423621063,-7.09659338864254,-6.77530728696085));
#6933=CARTESIAN_POINT('Ctrl Pts',(13.9140337677551,-7.51086416559709,-7.67406936293852));
#6934=CARTESIAN_POINT('Ctrl Pts',(13.3740421527471,-7.1185372925043,-7.07034038370178));
#6935=CARTESIAN_POINT('',(13.9757168121553,-7.28249705844408,-6.42563869351709));
#6936=CARTESIAN_POINT('',(14.5157084271633,-7.67482393153688,-7.02936767275383));
#6937=CARTESIAN_POINT('Ctrl Pts',(13.9757168121553,-7.28249705844408,-6.42563869351709));
#6938=CARTESIAN_POINT('Ctrl Pts',(13.7198423621063,-7.09659338864254,-6.77530728696085));
#6939=CARTESIAN_POINT('Ctrl Pts',(13.3740421527471,-7.1185372925043,-7.07034038370178));
#6940=CARTESIAN_POINT('Ctrl Pts',(14.9004937273152,-8.73144118326824,-5.99857372465682));
#6941=CARTESIAN_POINT('Ctrl Pts',(14.3605021123072,-8.33911431017544,-5.39484474542007));
#6942=CARTESIAN_POINT('Ctrl Pts',(14.9581578892155,-7.99628228222988,-6.42473254393915));
#6943=CARTESIAN_POINT('Ctrl Pts',(14.4181662742075,-7.60395540913709,-5.8210035647024));
#6944=CARTESIAN_POINT('Ctrl Pts',(14.5157084271633,-7.67482393153688,-7.02936767275383));
#6945=CARTESIAN_POINT('Ctrl Pts',(13.9757168121553,-7.28249705844408,-6.42563869351709));
#6946=CARTESIAN_POINT('',(14.3605021123072,-8.33911431017544,-5.39484474542007));
#6947=CARTESIAN_POINT('',(14.9004937273152,-8.73144118326824,-5.99857372465682));
#6948=CARTESIAN_POINT('Ctrl Pts',(14.3605021123072,-8.33911431017544,-5.39484474542007));
#6949=CARTESIAN_POINT('Ctrl Pts',(14.4181662742075,-7.60395540913709,-5.8210035647024));
#6950=CARTESIAN_POINT('Ctrl Pts',(13.9757168121553,-7.28249705844408,-6.42563869351709));
#6951=CARTESIAN_POINT('Ctrl Pts',(14.2221672577598,-10.3208677829924,-5.57241534741997));
#6952=CARTESIAN_POINT('Ctrl Pts',(13.6821756427518,-9.92854090989958,-4.96868636818323));
#6953=CARTESIAN_POINT('Ctrl Pts',(14.8428299426371,-9.46659888486671,-5.57241534741997));
#6954=CARTESIAN_POINT('Ctrl Pts',(14.302838327629,-9.07427201177391,-4.96868636818323));
#6955=CARTESIAN_POINT('Ctrl Pts',(14.9004937273152,-8.73144118326824,-5.99857372465682));
#6956=CARTESIAN_POINT('Ctrl Pts',(14.3605021123072,-8.33911431017544,-5.39484474542007));
#6957=CARTESIAN_POINT('',(13.6821756427518,-9.92854090989958,-4.96868636818323));
#6958=CARTESIAN_POINT('',(14.2221672577598,-10.3208677829924,-5.57241534741997));
#6959=CARTESIAN_POINT('Ctrl Pts',(13.6821756427518,-9.92854090989958,-4.96868636818323));
#6960=CARTESIAN_POINT('Ctrl Pts',(14.302838327629,-9.07427201177391,-4.96868636818323));
#6961=CARTESIAN_POINT('Ctrl Pts',(14.3605021123072,-8.33911431017544,-5.39484474542007));
#6962=CARTESIAN_POINT('Ctrl Pts',(12.9891019374515,-11.4070868987593,-5.96943452785467));
#6963=CARTESIAN_POINT('Ctrl Pts',(12.4491103224434,-11.0147600256665,-5.36570554861792));
#6964=CARTESIAN_POINT('Ctrl Pts',(13.6361462143674,-11.1274565520858,-5.57241534741997));
#6965=CARTESIAN_POINT('Ctrl Pts',(13.0961545993593,-10.735129678993,-4.96868636818323));
#6966=CARTESIAN_POINT('Ctrl Pts',(14.2221672577598,-10.3208677829924,-5.57241534741997));
#6967=CARTESIAN_POINT('Ctrl Pts',(13.6821756427518,-9.92854090989958,-4.96868636818323));
#6968=CARTESIAN_POINT('',(12.4491103224434,-11.0147600256665,-5.36570554861792));
#6969=CARTESIAN_POINT('',(12.9891019374515,-11.4070868987593,-5.96943452785467));
#6970=CARTESIAN_POINT('Ctrl Pts',(12.4491103224434,-11.0147600256665,-5.36570554861792));
#6971=CARTESIAN_POINT('Ctrl Pts',(13.0961545993593,-10.735129678993,-4.96868636818323));
#6972=CARTESIAN_POINT('Ctrl Pts',(13.6821756427518,-9.92854090989958,-4.96868636818323));
#6973=CARTESIAN_POINT('Ctrl Pts',(11.7234889234718,-11.3890683766656,-7.11314236625882));
#6974=CARTESIAN_POINT('Ctrl Pts',(11.1834973084638,-10.9967415035729,-6.50941338702207));
#6975=CARTESIAN_POINT('Ctrl Pts',(12.3420576874104,-11.6867165282047,-6.36645415033486));
#6976=CARTESIAN_POINT('Ctrl Pts',(11.8020660724024,-11.2943896551119,-5.76272517109811));
#6977=CARTESIAN_POINT('Ctrl Pts',(12.9891019374515,-11.4070868987593,-5.96943452785467));
#6978=CARTESIAN_POINT('Ctrl Pts',(12.4491103224434,-11.0147600256665,-5.36570554861792));
#6979=CARTESIAN_POINT('',(11.1834973084638,-10.9967415035729,-6.50941338702207));
#6980=CARTESIAN_POINT('',(11.7234889234718,-11.3890683766656,-7.11314236625882));
#6981=CARTESIAN_POINT('Ctrl Pts',(11.1834973084638,-10.9967415035729,-6.50941338702207));
#6982=CARTESIAN_POINT('Ctrl Pts',(11.8020660724024,-11.2943896551119,-5.76272517109811));
#6983=CARTESIAN_POINT('Ctrl Pts',(12.4491103224434,-11.0147600256665,-5.36570554861792));
#6984=CARTESIAN_POINT('Origin',(12.198909394186,-10.6113967201134,-7.19327504695335));
#6985=CARTESIAN_POINT('',(11.658917779178,-10.2190698470206,-6.5895460677166));
#6986=CARTESIAN_POINT('',(12.198909394186,-10.6113967201134,-7.19327504695335));
#6987=CARTESIAN_POINT('',(11.658917779178,-10.2190698470206,-6.5895460677166));
#6988=CARTESIAN_POINT('Ctrl Pts',(13.0901827393439,-10.6458004091879,-6.37373906004677));
#6989=CARTESIAN_POINT('Ctrl Pts',(12.5501911243359,-10.2534735360951,-5.77001008081002));
#6990=CARTESIAN_POINT('Ctrl Pts',(12.6759927436573,-10.8123205533034,-6.6359905051296));
#6991=CARTESIAN_POINT('Ctrl Pts',(12.1360011286492,-10.4199936802106,-6.03226152589285));
#6992=CARTESIAN_POINT('Ctrl Pts',(12.198909394186,-10.6113967201134,-7.19327504695335));
#6993=CARTESIAN_POINT('Ctrl Pts',(11.658917779178,-10.2190698470206,-6.5895460677166));
#6994=CARTESIAN_POINT('',(12.5501911243359,-10.2534735360951,-5.77001008081002));
#6995=CARTESIAN_POINT('',(13.0901827393439,-10.6458004091879,-6.37373906004677));
#6996=CARTESIAN_POINT('Ctrl Pts',(12.5501911243359,-10.2534735360951,-5.77001008081002));
#6997=CARTESIAN_POINT('Ctrl Pts',(12.1360011286492,-10.4199936802106,-6.03226152589285));
#6998=CARTESIAN_POINT('Ctrl Pts',(11.658917779178,-10.2190698470206,-6.5895460677166));
#6999=CARTESIAN_POINT('Ctrl Pts',(13.8363548406366,-10.0223460970232,-6.11148761496395));
#7000=CARTESIAN_POINT('Ctrl Pts',(13.2963632256286,-9.63001922393045,-5.5077586357272));
#7001=CARTESIAN_POINT('Ctrl Pts',(13.5043723846832,-10.4792807472842,-6.11148761496395));
#7002=CARTESIAN_POINT('Ctrl Pts',(12.9643807696752,-10.0869538741914,-5.5077586357272));
#7003=CARTESIAN_POINT('Ctrl Pts',(13.0901827393439,-10.6458004091879,-6.37373906004677));
#7004=CARTESIAN_POINT('Ctrl Pts',(12.5501911243359,-10.2534735360951,-5.77001008081002));
#7005=CARTESIAN_POINT('',(13.2963632256286,-9.63001922393045,-5.5077586357272));
#7006=CARTESIAN_POINT('',(13.8363548406366,-10.0223460970232,-6.11148761496395));
#7007=CARTESIAN_POINT('Ctrl Pts',(13.2963632256286,-9.63001922393045,-5.5077586357272));
#7008=CARTESIAN_POINT('Ctrl Pts',(12.9643807696752,-10.0869538741914,-5.5077586357272));
#7009=CARTESIAN_POINT('Ctrl Pts',(12.5501911243359,-10.2534735360951,-5.77001008081002));
#7010=CARTESIAN_POINT('Ctrl Pts',(14.2047060505176,-9.06975264153057,-6.40105702942094));
#7011=CARTESIAN_POINT('Ctrl Pts',(13.6647144355096,-8.67742576843778,-5.79732805018419));
#7012=CARTESIAN_POINT('Ctrl Pts',(14.1798843936359,-9.54951823115549,-6.11148761496395));
#7013=CARTESIAN_POINT('Ctrl Pts',(13.6398927786278,-9.1571913580627,-5.5077586357272));
#7014=CARTESIAN_POINT('Ctrl Pts',(13.8363548406366,-10.0223460970232,-6.11148761496395));
#7015=CARTESIAN_POINT('Ctrl Pts',(13.2963632256286,-9.63001922393045,-5.5077586357272));
#7016=CARTESIAN_POINT('',(13.6647144355096,-8.67742576843778,-5.79732805018419));
#7017=CARTESIAN_POINT('',(14.2047060505176,-9.06975264153057,-6.40105702942094));
#7018=CARTESIAN_POINT('Ctrl Pts',(13.6647144355096,-8.67742576843778,-5.79732805018419));
#7019=CARTESIAN_POINT('Ctrl Pts',(13.6398927786278,-9.15719135806269,-5.5077586357272));
#7020=CARTESIAN_POINT('Ctrl Pts',(13.2963632256286,-9.63001922393045,-5.5077586357272));
#7021=CARTESIAN_POINT('Ctrl Pts',(13.9496651893945,-8.38665503056846,-7.0730762469343));
#7022=CARTESIAN_POINT('Ctrl Pts',(13.4096735743865,-7.99432815747566,-6.46934726769756));
#7023=CARTESIAN_POINT('Ctrl Pts',(14.2295277073994,-8.58998705190566,-6.69062644387793));
#7024=CARTESIAN_POINT('Ctrl Pts',(13.6895360923914,-8.19766017881286,-6.08689746464118));
#7025=CARTESIAN_POINT('Ctrl Pts',(14.2047060505176,-9.06975264153057,-6.40105702942094));
#7026=CARTESIAN_POINT('Ctrl Pts',(13.6647144355096,-8.67742576843778,-5.79732805018419));
#7027=CARTESIAN_POINT('',(13.4096735743865,-7.99432815747566,-6.46934726769756));
#7028=CARTESIAN_POINT('',(13.9496651893945,-8.38665503056846,-7.0730762469343));
#7029=CARTESIAN_POINT('Ctrl Pts',(13.4096735743865,-7.99432815747566,-6.46934726769756));
#7030=CARTESIAN_POINT('Ctrl Pts',(13.6895360923914,-8.19766017881286,-6.08689746464118));
#7031=CARTESIAN_POINT('Ctrl Pts',(13.6647144355096,-8.67742576843778,-5.79732805018419));
#7032=CARTESIAN_POINT('Ctrl Pts',(13.5836414927158,-8.29070269421471,-7.46281140174808));
#7033=CARTESIAN_POINT('Ctrl Pts',(13.0436498777077,-7.89837582112192,-6.85908242251133));
#7034=CARTESIAN_POINT('Ctrl Pts',(13.795074160175,-8.27433807338571,-7.28433465017024));
#7035=CARTESIAN_POINT('Ctrl Pts',(13.255082545167,-7.88201120029292,-6.68060567093349));
#7036=CARTESIAN_POINT('Ctrl Pts',(13.9496651893945,-8.38665503056846,-7.0730762469343));
#7037=CARTESIAN_POINT('Ctrl Pts',(13.4096735743865,-7.99432815747566,-6.46934726769756));
#7038=CARTESIAN_POINT('',(13.0436498777077,-7.89837582112192,-6.85908242251133));
#7039=CARTESIAN_POINT('',(13.5836414927158,-8.29070269421471,-7.46281140174808));
#7040=CARTESIAN_POINT('Ctrl Pts',(13.0436498777077,-7.89837582112192,-6.85908242251133));
#7041=CARTESIAN_POINT('Ctrl Pts',(13.255082545167,-7.88201120029291,-6.68060567093349));
#7042=CARTESIAN_POINT('Ctrl Pts',(13.4096735743865,-7.99432815747566,-6.46934726769756));
#7043=CARTESIAN_POINT('Ctrl Pts',(12.8824001226619,-8.51881484310686,-7.94178449030528));
#7044=CARTESIAN_POINT('Ctrl Pts',(12.3424085076538,-8.12648797001407,-7.33805551106853));
#7045=CARTESIAN_POINT('Ctrl Pts',(13.3722084480343,-8.3070685144836,-7.64128771128042));
#7046=CARTESIAN_POINT('Ctrl Pts',(12.8322168330263,-7.9147416413908,-7.03755873204368));
#7047=CARTESIAN_POINT('Ctrl Pts',(13.5836414927158,-8.29070269421471,-7.46281140174808));
#7048=CARTESIAN_POINT('Ctrl Pts',(13.0436498777077,-7.89837582112192,-6.85908242251133));
#7049=CARTESIAN_POINT('',(12.3424085076538,-8.12648797001407,-7.33805551106853));
#7050=CARTESIAN_POINT('',(12.8824001226619,-8.51881484310686,-7.94178449030528));
#7051=CARTESIAN_POINT('Ctrl Pts',(12.3424085076538,-8.12648797001406,-7.33805551106853));
#7052=CARTESIAN_POINT('Ctrl Pts',(12.8322168330263,-7.9147416413908,-7.03755873204368));
#7053=CARTESIAN_POINT('Ctrl Pts',(13.0436498777077,-7.89837582112192,-6.85908242251133));
#7054=CARTESIAN_POINT('Ctrl Pts',(12.1740566847695,-8.79033311980347,-8.39890284972675));
#7055=CARTESIAN_POINT('Ctrl Pts',(11.6340650697615,-8.39800624671068,-7.79517387049));
#7056=CARTESIAN_POINT('Ctrl Pts',(12.3925917704145,-8.7305618889583,-8.24228082728464));
#7057=CARTESIAN_POINT('Ctrl Pts',(11.8526001554065,-8.33823501586551,-7.63855184804789));
#7058=CARTESIAN_POINT('Ctrl Pts',(12.8824001226619,-8.51881484310686,-7.94178449030528));
#7059=CARTESIAN_POINT('Ctrl Pts',(12.3424085076538,-8.12648797001407,-7.33805551106853));
#7060=CARTESIAN_POINT('',(11.6340650697615,-8.39800624671068,-7.79517387049));
#7061=CARTESIAN_POINT('',(12.1740566847695,-8.79033311980347,-8.39890284972675));
#7062=CARTESIAN_POINT('Ctrl Pts',(11.6340650697615,-8.39800624671068,-7.79517387049001));
#7063=CARTESIAN_POINT('Ctrl Pts',(11.8526001554065,-8.33823501586551,-7.6385518480479));
#7064=CARTESIAN_POINT('Ctrl Pts',(12.3424085076538,-8.12648797001406,-7.33805551106853));
#7065=CARTESIAN_POINT('Ctrl Pts',(11.6572462265035,-8.84587001944693,-8.82506211105458));
#7066=CARTESIAN_POINT('Ctrl Pts',(11.1172546114955,-8.45354314635414,-8.22133313181783));
#7067=CARTESIAN_POINT('Ctrl Pts',(11.8753471384684,-8.87077380249095,-8.61380326577315));
#7068=CARTESIAN_POINT('Ctrl Pts',(11.3353555234604,-8.47844692939815,-8.0100742865364));
#7069=CARTESIAN_POINT('Ctrl Pts',(12.1740566847695,-8.79033311980347,-8.39890284972675));
#7070=CARTESIAN_POINT('Ctrl Pts',(11.6340650697615,-8.39800624671068,-7.79517387049));
#7071=CARTESIAN_POINT('',(11.1172546114955,-8.45354314635414,-8.22133313181783));
#7072=CARTESIAN_POINT('',(11.6572462265035,-8.84587001944693,-8.82506211105458));
#7073=CARTESIAN_POINT('Ctrl Pts',(11.1172546114955,-8.45354314635414,-8.22133313181783));
#7074=CARTESIAN_POINT('Ctrl Pts',(11.3353555234604,-8.47844692939815,-8.0100742865364));
#7075=CARTESIAN_POINT('Ctrl Pts',(11.6340650697615,-8.39800624671068,-7.79517387049001));
#7076=CARTESIAN_POINT('Ctrl Pts',(11.0828819375944,-8.61069182399305,-9.49161720423852));
#7077=CARTESIAN_POINT('Ctrl Pts',(10.5428903225863,-8.21836495090026,-8.88788822500177));
#7078=CARTESIAN_POINT('Ctrl Pts',(11.365409868366,-8.81596038106009,-9.1055249463262));
#7079=CARTESIAN_POINT('Ctrl Pts',(10.825418253358,-8.4236335079673,-8.50179596708945));
#7080=CARTESIAN_POINT('Ctrl Pts',(11.6572462265035,-8.84587001944693,-8.82506211105458));
#7081=CARTESIAN_POINT('Ctrl Pts',(11.1172546114955,-8.45354314635414,-8.22133313181783));
#7082=CARTESIAN_POINT('',(10.5428903225863,-8.21836495090026,-8.88788822500177));
#7083=CARTESIAN_POINT('',(11.0828819375944,-8.61069182399305,-9.49161720423852));
#7084=CARTESIAN_POINT('Ctrl Pts',(10.5428903225863,-8.21836495090026,-8.88788822500177));
#7085=CARTESIAN_POINT('Ctrl Pts',(10.825418253358,-8.4236335079673,-8.50179596708945));
#7086=CARTESIAN_POINT('Ctrl Pts',(11.1172546114955,-8.45354314635414,-8.22133313181783));
#7087=CARTESIAN_POINT('Ctrl Pts',(10.9418390978177,-8.50214735025857,-9.68830623009613));
#7088=CARTESIAN_POINT('Ctrl Pts',(10.4018474828097,-8.10982047716578,-9.08457725085938));
#7089=CARTESIAN_POINT('Ctrl Pts',(11.0349051547378,-8.57583465088879,-9.55718050755472));
#7090=CARTESIAN_POINT('Ctrl Pts',(10.4949135397297,-8.183507777796,-8.95345152831797));
#7091=CARTESIAN_POINT('Ctrl Pts',(11.0828819375944,-8.61069182399305,-9.49161720423852));
#7092=CARTESIAN_POINT('Ctrl Pts',(10.5428903225863,-8.21836495090026,-8.88788822500177));
#7093=CARTESIAN_POINT('',(10.4018474828097,-8.10982047716578,-9.08457725085938));
#7094=CARTESIAN_POINT('',(10.9418390978177,-8.50214735025857,-9.68830623009613));
#7095=CARTESIAN_POINT('Ctrl Pts',(10.4018474828097,-8.10982047716578,-9.08457725085938));
#7096=CARTESIAN_POINT('Ctrl Pts',(10.4949135397297,-8.18350777779599,-8.95345152831797));
#7097=CARTESIAN_POINT('Ctrl Pts',(10.5428903225863,-8.21836495090026,-8.88788822500177));
#7098=CARTESIAN_POINT('Origin',(11.4412560374983,-7.81475890374575,-9.68830623009613));
#7099=CARTESIAN_POINT('',(10.9012644224902,-7.42243203065295,-9.08457725085938));
#7100=CARTESIAN_POINT('',(11.4412560374983,-7.81475890374575,-9.68830623009613));
#7101=CARTESIAN_POINT('',(10.9012644224902,-7.42243203065295,-9.08457725085938));
#7102=CARTESIAN_POINT('Ctrl Pts',(11.9003538955102,-8.0572524469888,-9.12009476575001));
#7103=CARTESIAN_POINT('Ctrl Pts',(11.3603622805021,-7.66492557389601,-8.51636578651327));
#7104=CARTESIAN_POINT('Ctrl Pts',(11.7348881671526,-8.01595416557491,-9.29492906247189));
#7105=CARTESIAN_POINT('Ctrl Pts',(11.1948965521446,-7.62362729248212,-8.69120008323515));
#7106=CARTESIAN_POINT('Ctrl Pts',(11.4412560374983,-7.81475890374575,-9.68830623009613));
#7107=CARTESIAN_POINT('Ctrl Pts',(10.9012644224902,-7.42243203065295,-9.08457725085938));
#7108=CARTESIAN_POINT('Ctrl Pts',(11.3603622805021,-7.66492557389601,-8.51636578651327));
#7109=CARTESIAN_POINT('Ctrl Pts',(11.1948965521446,-7.62362729248211,-8.69120008323515));
#7110=CARTESIAN_POINT('Ctrl Pts',(10.9012644224902,-7.42243203065295,-9.08457725085938));
#7111=CARTESIAN_POINT('Origin',(12.1704742874244,-8.8423669218891,-7.02663180952131));
#7112=CARTESIAN_POINT('Origin',(10.4942883368516,-8.24376059140867,-10.2565176944423));
#7113=CARTESIAN_POINT('',(9.95429672184359,-7.85143371831588,-9.6527887152055));
#7114=CARTESIAN_POINT('',(10.4942883368516,-8.24376059140867,-10.2565176944423));
#7115=CARTESIAN_POINT('',(10.5460914889326,-7.03689810031318,-9.6527887152055));
#7116=CARTESIAN_POINT('',(9.95429672184359,-7.85143371831588,-9.6527887152055));
#7117=CARTESIAN_POINT('',(11.0860831039407,-7.42922497340597,-10.2565176944423));
#7118=CARTESIAN_POINT('Origin',(9.9478897177308,-7.84677875735055,-11.0032059103662));
#7119=CARTESIAN_POINT('',(9.40789810272277,-7.45445188425776,-10.3994769311295));
#7120=CARTESIAN_POINT('',(9.9478897177308,-7.84677875735055,-11.0032059103662));
#7121=CARTESIAN_POINT('',(9.40789810272277,-7.45445188425776,-10.3994769311295));
#7122=CARTESIAN_POINT('Origin',(10.5396844848198,-7.03224313934785,-11.0032059103662));
#7123=CARTESIAN_POINT('',(9.99969286981179,-6.63991626625506,-10.3994769311295));
#7124=CARTESIAN_POINT('',(10.5396844848198,-7.03224313934785,-11.0032059103662));
#7125=CARTESIAN_POINT('',(9.99969286981179,-6.63991626625506,-10.3994769311295));
#7126=CARTESIAN_POINT('Origin',(11.0860831039407,-7.42922497340597,-10.2565176944423));
#7127=CARTESIAN_POINT('',(10.5460914889326,-7.03689810031318,-9.6527887152055));
#7128=CARTESIAN_POINT('Origin',(9.97699479582769,-7.24567499228547,-10.0261328231675));
#7129=CARTESIAN_POINT('Ctrl Pts',(-2.5771373972906,14.0505638464048,-9.34592254636428));
#7130=CARTESIAN_POINT('Ctrl Pts',(-2.37087895401109,13.4157656310594,-8.74219356712753));
#7131=CARTESIAN_POINT('Ctrl Pts',(-1.68198588918225,13.8702977543748,-9.84128579768229));
#7132=CARTESIAN_POINT('Ctrl Pts',(-1.47572744590274,13.2354995390295,-9.23755681844554));
#7133=CARTESIAN_POINT('Ctrl Pts',(-1.41774583690645,13.7881451645024,-10.0179413218322));
#7134=CARTESIAN_POINT('Ctrl Pts',(-1.21148739362694,13.153346949157,-9.4142123425954));
#7135=CARTESIAN_POINT('',(-2.37087895401109,13.4157656310594,-8.74219356712753));
#7136=CARTESIAN_POINT('',(-2.5771373972906,14.0505638464048,-9.34592254636428));
#7137=CARTESIAN_POINT('',(-1.21148739362694,13.153346949157,-9.4142123425954));
#7138=CARTESIAN_POINT('Ctrl Pts',(-2.37087895401109,13.4157656310594,-8.74219356712753));
#7139=CARTESIAN_POINT('Ctrl Pts',(-1.47572744590274,13.2354995390295,-9.23755681844554));
#7140=CARTESIAN_POINT('Ctrl Pts',(-1.21148739362694,13.153346949157,-9.4142123425954));
#7141=CARTESIAN_POINT('',(-1.41774583690645,13.7881451645024,-10.0179413218322));
#7142=CARTESIAN_POINT('Ctrl Pts',(-4.13598894318093,14.4378031683851,-8.40618775943867));
#7143=CARTESIAN_POINT('Ctrl Pts',(-3.92973049990143,13.8030049530397,-7.80245878020192));
#7144=CARTESIAN_POINT('Ctrl Pts',(-3.65026559404427,14.2699971771179,-8.74857232726151));
#7145=CARTESIAN_POINT('Ctrl Pts',(-3.44400715076477,13.6351989617726,-8.14484334802476));
#7146=CARTESIAN_POINT('Ctrl Pts',(-2.5771373972906,14.0505638464048,-9.34592254636428));
#7147=CARTESIAN_POINT('Ctrl Pts',(-2.37087895401109,13.4157656310594,-8.74219356712753));
#7148=CARTESIAN_POINT('',(-3.92973049990143,13.8030049530397,-7.80245878020192));
#7149=CARTESIAN_POINT('',(-4.13598894318093,14.4378031683851,-8.40618775943867));
#7150=CARTESIAN_POINT('Ctrl Pts',(-3.92973049990143,13.8030049530397,-7.80245878020192));
#7151=CARTESIAN_POINT('Ctrl Pts',(-3.44400715076477,13.6351989617726,-8.14484334802476));
#7152=CARTESIAN_POINT('Ctrl Pts',(-2.37087895401109,13.4157656310594,-8.74219356712753));
#7153=CARTESIAN_POINT('Ctrl Pts',(-4.87640262750684,14.8173038629688,-7.75420160158756));
#7154=CARTESIAN_POINT('Ctrl Pts',(-4.67014418422733,14.1825056476234,-7.15047262235081));
#7155=CARTESIAN_POINT('Ctrl Pts',(-4.62171204520665,14.605608399123,-8.06380407570681));
#7156=CARTESIAN_POINT('Ctrl Pts',(-4.41545360192714,13.9708101837776,-7.46007509647006));
#7157=CARTESIAN_POINT('Ctrl Pts',(-4.13598894318093,14.4378031683851,-8.40618775943867));
#7158=CARTESIAN_POINT('Ctrl Pts',(-3.92973049990143,13.8030049530397,-7.80245878020192));
#7159=CARTESIAN_POINT('',(-4.67014418422733,14.1825056476234,-7.15047262235081));
#7160=CARTESIAN_POINT('',(-4.87640262750684,14.8173038629688,-7.75420160158756));
#7161=CARTESIAN_POINT('Ctrl Pts',(-4.67014418422733,14.1825056476234,-7.15047262235081));
#7162=CARTESIAN_POINT('Ctrl Pts',(-4.41545360192714,13.9708101837776,-7.46007509647006));
#7163=CARTESIAN_POINT('Ctrl Pts',(-3.92973049990143,13.8030049530397,-7.80245878020192));
#7164=CARTESIAN_POINT('Ctrl Pts',(-5.22068389975981,15.3047311183927,-7.12406973082669));
#7165=CARTESIAN_POINT('Ctrl Pts',(-5.0144254564803,14.6699329030474,-6.52034075158994));
#7166=CARTESIAN_POINT('Ctrl Pts',(-5.13109320980702,15.0289993268145,-7.44459912746831));
#7167=CARTESIAN_POINT('Ctrl Pts',(-4.92483476652751,14.3942011114692,-6.84087014823156));
#7168=CARTESIAN_POINT('Ctrl Pts',(-4.87640262750684,14.8173038629688,-7.75420160158756));
#7169=CARTESIAN_POINT('Ctrl Pts',(-4.67014418422733,14.1825056476234,-7.15047262235081));
#7170=CARTESIAN_POINT('',(-5.0144254564803,14.6699329030474,-6.52034075158994));
#7171=CARTESIAN_POINT('',(-5.22068389975981,15.3047311183927,-7.12406973082669));
#7172=CARTESIAN_POINT('Ctrl Pts',(-5.0144254564803,14.6699329030474,-6.52034075158994));
#7173=CARTESIAN_POINT('Ctrl Pts',(-4.92483476652751,14.3942011114692,-6.84087014823156));
#7174=CARTESIAN_POINT('Ctrl Pts',(-4.67014418422733,14.1825056476234,-7.15047262235081));
#7175=CARTESIAN_POINT('Ctrl Pts',(-4.94140003473674,16.4000680908376,-6.06777904078348));
#7176=CARTESIAN_POINT('Ctrl Pts',(-4.73514159145723,15.7652698754922,-5.46405006154673));
#7177=CARTESIAN_POINT('Ctrl Pts',(-5.3968111119725,15.8467949399201,-6.49393786006582));
#7178=CARTESIAN_POINT('Ctrl Pts',(-5.19055266869299,15.2119967245747,-5.89020888082907));
#7179=CARTESIAN_POINT('Ctrl Pts',(-5.22068389975981,15.3047311183927,-7.12406973082669));
#7180=CARTESIAN_POINT('Ctrl Pts',(-5.0144254564803,14.6699329030474,-6.52034075158994));
#7181=CARTESIAN_POINT('',(-4.73514159145723,15.7652698754922,-5.46405006154673));
#7182=CARTESIAN_POINT('',(-4.94140003473674,16.4000680908376,-6.06777904078348));
#7183=CARTESIAN_POINT('Ctrl Pts',(-4.73514159145723,15.7652698754922,-5.46405006154673));
#7184=CARTESIAN_POINT('Ctrl Pts',(-5.19055266869299,15.2119967245747,-5.89020888082907));
#7185=CARTESIAN_POINT('Ctrl Pts',(-5.0144254564803,14.6699329030474,-6.52034075158994));
#7186=CARTESIAN_POINT('Ctrl Pts',(-3.50041866646763,17.2735724413033,-5.64162022150115));
#7187=CARTESIAN_POINT('Ctrl Pts',(-3.29416022318812,16.6387742259579,-5.0378912422644));
#7188=CARTESIAN_POINT('Ctrl Pts',(-4.48598839062712,16.9533414259436,-5.64162022150115));
#7189=CARTESIAN_POINT('Ctrl Pts',(-4.27972994734761,16.3185432105982,-5.0378912422644));
#7190=CARTESIAN_POINT('Ctrl Pts',(-4.94140003473674,16.4000680908376,-6.06777904078348));
#7191=CARTESIAN_POINT('Ctrl Pts',(-4.73514159145723,15.7652698754922,-5.46405006154673));
#7192=CARTESIAN_POINT('',(-3.29416022318812,16.6387742259579,-5.0378912422644));
#7193=CARTESIAN_POINT('',(-3.50041866646763,17.2735724413033,-5.64162022150115));
#7194=CARTESIAN_POINT('Ctrl Pts',(-3.29416022318812,16.6387742259579,-5.0378912422644));
#7195=CARTESIAN_POINT('Ctrl Pts',(-4.27972994734761,16.3185432105982,-5.0378912422644));
#7196=CARTESIAN_POINT('Ctrl Pts',(-4.73514159145723,15.7652698754922,-5.46405006154673));
#7197=CARTESIAN_POINT('Ctrl Pts',(-1.83453201817472,17.4389958161296,-6.03681861655336));
#7198=CARTESIAN_POINT('Ctrl Pts',(-1.62827357489522,16.8041976007842,-5.43308963731661));
#7199=CARTESIAN_POINT('Ctrl Pts',(-2.52419102349055,17.5907680304832,-5.64162022150115));
#7200=CARTESIAN_POINT('Ctrl Pts',(-2.31793258021104,16.9559698151379,-5.0378912422644));
#7201=CARTESIAN_POINT('Ctrl Pts',(-3.50041866646763,17.2735724413033,-5.64162022150115));
#7202=CARTESIAN_POINT('Ctrl Pts',(-3.29416022318812,16.6387742259579,-5.0378912422644));
#7203=CARTESIAN_POINT('',(-1.62827357489522,16.8041976007842,-5.43308963731661));
#7204=CARTESIAN_POINT('',(-1.83453201817472,17.4389958161296,-6.03681861655336));
#7205=CARTESIAN_POINT('Ctrl Pts',(-1.62827357489521,16.8041976007842,-5.43308963731661));
#7206=CARTESIAN_POINT('Ctrl Pts',(-2.31793258021104,16.9559698151379,-5.0378912422644));
#7207=CARTESIAN_POINT('Ctrl Pts',(-3.29416022318812,16.6387742259579,-5.0378912422644));
#7208=CARTESIAN_POINT('Ctrl Pts',(-0.845383613871474,16.6674625520631,-7.18599013724144));
#7209=CARTESIAN_POINT('Ctrl Pts',(-0.639125170591967,16.0326643367178,-6.58226115800469));
#7210=CARTESIAN_POINT('Ctrl Pts',(-1.14487357973276,17.2872234175874,-6.43201701160557));
#7211=CARTESIAN_POINT('Ctrl Pts',(-0.93861513645325,16.652425202242,-5.82828803236882));
#7212=CARTESIAN_POINT('Ctrl Pts',(-1.83453201817472,17.4389958161296,-6.03681861655336));
#7213=CARTESIAN_POINT('Ctrl Pts',(-1.62827357489522,16.8041976007842,-5.43308963731661));
#7214=CARTESIAN_POINT('',(-0.639125170591967,16.0326643367178,-6.58226115800469));
#7215=CARTESIAN_POINT('',(-0.845383613871474,16.6674625520631,-7.18599013724144));
#7216=CARTESIAN_POINT('Ctrl Pts',(-0.639125170591965,16.0326643367178,-6.58226115800469));
#7217=CARTESIAN_POINT('Ctrl Pts',(-0.938615136453248,16.652425202242,-5.82828803236882));
#7218=CARTESIAN_POINT('Ctrl Pts',(-1.62827357489521,16.8041976007842,-5.43308963731661));
#7219=CARTESIAN_POINT('Origin',(-1.69016507624858,16.3271582490861,-7.2551954533681));
#7220=CARTESIAN_POINT('',(-1.48390663296907,15.6923600337407,-6.65146647413135));
#7221=CARTESIAN_POINT('',(-1.69016507624858,16.3271582490861,-7.2551954533681));
#7222=CARTESIAN_POINT('',(-1.48390663296907,15.6923600337407,-6.65146647413135));
#7223=CARTESIAN_POINT('Ctrl Pts',(-2.27907443547776,16.8840578362564,-6.46844111811963));
#7224=CARTESIAN_POINT('Ctrl Pts',(-2.07281599219825,16.249259620911,-5.86471213888288));
#7225=CARTESIAN_POINT('Ctrl Pts',(-1.83533067248792,16.7580383170185,-6.75254685029269));
#7226=CARTESIAN_POINT('Ctrl Pts',(-1.62907222920841,16.1232401016732,-6.14881787105594));
#7227=CARTESIAN_POINT('Ctrl Pts',(-1.69016507624858,16.3271582490861,-7.2551954533681));
#7228=CARTESIAN_POINT('Ctrl Pts',(-1.48390663296907,15.6923600337407,-6.65146647413135));
#7229=CARTESIAN_POINT('',(-2.07281599219825,16.249259620911,-5.86471213888288));
#7230=CARTESIAN_POINT('',(-2.27907443547776,16.8840578362564,-6.46844111811963));
#7231=CARTESIAN_POINT('Ctrl Pts',(-2.07281599219825,16.249259620911,-5.86471213888288));
#7232=CARTESIAN_POINT('Ctrl Pts',(-1.62907222920841,16.1232401016732,-6.14881787105594));
#7233=CARTESIAN_POINT('Ctrl Pts',(-1.48390663296907,15.6923600337407,-6.65146647413135));
#7234=CARTESIAN_POINT('Ctrl Pts',(-3.33004157097339,16.812778521773,-6.18433538594657));
#7235=CARTESIAN_POINT('Ctrl Pts',(-3.12378312769388,16.1779803064276,-5.58060640670982));
#7236=CARTESIAN_POINT('Ctrl Pts',(-2.72281819846759,17.0100773554943,-6.18433538594657));
#7237=CARTESIAN_POINT('Ctrl Pts',(-2.51655975518809,16.3752791401489,-5.58060640670982));
#7238=CARTESIAN_POINT('Ctrl Pts',(-2.27907443547776,16.8840578362564,-6.46844111811963));
#7239=CARTESIAN_POINT('Ctrl Pts',(-2.07281599219825,16.249259620911,-5.86471213888288));
#7240=CARTESIAN_POINT('',(-3.12378312769388,16.1779803064276,-5.58060640670982));
#7241=CARTESIAN_POINT('',(-3.33004157097339,16.812778521773,-6.18433538594657));
#7242=CARTESIAN_POINT('Ctrl Pts',(-3.12378312769388,16.1779803064276,-5.58060640670982));
#7243=CARTESIAN_POINT('Ctrl Pts',(-2.51655975518809,16.3752791401489,-5.58060640670982));
#7244=CARTESIAN_POINT('Ctrl Pts',(-2.07281599219825,16.249259620911,-5.86471213888288));
#7245=CARTESIAN_POINT('Ctrl Pts',(-4.18706636584448,16.2797024898033,-6.45205007126783));
#7246=CARTESIAN_POINT('Ctrl Pts',(-3.98080792256498,15.6449042744579,-5.84832109203108));
#7247=CARTESIAN_POINT('Ctrl Pts',(-3.90456765934074,16.6261036796806,-6.18433538594657));
#7248=CARTESIAN_POINT('Ctrl Pts',(-3.69830921606123,15.9913054643353,-5.58060640670982));
#7249=CARTESIAN_POINT('Ctrl Pts',(-3.33004157097339,16.812778521773,-6.18433538594657));
#7250=CARTESIAN_POINT('Ctrl Pts',(-3.12378312769388,16.1779803064276,-5.58060640670982));
#7251=CARTESIAN_POINT('',(-3.98080792256498,15.6449042744579,-5.84832109203108));
#7252=CARTESIAN_POINT('',(-4.18706636584448,16.2797024898033,-6.45205007126783));
#7253=CARTESIAN_POINT('Ctrl Pts',(-3.98080792256498,15.6449042744579,-5.84832109203108));
#7254=CARTESIAN_POINT('Ctrl Pts',(-3.69830921606123,15.9913054643353,-5.58060640670982));
#7255=CARTESIAN_POINT('Ctrl Pts',(-3.12378312769388,16.1779803064276,-5.58060640670982));
#7256=CARTESIAN_POINT('Ctrl Pts',(-4.36063135180738,15.5980358526953,-7.10949991140287));
#7257=CARTESIAN_POINT('Ctrl Pts',(-4.15437290852787,14.96323763735,-6.50577093216612));
#7258=CARTESIAN_POINT('Ctrl Pts',(-4.46956551566661,15.9333007354729,-6.71976519863459));
#7259=CARTESIAN_POINT('Ctrl Pts',(-4.26330707238711,15.2985025201275,-6.11603621939784));
#7260=CARTESIAN_POINT('Ctrl Pts',(-4.18706636584448,16.2797024898033,-6.45205007126783));
#7261=CARTESIAN_POINT('Ctrl Pts',(-3.98080792256498,15.6449042744579,-5.84832109203108));
#7262=CARTESIAN_POINT('',(-4.15437290852787,14.96323763735,-6.50577093216612));
#7263=CARTESIAN_POINT('',(-4.36063135180738,15.5980358526953,-7.10949991140287));
#7264=CARTESIAN_POINT('Ctrl Pts',(-4.15437290852787,14.96323763735,-6.50577093216612));
#7265=CARTESIAN_POINT('Ctrl Pts',(-4.2633070723871,15.2985025201275,-6.11603621939784));
#7266=CARTESIAN_POINT('Ctrl Pts',(-3.98080792256498,15.6449042744579,-5.84832109203108));
#7267=CARTESIAN_POINT('Ctrl Pts',(-3.74785818439916,15.0471575762055,-7.89807591612481));
#7268=CARTESIAN_POINT('Ctrl Pts',(-3.54159974111966,14.4123593608601,-7.29434693688806));
#7269=CARTESIAN_POINT('Ctrl Pts',(-4.25678754980658,15.2784374928093,-7.48102279193687));
#7270=CARTESIAN_POINT('Ctrl Pts',(-4.05052910652707,14.6436392774639,-6.87729381270012));
#7271=CARTESIAN_POINT('Ctrl Pts',(-4.36063135180738,15.5980358526953,-7.10949991140287));
#7272=CARTESIAN_POINT('Ctrl Pts',(-4.15437290852787,14.96323763735,-6.50577093216612));
#7273=CARTESIAN_POINT('',(-3.54159974111966,14.4123593608601,-7.29434693688806));
#7274=CARTESIAN_POINT('',(-3.74785818439916,15.0471575762055,-7.89807591612481));
#7275=CARTESIAN_POINT('Ctrl Pts',(-3.54159974111965,14.4123593608601,-7.29434693688806));
#7276=CARTESIAN_POINT('Ctrl Pts',(-4.05052910652707,14.6436392774639,-6.87729381270012));
#7277=CARTESIAN_POINT('Ctrl Pts',(-4.15437290852787,14.96323763735,-6.50577093216612));
#7278=CARTESIAN_POINT('Ctrl Pts',(-1.92302996530844,14.5644740458122,-9.02903516253312));
#7279=CARTESIAN_POINT('Ctrl Pts',(-1.71677152202893,13.9296758304668,-8.42530618329637));
#7280=CARTESIAN_POINT('Ctrl Pts',(-3.23892906610269,14.8158784201309,-8.31512815622177));
#7281=CARTESIAN_POINT('Ctrl Pts',(-3.03267062282318,14.1810802047856,-7.71139917698502));
#7282=CARTESIAN_POINT('Ctrl Pts',(-3.74785818439916,15.0471575762055,-7.89807591612481));
#7283=CARTESIAN_POINT('Ctrl Pts',(-3.54159974111966,14.4123593608601,-7.29434693688806));
#7284=CARTESIAN_POINT('',(-1.71677152202893,13.9296758304668,-8.42530618329637));
#7285=CARTESIAN_POINT('',(-1.92302996530844,14.5644740458122,-9.02903516253312));
#7286=CARTESIAN_POINT('Ctrl Pts',(-1.71677152202893,13.9296758304668,-8.42530618329637));
#7287=CARTESIAN_POINT('Ctrl Pts',(-3.03267062282318,14.1810802047856,-7.71139917698502));
#7288=CARTESIAN_POINT('Ctrl Pts',(-3.54159974111965,14.4123593608601,-7.29434693688806));
#7289=CARTESIAN_POINT('Ctrl Pts',(-0.597008873453111,14.2262923371376,-9.83764334282634));
#7290=CARTESIAN_POINT('Ctrl Pts',(-0.390750430173604,13.5914941217923,-9.23391436358959));
#7291=CARTESIAN_POINT('Ctrl Pts',(-1.07542637189891,14.4033996632234,-9.48797474938257));
#7292=CARTESIAN_POINT('Ctrl Pts',(-0.869167928619403,13.768601447878,-8.88424577014582));
#7293=CARTESIAN_POINT('Ctrl Pts',(-1.92302996530844,14.5644740458122,-9.02903516253312));
#7294=CARTESIAN_POINT('Ctrl Pts',(-1.71677152202893,13.9296758304668,-8.42530618329637));
#7295=CARTESIAN_POINT('',(-0.390750430173604,13.5914941217923,-9.23391436358959));
#7296=CARTESIAN_POINT('',(-0.597008873453111,14.2262923371376,-9.83764334282634));
#7297=CARTESIAN_POINT('Ctrl Pts',(-0.390750430173603,13.5914941217923,-9.23391436358959));
#7298=CARTESIAN_POINT('Ctrl Pts',(-0.869167928619401,13.768601447878,-8.88424577014582));
#7299=CARTESIAN_POINT('Ctrl Pts',(-1.71677152202893,13.9296758304668,-8.42530618329637));
#7300=CARTESIAN_POINT('Ctrl Pts',(0.15502335993209,13.7951406919881,-10.5479078942817));
#7301=CARTESIAN_POINT('Ctrl Pts',(0.361281803211597,13.1603424766427,-9.94417891504498));
#7302=CARTESIAN_POINT('Ctrl Pts',(-0.11859112789637,14.0491842505226,-10.1873128203611));
#7303=CARTESIAN_POINT('Ctrl Pts',(0.0876673153831372,13.4143860351772,-9.58358384112434));
#7304=CARTESIAN_POINT('Ctrl Pts',(-0.597008873453111,14.2262923371376,-9.83764334282634));
#7305=CARTESIAN_POINT('Ctrl Pts',(-0.390750430173604,13.5914941217923,-9.23391436358959));
#7306=CARTESIAN_POINT('',(0.361281803211598,13.1603424766427,-9.94417891504498));
#7307=CARTESIAN_POINT('',(0.15502335993209,13.7951406919881,-10.5479078942817));
#7308=CARTESIAN_POINT('Ctrl Pts',(0.361281803211599,13.1603424766427,-9.94417891504498));
#7309=CARTESIAN_POINT('Ctrl Pts',(0.0876673153831386,13.4143860351772,-9.58358384112433));
#7310=CARTESIAN_POINT('Ctrl Pts',(-0.390750430173603,13.5914941217923,-9.23391436358959));
#7311=CARTESIAN_POINT('Ctrl Pts',(0.380372892527295,13.4353470486047,-11.0032059103662));
#7312=CARTESIAN_POINT('Ctrl Pts',(0.586631335806803,12.8005488332594,-10.3994769311295));
#7313=CARTESIAN_POINT('Ctrl Pts',(0.323539615446634,13.6420483210734,-10.7664507651841));
#7314=CARTESIAN_POINT('Ctrl Pts',(0.529798058726141,13.007250105728,-10.1627217859473));
#7315=CARTESIAN_POINT('Ctrl Pts',(0.15502335993209,13.7951406919881,-10.5479078942817));
#7316=CARTESIAN_POINT('Ctrl Pts',(0.361281803211597,13.1603424766427,-9.94417891504498));
#7317=CARTESIAN_POINT('',(0.586631335806803,12.8005488332594,-10.3994769311295));
#7318=CARTESIAN_POINT('',(0.380372892527295,13.4353470486047,-11.0032059103662));
#7319=CARTESIAN_POINT('Ctrl Pts',(0.586631335806804,12.8005488332594,-10.3994769311295));
#7320=CARTESIAN_POINT('Ctrl Pts',(0.529798058726143,13.007250105728,-10.1627217859473));
#7321=CARTESIAN_POINT('Ctrl Pts',(0.361281803211599,13.1603424766427,-9.94417891504498));
#7322=CARTESIAN_POINT('Origin',(-4.14577445709735,11.9647126267998,-11.0032059103662));
#7323=CARTESIAN_POINT('',(-3.93951601381785,11.3299144114544,-10.3994769311295));
#7324=CARTESIAN_POINT('',(-4.14577445709735,11.9647126267998,-11.0032059103662));
#7325=CARTESIAN_POINT('',(-3.93951601381785,11.3299144114544,-10.3994769311295));
#7326=CARTESIAN_POINT('Origin',(-4.32190179286552,12.5067768285918,-10.3730735975598));
#7327=CARTESIAN_POINT('',(-4.11564334958601,11.8719786132464,-9.7693446183231));
#7328=CARTESIAN_POINT('',(-4.32190179286552,12.5067768285918,-10.3730735975598));
#7329=CARTESIAN_POINT('',(-4.11564334958601,11.8719786132464,-9.7693446183231));
#7330=CARTESIAN_POINT('Origin',(-0.963491065777323,13.5979906217584,-10.3730735975598));
#7331=CARTESIAN_POINT('',(-0.757232622497816,12.963192406413,-9.7693446183231));
#7332=CARTESIAN_POINT('',(-0.963491065777323,13.5979906217584,-10.3730735975598));
#7333=CARTESIAN_POINT('',(-0.757232622497815,12.963192406413,-9.7693446183231));
#7334=CARTESIAN_POINT('Ctrl Pts',(-1.41774583690645,13.7881451645024,-10.0179413218322));
#7335=CARTESIAN_POINT('Ctrl Pts',(-1.21148739362694,13.153346949157,-9.4142123425954));
#7336=CARTESIAN_POINT('Ctrl Pts',(-1.15350521775679,13.7059927588184,-10.194596845982));
#7337=CARTESIAN_POINT('Ctrl Pts',(-0.947246774477282,13.0711945434731,-9.59086786674526));
#7338=CARTESIAN_POINT('Ctrl Pts',(-0.963491065777323,13.5979906217584,-10.3730735975598));
#7339=CARTESIAN_POINT('Ctrl Pts',(-0.757232622497816,12.963192406413,-9.7693446183231));
#7340=CARTESIAN_POINT('Ctrl Pts',(-1.21148739362694,13.153346949157,-9.4142123425954));
#7341=CARTESIAN_POINT('Ctrl Pts',(-0.947246774477281,13.0711945434731,-9.59086786674526));
#7342=CARTESIAN_POINT('Ctrl Pts',(-0.757232622497815,12.963192406413,-9.7693446183231));
#7343=CARTESIAN_POINT('Origin',(-2.42107581929315,14.3728710416951,-7.71868408669693));
#7344=CARTESIAN_POINT('Ctrl Pts',(-8.22405317222359,15.0598046423432,-6.3555272278125));
#7345=CARTESIAN_POINT('Ctrl Pts',(-8.01779472894409,14.4250064269978,-5.75179824857575));
#7346=CARTESIAN_POINT('Ctrl Pts',(-8.85469626021847,15.2047713578386,-5.98764680213445));
#7347=CARTESIAN_POINT('Ctrl Pts',(-8.64843781693896,14.5699731424933,-5.3839178228977));
#7348=CARTESIAN_POINT('Ctrl Pts',(-9.17094800254656,15.4311057721207,-5.64162022150115));
#7349=CARTESIAN_POINT('Ctrl Pts',(-8.96468955926705,14.7963075567753,-5.0378912422644));
#7350=CARTESIAN_POINT('',(-8.01779472894409,14.4250064269978,-5.75179824857575));
#7351=CARTESIAN_POINT('',(-8.22405317222359,15.0598046423432,-6.3555272278125));
#7352=CARTESIAN_POINT('',(-8.96468955926705,14.7963075567753,-5.0378912422644));
#7353=CARTESIAN_POINT('Ctrl Pts',(-8.01779472894408,14.4250064269978,-5.75179824857575));
#7354=CARTESIAN_POINT('Ctrl Pts',(-8.64843781693896,14.5699731424933,-5.3839178228977));
#7355=CARTESIAN_POINT('Ctrl Pts',(-8.96468955926705,14.7963075567753,-5.0378912422644));
#7356=CARTESIAN_POINT('',(-9.17094800254656,15.4311057721207,-5.64162022150115));
#7357=CARTESIAN_POINT('Ctrl Pts',(-6.81581428346498,14.921542352872,-6.98201664371741));
#7358=CARTESIAN_POINT('Ctrl Pts',(-6.60955584018548,14.2867441375266,-6.37828766448066));
#7359=CARTESIAN_POINT('Ctrl Pts',(-7.59341121797643,14.9148375584708,-6.72340765349054));
#7360=CARTESIAN_POINT('Ctrl Pts',(-7.38715277469693,14.2800393431254,-6.11967867425379));
#7361=CARTESIAN_POINT('Ctrl Pts',(-8.22405317222359,15.0598046423432,-6.3555272278125));
#7362=CARTESIAN_POINT('Ctrl Pts',(-8.01779472894409,14.4250064269978,-5.75179824857575));
#7363=CARTESIAN_POINT('',(-6.60955584018548,14.2867441375266,-6.37828766448066));
#7364=CARTESIAN_POINT('',(-6.81581428346498,14.921542352872,-6.98201664371741));
#7365=CARTESIAN_POINT('Ctrl Pts',(-6.60955584018548,14.2867441375266,-6.37828766448066));
#7366=CARTESIAN_POINT('Ctrl Pts',(-7.38715277469692,14.2800393431254,-6.11967867425379));
#7367=CARTESIAN_POINT('Ctrl Pts',(-8.01779472894408,14.4250064269978,-5.75179824857575));
#7368=CARTESIAN_POINT('Origin',(-6.63866897416951,14.3763451507134,-7.61579096933424));
#7369=CARTESIAN_POINT('',(-6.43241053089,13.741546935368,-7.01206199009749));
#7370=CARTESIAN_POINT('',(-6.63866897416951,14.3763451507134,-7.61579096933424));
#7371=CARTESIAN_POINT('',(-6.43241053089,13.741546935368,-7.01206199009749));
#7372=CARTESIAN_POINT('Ctrl Pts',(-7.61849407805086,14.3801427286896,-7.27704974045834));
#7373=CARTESIAN_POINT('Ctrl Pts',(-7.41223563477136,13.7453445133442,-6.67332076122159));
#7374=CARTESIAN_POINT('Ctrl Pts',(-7.06258871583025,14.3459923477856,-7.5028775210726));
#7375=CARTESIAN_POINT('Ctrl Pts',(-6.85633027255074,13.7111941324402,-6.89914854183585));
#7376=CARTESIAN_POINT('Ctrl Pts',(-6.63866897416951,14.3763451507134,-7.61579096933424));
#7377=CARTESIAN_POINT('Ctrl Pts',(-6.43241053089,13.741546935368,-7.01206199009749));
#7378=CARTESIAN_POINT('',(-7.41223563477136,13.7453445133442,-6.67332076122159));
#7379=CARTESIAN_POINT('',(-7.61849407805086,14.3801427286896,-7.27704974045834));
#7380=CARTESIAN_POINT('Ctrl Pts',(-7.41223563477135,13.7453445133442,-6.67332076122159));
#7381=CARTESIAN_POINT('Ctrl Pts',(-6.85633027255074,13.7111941324402,-6.89914854183585));
#7382=CARTESIAN_POINT('Ctrl Pts',(-6.43241053089,13.741546935368,-7.01206199009749));
#7383=CARTESIAN_POINT('Ctrl Pts',(-8.5411321935391,14.5099093971282,-6.82539417922981));
#7384=CARTESIAN_POINT('Ctrl Pts',(-8.33487375025959,13.8751111817828,-6.22166519999306));
#7385=CARTESIAN_POINT('Ctrl Pts',(-8.17440057401919,14.4142927412166,-7.05122195984407));
#7386=CARTESIAN_POINT('Ctrl Pts',(-7.96814213073969,13.7794945258712,-6.44749298060732));
#7387=CARTESIAN_POINT('Ctrl Pts',(-7.61849407805086,14.3801427286896,-7.27704974045834));
#7388=CARTESIAN_POINT('Ctrl Pts',(-7.41223563477136,13.7453445133442,-6.67332076122159));
#7389=CARTESIAN_POINT('',(-8.33487375025959,13.8751111817828,-6.22166519999306));
#7390=CARTESIAN_POINT('',(-8.5411321935391,14.5099093971282,-6.82539417922981));
#7391=CARTESIAN_POINT('Ctrl Pts',(-8.33487375025959,13.8751111817828,-6.22166519999306));
#7392=CARTESIAN_POINT('Ctrl Pts',(-7.96814213073968,13.7794945258712,-6.44749298060732));
#7393=CARTESIAN_POINT('Ctrl Pts',(-7.41223563477135,13.7453445133442,-6.67332076122159));
#7394=CARTESIAN_POINT('Origin',(-7.37339831512721,10.9159940633948,-11.0032059103662));
#7395=CARTESIAN_POINT('',(-7.1671398718477,10.2811958480494,-10.3994769311295));
#7396=CARTESIAN_POINT('',(-7.37339831512721,10.9159940633948,-11.0032059103662));
#7397=CARTESIAN_POINT('',(-7.1671398718477,10.2811958480494,-10.3994769311295));
#7398=CARTESIAN_POINT('Origin',(-8.21416861532859,10.6428112328778,-11.0032059103662));
#7399=CARTESIAN_POINT('',(-8.00791017204908,10.0080130175324,-10.3994769311295));
#7400=CARTESIAN_POINT('',(-8.21416861532859,10.6428112328778,-11.0032059103662));
#7401=CARTESIAN_POINT('',(-8.00791017204908,10.0080130175324,-10.3994769311295));
#7402=CARTESIAN_POINT('Origin',(-9.71277737364932,15.2550547374687,-5.64162022150115));
#7403=CARTESIAN_POINT('',(-9.50651893036982,14.6202565221234,-5.0378912422644));
#7404=CARTESIAN_POINT('',(-9.71277737364932,15.2550547374687,-5.64162022150115));
#7405=CARTESIAN_POINT('',(-9.50651893036981,14.6202565221234,-5.0378912422644));
#7406=CARTESIAN_POINT('Origin',(-9.17094800254656,15.4311057721207,-5.64162022150115));
#7407=CARTESIAN_POINT('',(-8.96468955926705,14.7963075567753,-5.0378912422644));
#7408=CARTESIAN_POINT('Origin',(-7.49605910090737,12.7239090156034,-7.71868408669693));
#7409=CARTESIAN_POINT('Ctrl Pts',(-8.56036144610311,-14.9505314599562,-6.35552722781249));
#7410=CARTESIAN_POINT('Ctrl Pts',(-8.35410300278797,-14.3157332446224,-5.75179824857574));
#7411=CARTESIAN_POINT('Ctrl Pts',(-8.13537033484552,-15.4384945188058,-5.98764680213444));
#7412=CARTESIAN_POINT('Ctrl Pts',(-7.92911189153037,-14.803696303472,-5.38391782289769));
#7413=CARTESIAN_POINT('Ctrl Pts',(-8.01255333160267,-15.8074910165242,-5.64162022150114));
#7414=CARTESIAN_POINT('Ctrl Pts',(-7.80629488828752,-15.1726928011904,-5.03789124226439));
#7415=CARTESIAN_POINT('',(-8.35410300278797,-14.3157332446224,-5.75179824857574));
#7416=CARTESIAN_POINT('',(-8.56036144610311,-14.9505314599562,-6.35552722781249));
#7417=CARTESIAN_POINT('',(-7.80629488828752,-15.1726928011904,-5.03789124226439));
#7418=CARTESIAN_POINT('Ctrl Pts',(-8.35410300278797,-14.3157332446224,-5.75179824857574));
#7419=CARTESIAN_POINT('Ctrl Pts',(-7.92911189153037,-14.803696303472,-5.38391782289769));
#7420=CARTESIAN_POINT('Ctrl Pts',(-7.80629488828752,-15.1726928011904,-5.03789124226439));
#7421=CARTESIAN_POINT('',(-8.01255333160267,-15.8074910165242,-5.64162022150114));
#7422=CARTESIAN_POINT('Ctrl Pts',(-9.61838210454915,-14.0109328675757,-6.9820166437174));
#7423=CARTESIAN_POINT('Ctrl Pts',(-9.412123661234,-13.376134652242,-6.37828766448065));
#7424=CARTESIAN_POINT('Ctrl Pts',(-8.98535255736071,-14.4625684011066,-6.72340765349053));
#7425=CARTESIAN_POINT('Ctrl Pts',(-8.77909411404556,-13.8277701857728,-6.11967867425378));
#7426=CARTESIAN_POINT('Ctrl Pts',(-8.56036144610311,-14.9505314599562,-6.35552722781249));
#7427=CARTESIAN_POINT('Ctrl Pts',(-8.35410300278797,-14.3157332446224,-5.75179824857574));
#7428=CARTESIAN_POINT('',(-9.412123661234,-13.376134652242,-6.37828766448065));
#7429=CARTESIAN_POINT('',(-9.61838210454915,-14.0109328675757,-6.9820166437174));
#7430=CARTESIAN_POINT('Ctrl Pts',(-9.412123661234,-13.376134652242,-6.37828766448065));
#7431=CARTESIAN_POINT('Ctrl Pts',(-8.77909411404556,-13.8277701857728,-6.11967867425378));
#7432=CARTESIAN_POINT('Ctrl Pts',(-8.35410300278797,-14.3157332446224,-5.75179824857574));
#7433=CARTESIAN_POINT('Origin',(-9.44123679522306,-13.4657356654271,-7.61579096933423));
#7434=CARTESIAN_POINT('',(-9.23497835190792,-12.8309374500933,-7.01206199009748));
#7435=CARTESIAN_POINT('',(-9.44123679522306,-13.4657356654271,-7.61579096933423));
#7436=CARTESIAN_POINT('',(-9.23497835190792,-12.8309374500933,-7.01206199009748));
#7437=CARTESIAN_POINT('Ctrl Pts',(-8.65077322812281,-14.0447349006232,-7.27704974045833));
#7438=CARTESIAN_POINT('Ctrl Pts',(-8.44451478480766,-13.4099366852894,-6.67332076122158));
#7439=CARTESIAN_POINT('Ctrl Pts',(-9.08043759004179,-13.6903535043354,-7.50287752107259));
#7440=CARTESIAN_POINT('Ctrl Pts',(-8.87417914672664,-13.0555552890016,-6.89914854183584));
#7441=CARTESIAN_POINT('Ctrl Pts',(-9.44123679522306,-13.4657356654271,-7.61579096933423));
#7442=CARTESIAN_POINT('Ctrl Pts',(-9.23497835190792,-12.8309374500933,-7.01206199009748));
#7443=CARTESIAN_POINT('',(-8.44451478480766,-13.4099366852894,-6.67332076122158));
#7444=CARTESIAN_POINT('',(-8.65077322812281,-14.0447349006232,-7.27704974045833));
#7445=CARTESIAN_POINT('Ctrl Pts',(-8.44451478480766,-13.4099366852894,-6.67332076122158));
#7446=CARTESIAN_POINT('Ctrl Pts',(-8.87417914672664,-13.0555552890016,-6.89914854183584));
#7447=CARTESIAN_POINT('Ctrl Pts',(-9.23497835190792,-12.8309374500933,-7.01206199009748));
#7448=CARTESIAN_POINT('Ctrl Pts',(-7.98061881385596,-14.6920312339919,-6.8253941792298));
#7449=CARTESIAN_POINT('Ctrl Pts',(-7.77436037054081,-14.0572330186581,-6.22166519999305));
#7450=CARTESIAN_POINT('Ctrl Pts',(-8.22110943307769,-14.3991161127224,-7.05122195984407));
#7451=CARTESIAN_POINT('Ctrl Pts',(-8.01485098976254,-13.7643178973886,-6.44749298060732));
#7452=CARTESIAN_POINT('Ctrl Pts',(-8.65077322812281,-14.0447349006232,-7.27704974045833));
#7453=CARTESIAN_POINT('Ctrl Pts',(-8.44451478480766,-13.4099366852894,-6.67332076122158));
#7454=CARTESIAN_POINT('',(-7.77436037054081,-14.0572330186581,-6.22166519999305));
#7455=CARTESIAN_POINT('',(-7.98061881385596,-14.6920312339919,-6.8253941792298));
#7456=CARTESIAN_POINT('Ctrl Pts',(-7.77436037054082,-14.0572330186581,-6.22166519999305));
#7457=CARTESIAN_POINT('Ctrl Pts',(-8.01485098976254,-13.7643178973886,-6.44749298060732));
#7458=CARTESIAN_POINT('Ctrl Pts',(-8.44451478480766,-13.4099366852894,-6.67332076122158));
#7459=CARTESIAN_POINT('Origin',(-6.81288493524229,-11.098115900324,-11.0032059103662));
#7460=CARTESIAN_POINT('',(-6.60662649192714,-10.4633176849902,-10.3994769311295));
#7461=CARTESIAN_POINT('',(-6.81288493524229,-11.098115900324,-11.0032059103662));
#7462=CARTESIAN_POINT('',(-6.60662649192714,-10.4633176849902,-10.3994769311295));
#7463=CARTESIAN_POINT('Origin',(-5.97211406818238,-11.3712989150767,-11.0032059103662));
#7464=CARTESIAN_POINT('',(-5.76585562486724,-10.7365006997429,-10.3994769311295));
#7465=CARTESIAN_POINT('',(-5.97211406818238,-11.3712989150767,-11.0032059103662));
#7466=CARTESIAN_POINT('',(-5.76585562486724,-10.7365006997429,-10.3994769311295));
#7467=CARTESIAN_POINT('Origin',(-7.47072282676207,-15.9835424195835,-5.64162022150114));
#7468=CARTESIAN_POINT('',(-7.26446438344692,-15.3487442042497,-5.03789124226439));
#7469=CARTESIAN_POINT('',(-7.47072282676207,-15.9835424195835,-5.64162022150114));
#7470=CARTESIAN_POINT('',(-7.26446438344692,-15.3487442042497,-5.03789124226439));
#7471=CARTESIAN_POINT('Origin',(-8.01255333160267,-15.8074910165242,-5.64162022150114));
#7472=CARTESIAN_POINT('',(-7.80629488828752,-15.1726928011904,-5.03789124226439));
#7473=CARTESIAN_POINT('Origin',(-7.77631573787308,-12.6328481140558,-7.71868408669692));
#7474=CARTESIAN_POINT('Ctrl Pts',(-0.0934045537903549,-13.6537992533414,
-10.6116499701699));
#7475=CARTESIAN_POINT('Ctrl Pts',(0.112853889524793,-13.0190010380077,-10.0079209909332));
#7476=CARTESIAN_POINT('Ctrl Pts',(-0.611423389220139,-13.0230258928117,
-11.0979079684391));
#7477=CARTESIAN_POINT('Ctrl Pts',(-0.405164945904991,-12.3882276774779,
-10.4941789892023));
#7478=CARTESIAN_POINT('Ctrl Pts',(-1.61100566826115,-12.6982419223149,-11.0979079684391));
#7479=CARTESIAN_POINT('Ctrl Pts',(-1.40474722494601,-12.0634437069811,-10.4941789892023));
#7480=CARTESIAN_POINT('',(0.112853889524793,-13.0190010380077,-10.0079209909332));
#7481=CARTESIAN_POINT('',(-0.0934045537903549,-13.6537992533414,-10.6116499701699));
#7482=CARTESIAN_POINT('',(-1.40474722494601,-12.0634437069811,-10.4941789892023));
#7483=CARTESIAN_POINT('Ctrl Pts',(0.112853889524792,-13.0190010380077,-10.0079209909332));
#7484=CARTESIAN_POINT('Ctrl Pts',(-0.405164945904992,-12.3882276774779,
-10.4941789892023));
#7485=CARTESIAN_POINT('Ctrl Pts',(-1.40474722494601,-12.0634437069811,-10.4941789892023));
#7486=CARTESIAN_POINT('',(-1.61100566826115,-12.6982419223149,-11.0979079684391));
#7487=CARTESIAN_POINT('Ctrl Pts',(0.229144729234225,-14.8861698949639,-9.4260547850133));
#7488=CARTESIAN_POINT('Ctrl Pts',(0.435403172549373,-14.2513716796301,-8.82232580577655));
#7489=CARTESIAN_POINT('Ctrl Pts',(0.424615415387146,-14.2845729822482,-10.1253919719008));
#7490=CARTESIAN_POINT('Ctrl Pts',(0.630873858702293,-13.6497747669144,-9.52166299266409));
#7491=CARTESIAN_POINT('Ctrl Pts',(-0.0934045537903549,-13.6537992533414,
-10.6116499701699));
#7492=CARTESIAN_POINT('Ctrl Pts',(0.112853889524793,-13.0190010380077,-10.0079209909332));
#7493=CARTESIAN_POINT('',(0.435403172549373,-14.2513716796301,-8.82232580577655));
#7494=CARTESIAN_POINT('',(0.229144729234225,-14.8861698949639,-9.4260547850133));
#7495=CARTESIAN_POINT('Ctrl Pts',(0.435403172549372,-14.2513716796301,-8.82232580577655));
#7496=CARTESIAN_POINT('Ctrl Pts',(0.630873858702293,-13.6497747669144,-9.52166299266409));
#7497=CARTESIAN_POINT('Ctrl Pts',(0.112853889524792,-13.0190010380077,-10.0079209909332));
#7498=CARTESIAN_POINT('Ctrl Pts',(-0.347938408740991,-15.5179260714238,
-8.56463189339973));
#7499=CARTESIAN_POINT('Ctrl Pts',(-0.141679965425843,-14.88312785609,-7.96090291416298));
#7500=CARTESIAN_POINT('Ctrl Pts',(0.0845779087854515,-15.3311008182384,
-8.90883680455956));
#7501=CARTESIAN_POINT('Ctrl Pts',(0.290836352100599,-14.6963026029046,-8.30510782532281));
#7502=CARTESIAN_POINT('Ctrl Pts',(0.229144729234225,-14.8861698949639,-9.4260547850133));
#7503=CARTESIAN_POINT('Ctrl Pts',(0.435403172549373,-14.2513716796301,-8.82232580577655));
#7504=CARTESIAN_POINT('',(-0.141679965425843,-14.88312785609,-7.96090291416298));
#7505=CARTESIAN_POINT('',(-0.347938408740991,-15.5179260714238,-8.56463189339973));
#7506=CARTESIAN_POINT('Ctrl Pts',(-0.141679965425844,-14.88312785609,-7.96090291416298));
#7507=CARTESIAN_POINT('Ctrl Pts',(0.290836352100598,-14.6963026029046,-8.30510782532281));
#7508=CARTESIAN_POINT('Ctrl Pts',(0.435403172549372,-14.2513716796301,-8.82232580577655));
#7509=CARTESIAN_POINT('Ctrl Pts',(-1.41821995015516,-15.6014525729188,-8.11115510474323));
#7510=CARTESIAN_POINT('Ctrl Pts',(-1.21196150684001,-14.966654357585,-7.50742612550648));
#7511=CARTESIAN_POINT('Ctrl Pts',(-0.780454973378375,-15.7047520851385,
-8.22042609814891));
#7512=CARTESIAN_POINT('Ctrl Pts',(-0.574196530063227,-15.0699538698047,
-7.61669711891216));
#7513=CARTESIAN_POINT('Ctrl Pts',(-0.347938408740991,-15.5179260714238,
-8.56463189339973));
#7514=CARTESIAN_POINT('Ctrl Pts',(-0.141679965425843,-14.88312785609,-7.96090291416298));
#7515=CARTESIAN_POINT('',(-1.21196150684001,-14.966654357585,-7.50742612550648));
#7516=CARTESIAN_POINT('',(-1.41821995015516,-15.6014525729188,-8.11115510474323));
#7517=CARTESIAN_POINT('Ctrl Pts',(-1.21196150684001,-14.966654357585,-7.50742612550648));
#7518=CARTESIAN_POINT('Ctrl Pts',(-0.574196530063228,-15.0699538698047,
-7.61669711891216));
#7519=CARTESIAN_POINT('Ctrl Pts',(-0.141679965425844,-14.88312785609,-7.96090291416298));
#7520=CARTESIAN_POINT('Ctrl Pts',(-0.839149126793596,-16.219154053596,-7.6594995435147));
#7521=CARTESIAN_POINT('Ctrl Pts',(-0.632890683478449,-15.5843558382622,
-7.05577056427795));
#7522=CARTESIAN_POINT('Ctrl Pts',(-0.99795757214481,-15.8973530334531,-7.94360571773325));
#7523=CARTESIAN_POINT('Ctrl Pts',(-0.791699128829663,-15.2625548181193,
-7.33987673849651));
#7524=CARTESIAN_POINT('Ctrl Pts',(-1.41821995015516,-15.6014525729188,-8.11115510474323));
#7525=CARTESIAN_POINT('Ctrl Pts',(-1.21196150684001,-14.966654357585,-7.50742612550648));
#7526=CARTESIAN_POINT('',(-0.632890683478448,-15.5843558382622,-7.05577056427795));
#7527=CARTESIAN_POINT('',(-0.839149126793596,-16.219154053596,-7.6594995435147));
#7528=CARTESIAN_POINT('Ctrl Pts',(-0.632890683478449,-15.5843558382622,
-7.05577056427795));
#7529=CARTESIAN_POINT('Ctrl Pts',(-0.791699128829663,-15.2625548181193,
-7.33987673849651));
#7530=CARTESIAN_POINT('Ctrl Pts',(-1.21196150684001,-14.966654357585,-7.50742612550648));
#7531=CARTESIAN_POINT('Ctrl Pts',(-0.777057803880413,-16.8386197692008,
-7.02936767275383));
#7532=CARTESIAN_POINT('Ctrl Pts',(-0.570799360565265,-16.2038215538671,
-6.42563869351708));
#7533=CARTESIAN_POINT('Ctrl Pts',(-0.68034043433144,-16.5409543132095,-7.37539425338713));
#7534=CARTESIAN_POINT('Ctrl Pts',(-0.474081991016292,-15.9061560978757,
-6.77166527415038));
#7535=CARTESIAN_POINT('Ctrl Pts',(-0.839149126793596,-16.219154053596,-7.6594995435147));
#7536=CARTESIAN_POINT('Ctrl Pts',(-0.632890683478449,-15.5843558382622,
-7.05577056427795));
#7537=CARTESIAN_POINT('',(-0.570799360565265,-16.2038215538671,-6.42563869351708));
#7538=CARTESIAN_POINT('',(-0.777057803880413,-16.8386197692008,-7.02936767275383));
#7539=CARTESIAN_POINT('Ctrl Pts',(-0.570799360565266,-16.2038215538671,
-6.42563869351708));
#7540=CARTESIAN_POINT('Ctrl Pts',(-0.474081991016293,-15.9061560978757,
-6.77166527415038));
#7541=CARTESIAN_POINT('Ctrl Pts',(-0.632890683478449,-15.5843558382622,
-7.05577056427795));
#7542=CARTESIAN_POINT('Ctrl Pts',(-1.21937033541857,-17.3496203632104,-6.34095785043416));
#7543=CARTESIAN_POINT('Ctrl Pts',(-1.01311189210342,-16.7148221478766,-5.73722887119741));
#7544=CARTESIAN_POINT('Ctrl Pts',(-0.878865411733235,-17.1519513678187,
-6.66512970193174));
#7545=CARTESIAN_POINT('Ctrl Pts',(-0.672606968418087,-16.517153152485,-6.06140072269499));
#7546=CARTESIAN_POINT('Ctrl Pts',(-0.777057803880413,-16.8386197692008,
-7.02936767275383));
#7547=CARTESIAN_POINT('Ctrl Pts',(-0.570799360565265,-16.2038215538671,
-6.42563869351708));
#7548=CARTESIAN_POINT('',(-1.01311189210342,-16.7148221478766,-5.73722887119741));
#7549=CARTESIAN_POINT('',(-1.21937033541857,-17.3496203632104,-6.34095785043416));
#7550=CARTESIAN_POINT('Ctrl Pts',(-1.01311189210342,-16.7148221478766,-5.73722887119741));
#7551=CARTESIAN_POINT('Ctrl Pts',(-0.672606968418088,-16.517153152485,-6.06140072269499));
#7552=CARTESIAN_POINT('Ctrl Pts',(-0.570799360565266,-16.2038215538671,
-6.42563869351708));
#7553=CARTESIAN_POINT('Ctrl Pts',(-2.08407116640627,-17.5553697122823,-5.82920311021886));
#7554=CARTESIAN_POINT('Ctrl Pts',(-1.87781272309112,-16.9205714969485,-5.22547413098211));
#7555=CARTESIAN_POINT('Ctrl Pts',(-1.55987412535619,-17.547289726979,-6.01678599893658));
#7556=CARTESIAN_POINT('Ctrl Pts',(-1.35361568204104,-16.9124915116452,-5.41305701969984));
#7557=CARTESIAN_POINT('Ctrl Pts',(-1.21937033541857,-17.3496203632104,-6.34095785043416));
#7558=CARTESIAN_POINT('Ctrl Pts',(-1.01311189210342,-16.7148221478766,-5.73722887119741));
#7559=CARTESIAN_POINT('',(-1.87781272309112,-16.9205714969485,-5.22547413098211));
#7560=CARTESIAN_POINT('',(-2.08407116640627,-17.5553697122823,-5.82920311021886));
#7561=CARTESIAN_POINT('Ctrl Pts',(-1.87781272309112,-16.9205714969485,-5.22547413098211));
#7562=CARTESIAN_POINT('Ctrl Pts',(-1.35361568204104,-16.9124915116452,-5.41305701969984));
#7563=CARTESIAN_POINT('Ctrl Pts',(-1.01311189210342,-16.7148221478766,-5.73722887119741));
#7564=CARTESIAN_POINT('Ctrl Pts',(-3.16878161735825,-17.3813274302781,-5.64162066354663));
#7565=CARTESIAN_POINT('Ctrl Pts',(-2.9625231740431,-16.7465292149443,-5.03789168430988));
#7566=CARTESIAN_POINT('Ctrl Pts',(-2.60826808390088,-17.5634493173209,-5.64162066354663));
#7567=CARTESIAN_POINT('Ctrl Pts',(-2.40200964058573,-16.9286511019871,-5.03789168430988));
#7568=CARTESIAN_POINT('Ctrl Pts',(-2.08407116640627,-17.5553697122823,-5.82920311021886));
#7569=CARTESIAN_POINT('Ctrl Pts',(-1.87781272309112,-16.9205714969485,-5.22547413098211));
#7570=CARTESIAN_POINT('',(-2.9625231740431,-16.7465292149443,-5.03789168430988));
#7571=CARTESIAN_POINT('',(-3.16878161735825,-17.3813274302781,-5.64162066354663));
#7572=CARTESIAN_POINT('Ctrl Pts',(-2.9625231740431,-16.7465292149443,-5.03789168430988));
#7573=CARTESIAN_POINT('Ctrl Pts',(-2.40200964058573,-16.9286511019871,-5.03789168430988));
#7574=CARTESIAN_POINT('Ctrl Pts',(-1.87781272309112,-16.9205714969485,-5.22547413098211));
#7575=CARTESIAN_POINT('Ctrl Pts',(-4.42672866011794,-16.6279168538028,-6.00403740694074));
#7576=CARTESIAN_POINT('Ctrl Pts',(-4.2204702168028,-15.993118638469,-5.400308427704));
#7577=CARTESIAN_POINT('Ctrl Pts',(-3.98152567399757,-17.1172508782545,-5.64162066354663));
#7578=CARTESIAN_POINT('Ctrl Pts',(-3.77526723068242,-16.4824526629207,-5.03789168430988));
#7579=CARTESIAN_POINT('Ctrl Pts',(-3.16878161735825,-17.3813274302781,-5.64162066354663));
#7580=CARTESIAN_POINT('Ctrl Pts',(-2.9625231740431,-16.7465292149443,-5.03789168430988));
#7581=CARTESIAN_POINT('',(-4.2204702168028,-15.993118638469,-5.40030842770399));
#7582=CARTESIAN_POINT('',(-4.42672866011794,-16.6279168538028,-6.00403740694074));
#7583=CARTESIAN_POINT('Ctrl Pts',(-4.2204702168028,-15.993118638469,-5.400308427704));
#7584=CARTESIAN_POINT('Ctrl Pts',(-3.77526723068242,-16.4824526629207,-5.03789168430988));
#7585=CARTESIAN_POINT('Ctrl Pts',(-2.9625231740431,-16.7465292149443,-5.03789168430988));
#7586=CARTESIAN_POINT('Ctrl Pts',(-4.84179946184766,-15.5213689043186,-7.02572565994337));
#7587=CARTESIAN_POINT('Ctrl Pts',(-4.63554101853251,-14.8865706889848,-6.42199668070662));
#7588=CARTESIAN_POINT('Ctrl Pts',(-4.87192982206127,-16.1385830016518,-6.36645459238035));
#7589=CARTESIAN_POINT('Ctrl Pts',(-4.66567137874612,-15.503784786318,-5.7627256131436));
#7590=CARTESIAN_POINT('Ctrl Pts',(-4.42672866011794,-16.6279168538028,-6.00403740694074));
#7591=CARTESIAN_POINT('Ctrl Pts',(-4.2204702168028,-15.993118638469,-5.400308427704));
#7592=CARTESIAN_POINT('',(-4.63554101853251,-14.8865706889848,-6.42199668070662));
#7593=CARTESIAN_POINT('',(-4.84179946184766,-15.5213689043186,-7.02572565994337));
#7594=CARTESIAN_POINT('Ctrl Pts',(-4.63554101853251,-14.8865706889848,-6.42199668070662));
#7595=CARTESIAN_POINT('Ctrl Pts',(-4.66567137874613,-15.503784786318,-5.7627256131436));
#7596=CARTESIAN_POINT('Ctrl Pts',(-4.2204702168028,-15.993118638469,-5.400308427704));
#7597=CARTESIAN_POINT('Origin',(-3.96845079633977,-15.6942858362733,-7.14228156306096));
#7598=CARTESIAN_POINT('',(-3.76219235302462,-15.0594876209395,-6.53855258382421));
#7599=CARTESIAN_POINT('',(-3.96845079633977,-15.6942858362733,-7.14228156306096));
#7600=CARTESIAN_POINT('',(-3.76219235302462,-15.0594876209395,-6.53855258382421));
#7601=CARTESIAN_POINT('Ctrl Pts',(-3.7496453582158,-16.451273883605,-6.42109008908319));
#7602=CARTESIAN_POINT('Ctrl Pts',(-3.54338691490066,-15.8164756682712,-5.81736110984644));
#7603=CARTESIAN_POINT('Ctrl Pts',(-4.00941834874291,-16.1382372388135,-6.66148724707578));
#7604=CARTESIAN_POINT('Ctrl Pts',(-3.80315990542777,-15.5034390234797,-6.05775826783903));
#7605=CARTESIAN_POINT('Ctrl Pts',(-3.96845079633977,-15.6942858362733,-7.14228156306096));
#7606=CARTESIAN_POINT('Ctrl Pts',(-3.76219235302462,-15.0594876209395,-6.53855258382421));
#7607=CARTESIAN_POINT('',(-3.54338691490066,-15.8164756682712,-5.81736110984644));
#7608=CARTESIAN_POINT('',(-3.7496453582158,-16.451273883605,-6.42109008908319));
#7609=CARTESIAN_POINT('Ctrl Pts',(-3.54338691490066,-15.8164756682712,-5.81736110984644));
#7610=CARTESIAN_POINT('Ctrl Pts',(-3.80315990542777,-15.5034390234797,-6.05775826783903));
#7611=CARTESIAN_POINT('Ctrl Pts',(-3.76219235302462,-15.0594876209395,-6.53855258382421));
#7612=CARTESIAN_POINT('Ctrl Pts',(-2.99942217560271,-16.9236674558417,-6.1806929310906));
#7613=CARTESIAN_POINT('Ctrl Pts',(-2.79316373228756,-16.2888692405079,-5.57696395185386));
#7614=CARTESIAN_POINT('Ctrl Pts',(-3.48987123394098,-16.7643108967735,-6.1806929310906));
#7615=CARTESIAN_POINT('Ctrl Pts',(-3.28361279062583,-16.1295126814397,-5.57696395185386));
#7616=CARTESIAN_POINT('Ctrl Pts',(-3.7496453582158,-16.451273883605,-6.42109008908319));
#7617=CARTESIAN_POINT('Ctrl Pts',(-3.54338691490066,-15.8164756682712,-5.81736110984644));
#7618=CARTESIAN_POINT('',(-2.79316373228756,-16.2888692405079,-5.57696395185386));
#7619=CARTESIAN_POINT('',(-2.99942217560271,-16.9236674558417,-6.1806929310906));
#7620=CARTESIAN_POINT('Ctrl Pts',(-2.79316373228756,-16.2888692405079,-5.57696395185386));
#7621=CARTESIAN_POINT('Ctrl Pts',(-3.28361279062583,-16.1295126814397,-5.57696395185386));
#7622=CARTESIAN_POINT('Ctrl Pts',(-3.54338691490066,-15.8164756682712,-5.81736110984644));
#7623=CARTESIAN_POINT('Ctrl Pts',(-2.12517307452469,-16.9825611050372,-6.41744763422724));
#7624=CARTESIAN_POINT('Ctrl Pts',(-1.91891463120954,-16.3477628897034,-5.81371865499049));
#7625=CARTESIAN_POINT('Ctrl Pts',(-2.50430207667332,-17.084541728,-6.1806929310906));
#7626=CARTESIAN_POINT('Ctrl Pts',(-2.29804363335818,-16.4497435126662,-5.57696395185386));
#7627=CARTESIAN_POINT('Ctrl Pts',(-2.99942217560271,-16.9236674558417,-6.1806929310906));
#7628=CARTESIAN_POINT('Ctrl Pts',(-2.79316373228756,-16.2888692405079,-5.57696395185386));
#7629=CARTESIAN_POINT('',(-1.91891463120954,-16.3477628897034,-5.81371865499049));
#7630=CARTESIAN_POINT('',(-2.12517307452469,-16.9825611050372,-6.41744763422724));
#7631=CARTESIAN_POINT('Ctrl Pts',(-1.91891463120954,-16.3477628897034,-5.81371865499049));
#7632=CARTESIAN_POINT('Ctrl Pts',(-2.29804363335818,-16.4497435126662,-5.57696395185386));
#7633=CARTESIAN_POINT('Ctrl Pts',(-2.79316373228756,-16.2888692405079,-5.57696395185386));
#7634=CARTESIAN_POINT('Ctrl Pts',(-1.64525557179843,-16.5703815154462,-7.0147982953755));
#7635=CARTESIAN_POINT('Ctrl Pts',(-1.43899712848328,-15.9355833001124,-6.41106931613875));
#7636=CARTESIAN_POINT('Ctrl Pts',(-1.74604508256829,-16.8805797334329,-6.65420277940937));
#7637=CARTESIAN_POINT('Ctrl Pts',(-1.53978663925314,-16.2457815180991,-6.05047380017262));
#7638=CARTESIAN_POINT('Ctrl Pts',(-2.12517307452469,-16.9825611050372,-6.41744763422724));
#7639=CARTESIAN_POINT('Ctrl Pts',(-1.91891463120954,-16.3477628897034,-5.81371865499049));
#7640=CARTESIAN_POINT('',(-1.43899712848328,-15.9355833001124,-6.41106931613876));
#7641=CARTESIAN_POINT('',(-1.64525557179843,-16.5703815154462,-7.0147982953755));
#7642=CARTESIAN_POINT('Ctrl Pts',(-1.43899712848328,-15.9355833001124,-6.41106931613875));
#7643=CARTESIAN_POINT('Ctrl Pts',(-1.53978663925315,-16.2457815180991,-6.05047380017262));
#7644=CARTESIAN_POINT('Ctrl Pts',(-1.91891463120954,-16.3477628897034,-5.81371865499049));
#7645=CARTESIAN_POINT('Ctrl Pts',(-1.88663810607215,-15.8510912296101,-7.68863874031684));
#7646=CARTESIAN_POINT('Ctrl Pts',(-1.68037966275701,-15.2162930142764,-7.0849097610801));
#7647=CARTESIAN_POINT('Ctrl Pts',(-1.51799603109353,-16.1787169221076,-7.47009586941449));
#7648=CARTESIAN_POINT('Ctrl Pts',(-1.31173758777839,-15.5439187067738,-6.86636689017774));
#7649=CARTESIAN_POINT('Ctrl Pts',(-1.64525557179843,-16.5703815154462,-7.0147982953755));
#7650=CARTESIAN_POINT('Ctrl Pts',(-1.43899712848328,-15.9355833001124,-6.41106931613875));
#7651=CARTESIAN_POINT('',(-1.68037966275701,-15.2162930142764,-7.0849097610801));
#7652=CARTESIAN_POINT('',(-1.88663810607215,-15.8510912296101,-7.68863874031684));
#7653=CARTESIAN_POINT('Ctrl Pts',(-1.68037966275701,-15.2162930142764,-7.0849097610801));
#7654=CARTESIAN_POINT('Ctrl Pts',(-1.31173758777839,-15.5439187067738,-6.86636689017774));
#7655=CARTESIAN_POINT('Ctrl Pts',(-1.43899712848328,-15.9355833001124,-6.41106931613875));
#7656=CARTESIAN_POINT('Ctrl Pts',(-2.79243964530025,-15.3489318471434,-7.9071816112192));
#7657=CARTESIAN_POINT('Ctrl Pts',(-2.5861812019851,-14.7141336318096,-7.30345263198245));
#7658=CARTESIAN_POINT('Ctrl Pts',(-2.25528018105077,-15.5234655371127,-7.9071816112192));
#7659=CARTESIAN_POINT('Ctrl Pts',(-2.04902173773563,-14.8886673217789,-7.30345263198245));
#7660=CARTESIAN_POINT('Ctrl Pts',(-1.88663810607215,-15.8510912296101,-7.68863874031684));
#7661=CARTESIAN_POINT('Ctrl Pts',(-1.68037966275701,-15.2162930142764,-7.0849097610801));
#7662=CARTESIAN_POINT('',(-2.5861812019851,-14.7141336318096,-7.30345263198245));
#7663=CARTESIAN_POINT('',(-2.79243964530025,-15.3489318471434,-7.9071816112192));
#7664=CARTESIAN_POINT('Ctrl Pts',(-2.5861812019851,-14.7141336318096,-7.30345263198245));
#7665=CARTESIAN_POINT('Ctrl Pts',(-2.04902173773563,-14.8886673217789,-7.30345263198245));
#7666=CARTESIAN_POINT('Ctrl Pts',(-1.68037966275701,-15.2162930142764,-7.0849097610801));
#7667=CARTESIAN_POINT('Ctrl Pts',(-2.92993249181006,-15.311185653659,-7.89989714355278));
#7668=CARTESIAN_POINT('Ctrl Pts',(-2.72367404849491,-14.6763874383252,-7.29616816431603));
#7669=CARTESIAN_POINT('Ctrl Pts',(-2.84381995805487,-15.3322373715292,-7.9071816112192));
#7670=CARTESIAN_POINT('Ctrl Pts',(-2.63756151473972,-14.6974391561954,-7.30345263198245));
#7671=CARTESIAN_POINT('Ctrl Pts',(-2.79243964530025,-15.3489318471434,-7.9071816112192));
#7672=CARTESIAN_POINT('Ctrl Pts',(-2.5861812019851,-14.7141336318096,-7.30345263198245));
#7673=CARTESIAN_POINT('',(-2.72367404849491,-14.6763874383252,-7.29616816431603));
#7674=CARTESIAN_POINT('',(-2.92993249181006,-15.311185653659,-7.89989714355278));
#7675=CARTESIAN_POINT('Ctrl Pts',(-2.72367404849491,-14.6763874383252,-7.29616816431603));
#7676=CARTESIAN_POINT('Ctrl Pts',(-2.63756151473972,-14.6974391561954,-7.30345263198245));
#7677=CARTESIAN_POINT('Ctrl Pts',(-2.5861812019851,-14.7141336318096,-7.30345263198245));
#7678=CARTESIAN_POINT('Origin',(-2.8624960432196,-14.78576750739,-8.47539351761081));
#7679=CARTESIAN_POINT('',(-2.65623759990445,-14.1509692920562,-7.87166453837406));
#7680=CARTESIAN_POINT('',(-2.8624960432196,-14.78576750739,-8.47539351761081));
#7681=CARTESIAN_POINT('',(-2.65623759990445,-14.1509692920562,-7.87166453837406));
#7682=CARTESIAN_POINT('Ctrl Pts',(-2.28964805392033,-15.0411798697807,-8.4025453045827));
#7683=CARTESIAN_POINT('Ctrl Pts',(-2.08338961060518,-14.4063816544469,-7.79881632534595));
#7684=CARTESIAN_POINT('Ctrl Pts',(-2.52786545532892,-14.9637783440702,-8.4025453045827));
#7685=CARTESIAN_POINT('Ctrl Pts',(-2.32160701201377,-14.3289801287364,-7.79881632534595));
#7686=CARTESIAN_POINT('Ctrl Pts',(-2.8624960432196,-14.78576750739,-8.47539351761081));
#7687=CARTESIAN_POINT('Ctrl Pts',(-2.65623759990445,-14.1509692920562,-7.87166453837406));
#7688=CARTESIAN_POINT('',(-2.08338961060518,-14.4063816544469,-7.79881632534595));
#7689=CARTESIAN_POINT('',(-2.28964805392033,-15.0411798697807,-8.4025453045827));
#7690=CARTESIAN_POINT('Ctrl Pts',(-2.08338961060518,-14.4063816544469,-7.79881632534595));
#7691=CARTESIAN_POINT('Ctrl Pts',(-2.32160701201377,-14.3289801287364,-7.79881632534595));
#7692=CARTESIAN_POINT('Ctrl Pts',(-2.65623759990445,-14.1509692920562,-7.87166453837406));
#7693=CARTESIAN_POINT('Ctrl Pts',(-1.2454767467113,-15.1015910552065,-8.69575673185016));
#7694=CARTESIAN_POINT('Ctrl Pts',(-1.03921830339615,-14.4667928398727,-8.09202775261341));
#7695=CARTESIAN_POINT('Ctrl Pts',(-1.70577931750735,-15.230890322274,-8.4025453045827));
#7696=CARTESIAN_POINT('Ctrl Pts',(-1.49952087419221,-14.5960921069402,-7.79881632534595));
#7697=CARTESIAN_POINT('Ctrl Pts',(-2.28964805392033,-15.0411798697807,-8.4025453045827));
#7698=CARTESIAN_POINT('Ctrl Pts',(-2.08338961060518,-14.4063816544469,-7.79881632534595));
#7699=CARTESIAN_POINT('',(-1.03921830339615,-14.4667928398727,-8.09202775261341));
#7700=CARTESIAN_POINT('',(-1.2454767467113,-15.1015910552065,-8.69575673185016));
#7701=CARTESIAN_POINT('Ctrl Pts',(-1.03921830339615,-14.4667928398727,-8.09202775261341));
#7702=CARTESIAN_POINT('Ctrl Pts',(-1.49952087419221,-14.5960921069402,-7.79881632534595));
#7703=CARTESIAN_POINT('Ctrl Pts',(-2.08338961060518,-14.4063816544469,-7.79881632534595));
#7704=CARTESIAN_POINT('Ctrl Pts',(-0.658933495374605,-14.5837590662609,
-9.44062460443712));
#7705=CARTESIAN_POINT('Ctrl Pts',(-0.452675052059457,-13.9489608509271,
-8.83689562520037));
#7706=CARTESIAN_POINT('Ctrl Pts',(-0.785175062552014,-14.9722906592329,
-8.98896904320859));
#7707=CARTESIAN_POINT('Ctrl Pts',(-0.578916619236866,-14.3374924438991,
-8.38524006397185));
#7708=CARTESIAN_POINT('Ctrl Pts',(-1.2454767467113,-15.1015910552065,-8.69575673185016));
#7709=CARTESIAN_POINT('Ctrl Pts',(-1.03921830339615,-14.4667928398727,-8.09202775261341));
#7710=CARTESIAN_POINT('',(-0.452675052059458,-13.9489608509271,-8.83689562520037));
#7711=CARTESIAN_POINT('',(-0.658933495374605,-14.5837590662609,-9.44062460443712));
#7712=CARTESIAN_POINT('Ctrl Pts',(-0.452675052059458,-13.9489608509271,
-8.83689562520037));
#7713=CARTESIAN_POINT('Ctrl Pts',(-0.578916619236867,-14.3374924438991,
-8.38524006397185));
#7714=CARTESIAN_POINT('Ctrl Pts',(-1.03921830339615,-14.4667928398727,-8.09202775261341));
#7715=CARTESIAN_POINT('Ctrl Pts',(-0.845700894775733,-13.767898461448,-10.2346638493975));
#7716=CARTESIAN_POINT('Ctrl Pts',(-0.639442451460585,-13.1331002461142,
-9.63093487016076));
#7717=CARTESIAN_POINT('Ctrl Pts',(-0.526583592810389,-14.1764279500311,
-9.91413401071039));
#7718=CARTESIAN_POINT('Ctrl Pts',(-0.320325149495241,-13.5416297346973,
-9.31040503147364));
#7719=CARTESIAN_POINT('Ctrl Pts',(-0.658933495374605,-14.5837590662609,
-9.44062460443712));
#7720=CARTESIAN_POINT('Ctrl Pts',(-0.452675052059457,-13.9489608509271,
-8.83689562520037));
#7721=CARTESIAN_POINT('',(-0.639442451460585,-13.1331002461142,-9.63093487016076));
#7722=CARTESIAN_POINT('',(-0.845700894775733,-13.767898461448,-10.2346638493975));
#7723=CARTESIAN_POINT('Ctrl Pts',(-0.639442451460586,-13.1331002461142,
-9.63093487016076));
#7724=CARTESIAN_POINT('Ctrl Pts',(-0.320325149495242,-13.5416297346973,
-9.31040503147364));
#7725=CARTESIAN_POINT('Ctrl Pts',(-0.452675052059458,-13.9489608509271,
-8.83689562520037));
#7726=CARTESIAN_POINT('Ctrl Pts',(-1.75802812769952,-13.1666242230976,-10.5551928039936));
#7727=CARTESIAN_POINT('Ctrl Pts',(-1.55176968438437,-12.5318260077638,-9.95146382475689));
#7728=CARTESIAN_POINT('Ctrl Pts',(-1.16481844385202,-13.3593697333942,-10.5551928039936));
#7729=CARTESIAN_POINT('Ctrl Pts',(-0.958560000536871,-12.7245715180604,
-9.95146382475689));
#7730=CARTESIAN_POINT('Ctrl Pts',(-0.845700894775733,-13.767898461448,-10.2346638493975));
#7731=CARTESIAN_POINT('Ctrl Pts',(-0.639442451460585,-13.1331002461142,
-9.63093487016076));
#7732=CARTESIAN_POINT('',(-1.55176968438437,-12.5318260077638,-9.95146382475689));
#7733=CARTESIAN_POINT('',(-1.75802812769952,-13.1666242230976,-10.5551928039936));
#7734=CARTESIAN_POINT('Ctrl Pts',(-1.55176968438437,-12.5318260077638,-9.95146382475689));
#7735=CARTESIAN_POINT('Ctrl Pts',(-0.958560000536872,-12.7245715180604,
-9.95146382475689));
#7736=CARTESIAN_POINT('Ctrl Pts',(-0.639442451460586,-13.1331002461142,
-9.63093487016076));
#7737=CARTESIAN_POINT('Ctrl Pts',(-2.67452505920628,-13.1026634523264,-10.3093324057626));
#7738=CARTESIAN_POINT('Ctrl Pts',(-2.46826661589113,-12.4678652369926,-9.70560342652585));
#7739=CARTESIAN_POINT('Ctrl Pts',(-2.25782040096774,-13.0042318694722,-10.5551928039936));
#7740=CARTESIAN_POINT('Ctrl Pts',(-2.05156195765259,-12.3694336541384,-9.95146382475689));
#7741=CARTESIAN_POINT('Ctrl Pts',(-1.75802812769952,-13.1666242230976,-10.5551928039936));
#7742=CARTESIAN_POINT('Ctrl Pts',(-1.55176968438437,-12.5318260077638,-9.95146382475689));
#7743=CARTESIAN_POINT('',(-2.46826661589113,-12.4678652369926,-9.70560342652585));
#7744=CARTESIAN_POINT('',(-2.67452505920628,-13.1026634523264,-10.3093324057626));
#7745=CARTESIAN_POINT('Ctrl Pts',(-2.46826661589113,-12.4678652369926,-9.70560342652585));
#7746=CARTESIAN_POINT('Ctrl Pts',(-2.05156195765259,-12.3694336541384,-9.95146382475689));
#7747=CARTESIAN_POINT('Ctrl Pts',(-1.55176968438437,-12.5318260077638,-9.95146382475689));
#7748=CARTESIAN_POINT('Ctrl Pts',(-3.39179559663545,-13.6334447763586,-9.50618702366233));
#7749=CARTESIAN_POINT('Ctrl Pts',(-3.1855371533203,-12.9986465610248,-8.90245804442559));
#7750=CARTESIAN_POINT('Ctrl Pts',(-3.09123085119253,-13.2010946668036,-10.0634720075316));
#7751=CARTESIAN_POINT('Ctrl Pts',(-2.88497240787738,-12.5662964514698,-9.45974302829483));
#7752=CARTESIAN_POINT('Ctrl Pts',(-2.67452505920628,-13.1026634523264,-10.3093324057626));
#7753=CARTESIAN_POINT('Ctrl Pts',(-2.46826661589113,-12.4678652369926,-9.70560342652585));
#7754=CARTESIAN_POINT('',(-3.1855371533203,-12.9986465610248,-8.90245804442559));
#7755=CARTESIAN_POINT('',(-3.39179559663545,-13.6334447763586,-9.50618702366233));
#7756=CARTESIAN_POINT('Ctrl Pts',(-3.1855371533203,-12.9986465610248,-8.90245804442559));
#7757=CARTESIAN_POINT('Ctrl Pts',(-2.88497240787739,-12.5662964514698,-9.45974302829483));
#7758=CARTESIAN_POINT('Ctrl Pts',(-2.46826661589113,-12.4678652369926,-9.70560342652585));
#7759=CARTESIAN_POINT('Origin',(-4.20813262792624,-13.2850621475164,-9.59360417202328));
#7760=CARTESIAN_POINT('',(-4.00187418461109,-12.6502639321827,-8.98987519278653));
#7761=CARTESIAN_POINT('',(-4.20813262792624,-13.2850621475164,-9.59360417202328));
#7762=CARTESIAN_POINT('',(-4.0018741846111,-12.6502639321827,-8.98987519278653));
#7763=CARTESIAN_POINT('Ctrl Pts',(-3.22512364081656,-12.5721563825585,-10.6790336168231));
#7764=CARTESIAN_POINT('Ctrl Pts',(-3.01886519750141,-11.9373581672247,-10.0753046375864));
#7765=CARTESIAN_POINT('Ctrl Pts',(-3.9377475383904,-12.7389831830084,-10.2601601492982));
#7766=CARTESIAN_POINT('Ctrl Pts',(-3.73148909507525,-12.1041849676746,-9.65643117006145));
#7767=CARTESIAN_POINT('Ctrl Pts',(-4.20813262792624,-13.2850621475164,-9.59360417202328));
#7768=CARTESIAN_POINT('Ctrl Pts',(-4.00187418461109,-12.6502639321827,-8.98987519278653));
#7769=CARTESIAN_POINT('',(-3.01886519750141,-11.9373581672247,-10.0753046375864));
#7770=CARTESIAN_POINT('',(-3.22512364081656,-12.5721563825585,-10.6790336168231));
#7771=CARTESIAN_POINT('Ctrl Pts',(-3.01886519750141,-11.9373581672247,-10.0753046375864));
#7772=CARTESIAN_POINT('Ctrl Pts',(-3.73148909507525,-12.1041849676746,-9.65643117006145));
#7773=CARTESIAN_POINT('Ctrl Pts',(-4.0018741846111,-12.6502639321827,-8.98987519278653));
#7774=CARTESIAN_POINT('Ctrl Pts',(-1.61100566826115,-12.6982419223149,-11.0979079684391));
#7775=CARTESIAN_POINT('Ctrl Pts',(-1.40474722494601,-12.0634437069811,-10.4941789892023));
#7776=CARTESIAN_POINT('Ctrl Pts',(-2.51249836238406,-12.4053291899563,-11.0979079684391));
#7777=CARTESIAN_POINT('Ctrl Pts',(-2.30623991906891,-11.7705309746225,-10.4941789892023));
#7778=CARTESIAN_POINT('Ctrl Pts',(-3.22512364081656,-12.5721563825585,-10.6790336168231));
#7779=CARTESIAN_POINT('Ctrl Pts',(-3.01886519750141,-11.9373581672247,-10.0753046375864));
#7780=CARTESIAN_POINT('Ctrl Pts',(-1.40474722494601,-12.0634437069811,-10.4941789892023));
#7781=CARTESIAN_POINT('Ctrl Pts',(-2.30623991906891,-11.7705309746225,-10.4941789892023));
#7782=CARTESIAN_POINT('Ctrl Pts',(-3.01886519750141,-11.9373581672247,-10.0753046375864));
#7783=CARTESIAN_POINT('Origin',(-2.10189340633458,-14.4315459795683,-7.76603533675609));
#7784=CARTESIAN_POINT('Ctrl Pts',(-13.0012198209138,1.71896300906082,-10.6262197895938));
#7785=CARTESIAN_POINT('Ctrl Pts',(-12.3337534774704,1.71896300904208,-10.022490810357));
#7786=CARTESIAN_POINT('Ctrl Pts',(-13.4245719549878,2.37216911907331,-10.1581731815134));
#7787=CARTESIAN_POINT('Ctrl Pts',(-12.7571056115444,2.37216911905457,-9.55444420227669));
#7788=CARTESIAN_POINT('Ctrl Pts',(-14.0571283829325,2.37216911909107,-9.45883599462591));
#7789=CARTESIAN_POINT('Ctrl Pts',(-13.3896620394891,2.37216911907233,-8.85510701538916));
#7790=CARTESIAN_POINT('',(-12.3337534774704,1.71896300904208,-10.022490810357));
#7791=CARTESIAN_POINT('',(-13.0012198209138,1.71896300906082,-10.6262197895938));
#7792=CARTESIAN_POINT('',(-13.3896620394891,2.37216911907233,-8.85510701538916));
#7793=CARTESIAN_POINT('Ctrl Pts',(-12.3337534774704,1.71896300904208,-10.022490810357));
#7794=CARTESIAN_POINT('Ctrl Pts',(-12.7571056115444,2.37216911905457,-9.55444420227669));
#7795=CARTESIAN_POINT('Ctrl Pts',(-13.3896620394891,2.37216911907233,-8.85510701538916));
#7796=CARTESIAN_POINT('',(-14.0571283829325,2.37216911909107,-9.45883599462591));
#7797=CARTESIAN_POINT('Ctrl Pts',(-12.5778684865376,-3.75579363483309E-7,
-11.0942655135831));
#7798=CARTESIAN_POINT('Ctrl Pts',(-11.9104021430942,-3.75598100717295E-7,
-10.4905365343464));
#7799=CARTESIAN_POINT('Ctrl Pts',(-12.5778684865077,1.06575689904832,-11.0942655135831));
#7800=CARTESIAN_POINT('Ctrl Pts',(-11.9104021430643,1.06575689902958,-10.4905365343464));
#7801=CARTESIAN_POINT('Ctrl Pts',(-13.0012198209138,1.71896300906082,-10.6262197895938));
#7802=CARTESIAN_POINT('Ctrl Pts',(-12.3337534774704,1.71896300904208,-10.022490810357));
#7803=CARTESIAN_POINT('',(-11.9104021430942,-3.75598100954555E-7,-10.4905365343464));
#7804=CARTESIAN_POINT('',(-12.5778684865376,-3.75579363483309E-7,-11.0942655135831));
#7805=CARTESIAN_POINT('Ctrl Pts',(-11.9104021430942,-3.75598100994851E-7,
-10.4905365343463));
#7806=CARTESIAN_POINT('Ctrl Pts',(-11.9104021430643,1.06575689902958,-10.4905365343463));
#7807=CARTESIAN_POINT('Ctrl Pts',(-12.3337534774704,1.71896300904208,-10.022490810357));
#7808=CARTESIAN_POINT('Ctrl Pts',(-12.9995725053264,-1.71896376019582,-10.6280410170217));
#7809=CARTESIAN_POINT('Ctrl Pts',(-12.332106161883,-1.71896376021456,-10.024312037785));
#7810=CARTESIAN_POINT('Ctrl Pts',(-12.5778684865675,-1.06575765020705,-11.0942655135831));
#7811=CARTESIAN_POINT('Ctrl Pts',(-11.9104021431241,-1.06575765022579,-10.4905365343464));
#7812=CARTESIAN_POINT('Ctrl Pts',(-12.5778684865376,-3.75579363483309E-7,
-11.0942655135831));
#7813=CARTESIAN_POINT('Ctrl Pts',(-11.9104021430942,-3.75598100717295E-7,
-10.4905365343464));
#7814=CARTESIAN_POINT('',(-12.332106161883,-1.71896376021456,-10.024312037785));
#7815=CARTESIAN_POINT('',(-12.9995725053264,-1.71896376019582,-10.6280410170217));
#7816=CARTESIAN_POINT('Ctrl Pts',(-12.332106161883,-1.71896376021456,-10.024312037785));
#7817=CARTESIAN_POINT('Ctrl Pts',(-11.9104021431241,-1.06575765022579,-10.4905365343463));
#7818=CARTESIAN_POINT('Ctrl Pts',(-11.9104021430942,-3.75598100994851E-7,
-10.4905365343463));
#7819=CARTESIAN_POINT('Ctrl Pts',(-14.0406552262264,-2.3721698701672,-9.47704826890568));
#7820=CARTESIAN_POINT('Ctrl Pts',(-13.373188882783,-2.37216987018594,-8.87331928966893));
#7821=CARTESIAN_POINT('Ctrl Pts',(-13.4212773237531,-2.37216987018459,-10.1618156363694));
#7822=CARTESIAN_POINT('Ctrl Pts',(-12.7538109803097,-2.37216987020333,-9.55808665713265));
#7823=CARTESIAN_POINT('Ctrl Pts',(-12.9995725053264,-1.71896376019582,-10.6280410170217));
#7824=CARTESIAN_POINT('Ctrl Pts',(-12.332106161883,-1.71896376021456,-10.024312037785));
#7825=CARTESIAN_POINT('',(-13.373188882783,-2.37216987018594,-8.87331928966893));
#7826=CARTESIAN_POINT('',(-14.0406552262264,-2.3721698701672,-9.47704826890568));
#7827=CARTESIAN_POINT('Ctrl Pts',(-13.373188882783,-2.37216987018594,-8.87331928966893));
#7828=CARTESIAN_POINT('Ctrl Pts',(-12.7538109803097,-2.37216987020333,-9.55808665713264));
#7829=CARTESIAN_POINT('Ctrl Pts',(-12.332106161883,-1.71896376021456,-10.024312037785));
#7830=CARTESIAN_POINT('Ctrl Pts',(-14.8115837726082,-2.02592172027374,-8.62473063034101));
#7831=CARTESIAN_POINT('Ctrl Pts',(-14.1441174291648,-2.02592172029247,-8.02100165110426));
#7832=CARTESIAN_POINT('Ctrl Pts',(-14.4887162959098,-2.37216987015463,-8.98168413349669));
#7833=CARTESIAN_POINT('Ctrl Pts',(-13.8212499524664,-2.37216987017336,-8.37795515425993));
#7834=CARTESIAN_POINT('Ctrl Pts',(-14.0406552262264,-2.3721698701672,-9.47704826890568));
#7835=CARTESIAN_POINT('Ctrl Pts',(-13.373188882783,-2.37216987018594,-8.87331928966893));
#7836=CARTESIAN_POINT('',(-14.1441174291648,-2.02592172029247,-8.02100165110426));
#7837=CARTESIAN_POINT('',(-14.8115837726082,-2.02592172027374,-8.62473063034101));
#7838=CARTESIAN_POINT('Ctrl Pts',(-14.1441174291648,-2.02592172029247,-8.02100165110426));
#7839=CARTESIAN_POINT('Ctrl Pts',(-13.8212499524664,-2.37216987017336,-8.37795515425993));
#7840=CARTESIAN_POINT('Ctrl Pts',(-13.373188882783,-2.37216987018594,-8.87331928966893));
#7841=CARTESIAN_POINT('Ctrl Pts',(-15.2794118308027,-1.01664461492918,-8.10751264988727));
#7842=CARTESIAN_POINT('Ctrl Pts',(-14.6119454873593,-1.01664461494792,-7.50378367065052));
#7843=CARTESIAN_POINT('Ctrl Pts',(-15.1344512493066,-1.67967357039285,-8.26777712718533));
#7844=CARTESIAN_POINT('Ctrl Pts',(-14.4669849058631,-1.67967357041158,-7.66404814794858));
#7845=CARTESIAN_POINT('Ctrl Pts',(-14.8115837726082,-2.02592172027374,-8.62473063034101));
#7846=CARTESIAN_POINT('Ctrl Pts',(-14.1441174291648,-2.02592172029247,-8.02100165110426));
#7847=CARTESIAN_POINT('',(-14.6119454873593,-1.01664461494792,-7.50378367065052));
#7848=CARTESIAN_POINT('',(-15.2794118308027,-1.01664461492918,-8.10751264988727));
#7849=CARTESIAN_POINT('Ctrl Pts',(-14.6119454873593,-1.01664461494792,-7.50378367065052));
#7850=CARTESIAN_POINT('Ctrl Pts',(-14.4669849058631,-1.67967357041158,-7.66404814794858));
#7851=CARTESIAN_POINT('Ctrl Pts',(-14.1441174291648,-2.02592172029247,-8.02100165110426));
#7852=CARTESIAN_POINT('Ctrl Pts',(-15.663228388503,-1.81473531125325,-7.6831755000784));
#7853=CARTESIAN_POINT('Ctrl Pts',(-14.9957620450596,-1.81473531127198,-7.07944652084166));
#7854=CARTESIAN_POINT('Ctrl Pts',(-15.4144889180628,-1.55197896360398,-7.95817509511158));
#7855=CARTESIAN_POINT('Ctrl Pts',(-14.7470225746193,-1.55197896362272,-7.35444611587483));
#7856=CARTESIAN_POINT('Ctrl Pts',(-15.2794118308027,-1.01664461492918,-8.10751264988727));
#7857=CARTESIAN_POINT('Ctrl Pts',(-14.6119454873593,-1.01664461494792,-7.50378367065052));
#7858=CARTESIAN_POINT('',(-14.9957620450596,-1.81473531127198,-7.07944652084166));
#7859=CARTESIAN_POINT('',(-15.663228388503,-1.81473531125325,-7.6831755000784));
#7860=CARTESIAN_POINT('Ctrl Pts',(-14.9957620450596,-1.81473531127198,-7.07944652084165));
#7861=CARTESIAN_POINT('Ctrl Pts',(-14.7470225746193,-1.55197896362272,-7.35444611587483));
#7862=CARTESIAN_POINT('Ctrl Pts',(-14.6119454873593,-1.01664461494792,-7.50378367065052));
#7863=CARTESIAN_POINT('Ctrl Pts',(-16.2480138611228,-2.07749046680019,-7.03665258246574));
#7864=CARTESIAN_POINT('Ctrl Pts',(-15.5805475176794,-2.07749046681892,-6.43292360322899));
#7865=CARTESIAN_POINT('Ctrl Pts',(-15.9119682587772,-2.07749046680962,-7.40817546299974));
#7866=CARTESIAN_POINT('Ctrl Pts',(-15.2445019153338,-2.07749046682836,-6.80444648376299));
#7867=CARTESIAN_POINT('Ctrl Pts',(-15.663228388503,-1.81473531125325,-7.6831755000784));
#7868=CARTESIAN_POINT('Ctrl Pts',(-14.9957620450596,-1.81473531127198,-7.07944652084166));
#7869=CARTESIAN_POINT('',(-15.5805475176794,-2.07749046681892,-6.43292360322899));
#7870=CARTESIAN_POINT('',(-16.2480138611228,-2.07749046680019,-7.03665258246574));
#7871=CARTESIAN_POINT('Ctrl Pts',(-15.5805475176794,-2.07749046681892,-6.43292360322899));
#7872=CARTESIAN_POINT('Ctrl Pts',(-15.2445019153338,-2.07749046682836,-6.80444648376299));
#7873=CARTESIAN_POINT('Ctrl Pts',(-14.9957620450596,-1.81473531127198,-7.07944652084165));
#7874=CARTESIAN_POINT('Ctrl Pts',(-17.1424882849558,-1.50286473626055,-6.04774598112121));
#7875=CARTESIAN_POINT('Ctrl Pts',(-16.4750219415123,-1.50286473627929,-5.44401700188446));
#7876=CARTESIAN_POINT('Ctrl Pts',(-16.7751440844655,-2.07749046678539,-6.45387174074129));
#7877=CARTESIAN_POINT('Ctrl Pts',(-16.107677741022,-2.07749046680413,-5.85014276150454));
#7878=CARTESIAN_POINT('Ctrl Pts',(-16.2480138611228,-2.07749046680019,-7.03665258246574));
#7879=CARTESIAN_POINT('Ctrl Pts',(-15.5805475176794,-2.07749046681892,-6.43292360322899));
#7880=CARTESIAN_POINT('',(-16.4750219415123,-1.50286473627929,-5.44401700188446));
#7881=CARTESIAN_POINT('',(-17.1424882849558,-1.50286473626055,-6.04774598112121));
#7882=CARTESIAN_POINT('Ctrl Pts',(-16.4750219415123,-1.50286473627929,-5.44401700188446));
#7883=CARTESIAN_POINT('Ctrl Pts',(-16.107677741022,-2.07749046680413,-5.85014276150454));
#7884=CARTESIAN_POINT('Ctrl Pts',(-15.5805475176794,-2.07749046681892,-6.43292360322899));
#7885=CARTESIAN_POINT('Ctrl Pts',(-17.5098320855857,0.0147338927475645,
-5.64162066354663));
#7886=CARTESIAN_POINT('Ctrl Pts',(-16.8423657421423,0.0147338927288273,
-5.03789168430988));
#7887=CARTESIAN_POINT('Ctrl Pts',(-17.5098320856122,-0.928240793875055,
-5.64162066354663));
#7888=CARTESIAN_POINT('Ctrl Pts',(-16.8423657421687,-0.928240793893792,
-5.03789168430988));
#7889=CARTESIAN_POINT('Ctrl Pts',(-17.1424882849558,-1.50286473626055,-6.04774598112121));
#7890=CARTESIAN_POINT('Ctrl Pts',(-16.4750219415123,-1.50286473627929,-5.44401700188446));
#7891=CARTESIAN_POINT('',(-16.8423657421423,0.0147338927288274,-5.03789168430988));
#7892=CARTESIAN_POINT('',(-17.5098320855857,0.0147338927475645,-5.64162066354663));
#7893=CARTESIAN_POINT('Ctrl Pts',(-16.8423657421423,0.014733892728827,-5.03789168430988));
#7894=CARTESIAN_POINT('Ctrl Pts',(-16.8423657421687,-0.928240793893793,
-5.03789168430988));
#7895=CARTESIAN_POINT('Ctrl Pts',(-16.4750219415123,-1.50286473627929,-5.44401700188446));
#7896=CARTESIAN_POINT('Ctrl Pts',(-17.1507248632906,1.51759825354681,-6.03863984398133));
#7897=CARTESIAN_POINT('Ctrl Pts',(-16.4832585198472,1.51759825352807,-5.43491086474458));
#7898=CARTESIAN_POINT('Ctrl Pts',(-17.5098320855594,0.952796560594244,-5.64162066354663));
#7899=CARTESIAN_POINT('Ctrl Pts',(-16.8423657421159,0.952796560575507,-5.03789168430988));
#7900=CARTESIAN_POINT('Ctrl Pts',(-17.5098320855857,0.0147338927475645,
-5.64162066354663));
#7901=CARTESIAN_POINT('Ctrl Pts',(-16.8423657421423,0.0147338927288273,
-5.03789168430988));
#7902=CARTESIAN_POINT('',(-16.4832585198472,1.51759825352807,-5.43491086474458));
#7903=CARTESIAN_POINT('',(-17.1507248632906,1.51759825354681,-6.03863984398133));
#7904=CARTESIAN_POINT('Ctrl Pts',(-16.4832585198472,1.51759825352807,-5.43491086474458));
#7905=CARTESIAN_POINT('Ctrl Pts',(-16.8423657421159,0.952796560575507,-5.03789168430988));
#7906=CARTESIAN_POINT('Ctrl Pts',(-16.8423657421423,0.014733892728827,-5.03789168430988));
#7907=CARTESIAN_POINT('Ctrl Pts',(-16.2644866180115,2.08240113857747,-7.01844075023146));
#7908=CARTESIAN_POINT('Ctrl Pts',(-15.597020274568,2.08240113855874,-6.41471177099471));
#7909=CARTESIAN_POINT('Ctrl Pts',(-16.791617241188,2.08240113859227,-6.43565946646152));
#7910=CARTESIAN_POINT('Ctrl Pts',(-16.1241508977446,2.08240113857353,-5.83193048722477));
#7911=CARTESIAN_POINT('Ctrl Pts',(-17.1507248632906,1.51759825354681,-6.03863984398133));
#7912=CARTESIAN_POINT('Ctrl Pts',(-16.4832585198472,1.51759825352807,-5.43491086474458));
#7913=CARTESIAN_POINT('',(-15.597020274568,2.08240113855874,-6.41471177099471));
#7914=CARTESIAN_POINT('',(-16.2644866180115,2.08240113857747,-7.01844075023146));
#7915=CARTESIAN_POINT('Ctrl Pts',(-15.597020274568,2.08240113855874,-6.41471177099471));
#7916=CARTESIAN_POINT('Ctrl Pts',(-16.1241508977446,2.08240113857353,-5.83193048722477));
#7917=CARTESIAN_POINT('Ctrl Pts',(-16.4832585198472,1.51759825352807,-5.43491086474458));
#7918=CARTESIAN_POINT('Ctrl Pts',(-15.664875704085,1.81718907953964,-7.68135427265043));
#7919=CARTESIAN_POINT('Ctrl Pts',(-14.9974093606416,1.81718907952091,-7.07762529341368));
#7920=CARTESIAN_POINT('Ctrl Pts',(-15.9152628900283,2.08240113856767,-7.40453300814378));
#7921=CARTESIAN_POINT('Ctrl Pts',(-15.2477965465849,2.08240113854893,-6.80080402890703));
#7922=CARTESIAN_POINT('Ctrl Pts',(-16.2644866180115,2.08240113857747,-7.01844075023146));
#7923=CARTESIAN_POINT('Ctrl Pts',(-15.597020274568,2.08240113855874,-6.41471177099471));
#7924=CARTESIAN_POINT('',(-14.9974093606416,1.81718907952091,-7.07762529341368));
#7925=CARTESIAN_POINT('',(-15.664875704085,1.81718907953964,-7.68135427265043));
#7926=CARTESIAN_POINT('Ctrl Pts',(-14.9974093606416,1.81718907952091,-7.07762529341368));
#7927=CARTESIAN_POINT('Ctrl Pts',(-15.2477965465849,2.08240113854893,-6.80080402890703));
#7928=CARTESIAN_POINT('Ctrl Pts',(-15.597020274568,2.08240113855874,-6.41471177099471));
#7929=CARTESIAN_POINT('Ctrl Pts',(-15.279411830746,1.00190959573366,-8.10751264988727));
#7930=CARTESIAN_POINT('Ctrl Pts',(-14.6119454873026,1.00190959571492,-7.50378367065052));
#7931=CARTESIAN_POINT('Ctrl Pts',(-15.4144889179756,1.55197821260451,-7.95817509511158));
#7932=CARTESIAN_POINT('Ctrl Pts',(-14.7470225745322,1.55197821258578,-7.35444611587483));
#7933=CARTESIAN_POINT('Ctrl Pts',(-15.664875704085,1.81718907953964,-7.68135427265043));
#7934=CARTESIAN_POINT('Ctrl Pts',(-14.9974093606416,1.81718907952091,-7.07762529341368));
#7935=CARTESIAN_POINT('',(-14.6119454873026,1.00190959571492,-7.50378367065052));
#7936=CARTESIAN_POINT('',(-15.279411830746,1.00190959573366,-8.10751264988727));
#7937=CARTESIAN_POINT('Ctrl Pts',(-14.6119454873026,1.00190959571492,-7.50378367065052));
#7938=CARTESIAN_POINT('Ctrl Pts',(-14.7470225745322,1.55197821258578,-7.35444611587483));
#7939=CARTESIAN_POINT('Ctrl Pts',(-14.9974093606416,1.81718907952091,-7.07762529341368));
#7940=CARTESIAN_POINT('Ctrl Pts',(-14.8461766021895,2.01609812378241,-8.58648573844447));
#7941=CARTESIAN_POINT('Ctrl Pts',(-14.1787102587461,2.01609812376367,-7.98275675920772));
#7942=CARTESIAN_POINT('Ctrl Pts',(-15.1641021318558,1.66002712846052,-8.23499591757273));
#7943=CARTESIAN_POINT('Ctrl Pts',(-14.4966357884124,1.66002712844179,-7.63126693833598));
#7944=CARTESIAN_POINT('Ctrl Pts',(-15.279411830746,1.00190959573366,-8.10751264988727));
#7945=CARTESIAN_POINT('Ctrl Pts',(-14.6119454873026,1.00190959571492,-7.50378367065052));
#7946=CARTESIAN_POINT('',(-14.1787102587461,2.01609812376367,-7.98275675920772));
#7947=CARTESIAN_POINT('',(-14.8461766021895,2.01609812378241,-8.58648573844447));
#7948=CARTESIAN_POINT('Ctrl Pts',(-14.1787102587461,2.01609812376367,-7.98275675920772));
#7949=CARTESIAN_POINT('Ctrl Pts',(-14.4966357884124,1.66002712844179,-7.63126693833598));
#7950=CARTESIAN_POINT('Ctrl Pts',(-14.6119454873026,1.00190959571492,-7.50378367065052));
#7951=CARTESIAN_POINT('Ctrl Pts',(-14.0571283829325,2.37216911909107,-9.45883599462591));
#7952=CARTESIAN_POINT('Ctrl Pts',(-13.3896620394891,2.37216911907233,-8.85510701538916));
#7953=CARTESIAN_POINT('Ctrl Pts',(-14.5282510725232,2.37216911910429,-8.93797555931621));
#7954=CARTESIAN_POINT('Ctrl Pts',(-13.8607847290798,2.37216911908556,-8.33424658007946));
#7955=CARTESIAN_POINT('Ctrl Pts',(-14.8461766021895,2.01609812378241,-8.58648573844447));
#7956=CARTESIAN_POINT('Ctrl Pts',(-14.1787102587461,2.01609812376367,-7.98275675920772));
#7957=CARTESIAN_POINT('Ctrl Pts',(-13.3896620394891,2.37216911907233,-8.85510701538916));
#7958=CARTESIAN_POINT('Ctrl Pts',(-13.8607847290798,2.37216911908556,-8.33424658007946));
#7959=CARTESIAN_POINT('Ctrl Pts',(-14.1787102587461,2.01609812376367,-7.98275675920772));
#7960=CARTESIAN_POINT('Origin',(-14.3763839426184,-3.75528874705085E-7,
-7.76421410932811));
#7961=CARTESIAN_POINT('Ctrl Pts',(-12.6471894038524,-11.4348913965562,6.2571819368836));
#7962=CARTESIAN_POINT('Ctrl Pts',(-12.1071977888444,-11.0425645234634,5.65345295764685));
#7963=CARTESIAN_POINT('Ctrl Pts',(-13.5286622844329,-11.2193464309514,5.60883823388845));
#7964=CARTESIAN_POINT('Ctrl Pts',(-12.9886706694249,-10.8270195578586,5.0051092546517));
#7965=CARTESIAN_POINT('Ctrl Pts',(-14.233042561521,-10.2498501524881,5.60883823388845));
#7966=CARTESIAN_POINT('Ctrl Pts',(-13.693050946513,-9.8575232793953,5.0051092546517));
#7967=CARTESIAN_POINT('',(-12.1071977888444,-11.0425645234634,5.65345295764685));
#7968=CARTESIAN_POINT('',(-12.6471894038524,-11.4348913965562,6.2571819368836));
#7969=CARTESIAN_POINT('',(-13.693050946513,-9.8575232793953,5.0051092546517));
#7970=CARTESIAN_POINT('Ctrl Pts',(-12.1071977888444,-11.0425645234634,5.65345295764685));
#7971=CARTESIAN_POINT('Ctrl Pts',(-12.9886706694249,-10.8270195578586,5.0051092546517));
#7972=CARTESIAN_POINT('Ctrl Pts',(-13.693050946513,-9.8575232793953,5.0051092546517));
#7973=CARTESIAN_POINT('',(-14.233042561521,-10.2498501524881,5.60883823388845));
#7974=CARTESIAN_POINT('Ctrl Pts',(-11.3954365590926,-11.2296438589159,7.51016165278442));
#7975=CARTESIAN_POINT('Ctrl Pts',(-10.8554449440846,-10.8373169858231,6.90643267354767));
#7976=CARTESIAN_POINT('Ctrl Pts',(-11.9258433485578,-11.6150069486279,6.7853272819052));
#7977=CARTESIAN_POINT('Ctrl Pts',(-11.3858517335498,-11.2226800755351,6.18159830266845));
#7978=CARTESIAN_POINT('Ctrl Pts',(-12.6471894038524,-11.4348913965562,6.2571819368836));
#7979=CARTESIAN_POINT('Ctrl Pts',(-12.1071977888444,-11.0425645234634,5.65345295764685));
#7980=CARTESIAN_POINT('',(-10.8554449440846,-10.8373169858231,6.90643267354767));
#7981=CARTESIAN_POINT('',(-11.3954365590926,-11.2296438589159,7.51016165278442));
#7982=CARTESIAN_POINT('Ctrl Pts',(-10.8554449440846,-10.8373169858231,6.90643267354767));
#7983=CARTESIAN_POINT('Ctrl Pts',(-11.3858517335498,-11.2226800755351,6.18159830266845));
#7984=CARTESIAN_POINT('Ctrl Pts',(-12.1071977888444,-11.0425645234634,5.65345295764685));
#7985=CARTESIAN_POINT('Ctrl Pts',(-10.8649422105978,-10.0428808509097,8.75585557488234));
#7986=CARTESIAN_POINT('Ctrl Pts',(-10.3249505955898,-9.65055397781693,8.15212659564559));
#7987=CARTESIAN_POINT('Ctrl Pts',(-10.8383769358497,-10.8249163519713,8.27141880404121));
#7988=CARTESIAN_POINT('Ctrl Pts',(-10.2983853208416,-10.4325894788785,7.66768982480446));
#7989=CARTESIAN_POINT('Ctrl Pts',(-11.3954365590926,-11.2296438589159,7.51016165278442));
#7990=CARTESIAN_POINT('Ctrl Pts',(-10.8554449440846,-10.8373169858231,6.90643267354767));
#7991=CARTESIAN_POINT('',(-10.3249505955898,-9.65055397781693,8.15212659564559));
#7992=CARTESIAN_POINT('',(-10.8649422105978,-10.0428808509097,8.75585557488234));
#7993=CARTESIAN_POINT('Ctrl Pts',(-10.3249505955898,-9.65055397781693,8.15212659564559));
#7994=CARTESIAN_POINT('Ctrl Pts',(-10.2983853208416,-10.4325894788785,7.66768982480446));
#7995=CARTESIAN_POINT('Ctrl Pts',(-10.8554449440846,-10.8373169858231,6.90643267354767));
#7996=CARTESIAN_POINT('Ctrl Pts',(-11.445773749102,-8.4979632853323,9.24029234572347));
#7997=CARTESIAN_POINT('Ctrl Pts',(-10.9057821340939,-8.10563641223951,8.63656336648672));
#7998=CARTESIAN_POINT('Ctrl Pts',(-10.891507485346,-9.26084534984813,9.24029234572347));
#7999=CARTESIAN_POINT('Ctrl Pts',(-10.3515158703379,-8.86851847675534,8.63656336648672));
#8000=CARTESIAN_POINT('Ctrl Pts',(-10.8649422105978,-10.0428808509097,8.75585557488234));
#8001=CARTESIAN_POINT('Ctrl Pts',(-10.3249505955898,-9.65055397781693,8.15212659564559));
#8002=CARTESIAN_POINT('',(-10.9057821340939,-8.10563641223951,8.63656336648672));
#8003=CARTESIAN_POINT('',(-11.445773749102,-8.4979632853323,9.24029234572347));
#8004=CARTESIAN_POINT('Ctrl Pts',(-10.9057821340939,-8.10563641223951,8.63656336648672));
#8005=CARTESIAN_POINT('Ctrl Pts',(-10.3515158703379,-8.86851847675534,8.63656336648672));
#8006=CARTESIAN_POINT('Ctrl Pts',(-10.3249505955898,-9.65055397781693,8.15212659564559));
#8007=CARTESIAN_POINT('Ctrl Pts',(-12.4906311640815,-7.57550442001833,8.90519357170352));
#8008=CARTESIAN_POINT('Ctrl Pts',(-11.9506395490735,-7.18317754692554,8.30146459246678));
#8009=CARTESIAN_POINT('Ctrl Pts',(-11.8643603087672,-7.9218283124908,9.24029234572347));
#8010=CARTESIAN_POINT('Ctrl Pts',(-11.3243686937592,-7.529501439398,8.63656336648672));
#8011=CARTESIAN_POINT('Ctrl Pts',(-11.445773749102,-8.4979632853323,9.24029234572347));
#8012=CARTESIAN_POINT('Ctrl Pts',(-10.9057821340939,-8.10563641223951,8.63656336648672));
#8013=CARTESIAN_POINT('',(-11.9506395490735,-7.18317754692554,8.30146459246678));
#8014=CARTESIAN_POINT('',(-12.4906311640815,-7.57550442001833,8.90519357170352));
#8015=CARTESIAN_POINT('Ctrl Pts',(-11.9506395490735,-7.18317754692554,8.30146459246678));
#8016=CARTESIAN_POINT('Ctrl Pts',(-11.3243686937592,-7.529501439398,8.63656336648672));
#8017=CARTESIAN_POINT('Ctrl Pts',(-10.9057821340939,-8.10563641223951,8.63656336648672));
#8018=CARTESIAN_POINT('Origin',(-11.2124223516638,-7.12641911671085,10.3402916099471));
#8019=CARTESIAN_POINT('',(-10.6724307366558,-6.73409224361806,9.7365626307104));
#8020=CARTESIAN_POINT('',(-11.2124223516638,-7.12641911671085,10.3402916099471));
#8021=CARTESIAN_POINT('',(-10.6724307366558,-6.73409224361806,9.7365626307104));
#8022=CARTESIAN_POINT('Origin',(-9.52364215410858,-9.45082564813836,10.3402916099471));
#8023=CARTESIAN_POINT('',(-8.98365053910054,-9.05849877504556,9.7365626307104));
#8024=CARTESIAN_POINT('',(-9.52364215410858,-9.45082564813836,10.3402916099471));
#8025=CARTESIAN_POINT('',(-8.98365053910055,-9.05849877504557,9.7365626307104));
#8026=CARTESIAN_POINT('Origin',(-9.06520021545587,-9.11774808306628,10.9667814678976));
#8027=CARTESIAN_POINT('',(-8.52520860044784,-8.72542120997349,10.3630524886608));
#8028=CARTESIAN_POINT('',(-9.06520021545587,-9.11774808306628,10.9667814678976));
#8029=CARTESIAN_POINT('',(-8.52520860044784,-8.72542120997349,10.3630524886608));
#8030=CARTESIAN_POINT('Origin',(-11.1696801108281,-6.22118000325191,10.9667814678976));
#8031=CARTESIAN_POINT('',(-10.62968849582,-5.82885313015912,10.3630524886608));
#8032=CARTESIAN_POINT('',(-11.1696801108281,-6.22118000325191,10.9667814678976));
#8033=CARTESIAN_POINT('',(-10.62968849582,-5.82885313015912,10.3630524886608));
#8034=CARTESIAN_POINT('Origin',(-13.586621140784,-7.11514709627192,8.22406865909577));
#8035=CARTESIAN_POINT('',(-13.0466295257759,-6.72282022317912,7.62033967985902));
#8036=CARTESIAN_POINT('',(-13.586621140784,-7.11514709627192,8.22406865909577));
#8037=CARTESIAN_POINT('',(-13.0466295257759,-6.72282022317912,7.62033967985902));
#8038=CARTESIAN_POINT('Origin',(-13.1573900824201,-7.82924516098984,8.14393553635575));
#8039=CARTESIAN_POINT('',(-12.6173984674121,-7.43691828789704,7.540206557119));
#8040=CARTESIAN_POINT('',(-13.1573900824201,-7.82924516098984,8.14393553635575));
#8041=CARTESIAN_POINT('',(-12.6173984674121,-7.43691828789704,7.540206557119));
#8042=CARTESIAN_POINT('Ctrl Pts',(-12.566641952328,-8.06782201914373,8.51728008636322));
#8043=CARTESIAN_POINT('Ctrl Pts',(-12.0266503373199,-7.67549514605094,7.91355110712647));
#8044=CARTESIAN_POINT('Ctrl Pts',(-12.8739999409919,-7.86617984508961,8.37340577182597));
#8045=CARTESIAN_POINT('Ctrl Pts',(-12.3340083259839,-7.47385297199681,7.76967679258922));
#8046=CARTESIAN_POINT('Ctrl Pts',(-13.1573900824201,-7.82924516098984,8.14393553635575));
#8047=CARTESIAN_POINT('Ctrl Pts',(-12.6173984674121,-7.43691828789704,7.540206557119));
#8048=CARTESIAN_POINT('',(-12.0266503373199,-7.67549514605094,7.91355110712647));
#8049=CARTESIAN_POINT('',(-12.566641952328,-8.06782201914373,8.51728008636322));
#8050=CARTESIAN_POINT('Ctrl Pts',(-12.0266503373199,-7.67549514605094,7.91355110712647));
#8051=CARTESIAN_POINT('Ctrl Pts',(-12.3340083259839,-7.47385297199681,7.76967679258922));
#8052=CARTESIAN_POINT('Ctrl Pts',(-12.6173984674121,-7.43691828789704,7.540206557119));
#8053=CARTESIAN_POINT('Ctrl Pts',(-12.0081322111984,-8.61514560480392,8.66115395885498));
#8054=CARTESIAN_POINT('Ctrl Pts',(-11.4681405961903,-8.22281873171112,8.05742497961823));
#8055=CARTESIAN_POINT('Ctrl Pts',(-12.2592842871365,-8.26946442821433,8.66115395885498));
#8056=CARTESIAN_POINT('Ctrl Pts',(-11.7192926721284,-7.87713755512153,8.05742497961823));
#8057=CARTESIAN_POINT('Ctrl Pts',(-12.566641952328,-8.06782201914373,8.51728008636322));
#8058=CARTESIAN_POINT('Ctrl Pts',(-12.0266503373199,-7.67549514605094,7.91355110712647));
#8059=CARTESIAN_POINT('',(-11.4681405961903,-8.22281873171112,8.05742497961823));
#8060=CARTESIAN_POINT('',(-12.0081322111984,-8.61514560480392,8.66115395885498));
#8061=CARTESIAN_POINT('Ctrl Pts',(-11.4681405961903,-8.22281873171112,8.05742497961823));
#8062=CARTESIAN_POINT('Ctrl Pts',(-11.7192926721284,-7.87713755512153,8.05742497961823));
#8063=CARTESIAN_POINT('Ctrl Pts',(-12.0266503373199,-7.67549514605094,7.91355110712647));
#8064=CARTESIAN_POINT('Ctrl Pts',(-11.5914881999147,-9.6874560744436,8.3369821073574));
#8065=CARTESIAN_POINT('Ctrl Pts',(-11.0514965849067,-9.29512920135081,7.73325312812066));
#8066=CARTESIAN_POINT('Ctrl Pts',(-11.6039796104272,-9.17141393758394,8.66115395885498));
#8067=CARTESIAN_POINT('Ctrl Pts',(-11.0639879954192,-8.77908706449114,8.05742497961823));
#8068=CARTESIAN_POINT('Ctrl Pts',(-12.0081322111984,-8.61514560480392,8.66115395885498));
#8069=CARTESIAN_POINT('Ctrl Pts',(-11.4681405961903,-8.22281873171112,8.05742497961823));
#8070=CARTESIAN_POINT('',(-11.0514965849067,-9.29512920135081,7.73325312812066));
#8071=CARTESIAN_POINT('',(-11.5914881999147,-9.6874560744436,8.3369821073574));
#8072=CARTESIAN_POINT('Ctrl Pts',(-11.0514965849067,-9.29512920135081,7.73325312812065));
#8073=CARTESIAN_POINT('Ctrl Pts',(-11.0639879954192,-8.77908706449114,8.05742497961823));
#8074=CARTESIAN_POINT('Ctrl Pts',(-11.4681405961903,-8.22281873171112,8.05742497961823));
#8075=CARTESIAN_POINT('Ctrl Pts',(-11.9894619183235,-10.5017193204993,7.45188325918013));
#8076=CARTESIAN_POINT('Ctrl Pts',(-11.4494703033154,-10.1093924474065,6.84815427994338));
#8077=CARTESIAN_POINT('Ctrl Pts',(-11.5789967625274,-10.2034989285314,8.01280981381434));
#8078=CARTESIAN_POINT('Ctrl Pts',(-11.0390051475193,-9.81117205543864,7.40908083457759));
#8079=CARTESIAN_POINT('Ctrl Pts',(-11.5914881999147,-9.6874560744436,8.3369821073574));
#8080=CARTESIAN_POINT('Ctrl Pts',(-11.0514965849067,-9.29512920135081,7.73325312812066));
#8081=CARTESIAN_POINT('',(-11.4494703033154,-10.1093924474065,6.84815427994338));
#8082=CARTESIAN_POINT('',(-11.9894619183235,-10.5017193204993,7.45188325918013));
#8083=CARTESIAN_POINT('Ctrl Pts',(-11.4494703033154,-10.1093924474065,6.84815427994338));
#8084=CARTESIAN_POINT('Ctrl Pts',(-11.0390051475193,-9.81117205543864,7.40908083457759));
#8085=CARTESIAN_POINT('Ctrl Pts',(-11.0514965849067,-9.29512920135081,7.73325312812065));
#8086=CARTESIAN_POINT('Ctrl Pts',(-12.9422669656795,-10.647607784004,6.50486444663359));
#8087=CARTESIAN_POINT('Ctrl Pts',(-12.4022753506714,-10.2552809109112,5.90113546739684));
#8088=CARTESIAN_POINT('Ctrl Pts',(-12.4212497293087,-10.8154315282729,6.86181794978926));
#8089=CARTESIAN_POINT('Ctrl Pts',(-11.8812581143007,-10.4231046551801,6.25808897055252));
#8090=CARTESIAN_POINT('Ctrl Pts',(-11.9894619183235,-10.5017193204993,7.45188325918013));
#8091=CARTESIAN_POINT('Ctrl Pts',(-11.4494703033154,-10.1093924474065,6.84815427994338));
#8092=CARTESIAN_POINT('',(-12.4022753506714,-10.2552809109112,5.90113546739684));
#8093=CARTESIAN_POINT('',(-12.9422669656795,-10.647607784004,6.50486444663359));
#8094=CARTESIAN_POINT('Ctrl Pts',(-12.4022753506714,-10.2552809109112,5.90113546739684));
#8095=CARTESIAN_POINT('Ctrl Pts',(-11.8812581143007,-10.4231046551801,6.25808897055251));
#8096=CARTESIAN_POINT('Ctrl Pts',(-11.4494703033154,-10.1093924474065,6.84815427994338));
#8097=CARTESIAN_POINT('Ctrl Pts',(-13.8385692353806,-9.9632485048664,6.14791094347791));
#8098=CARTESIAN_POINT('Ctrl Pts',(-13.2985776203725,-9.57092163177361,5.54418196424117));
#8099=CARTESIAN_POINT('Ctrl Pts',(-13.4632849027449,-10.4797830753118,6.14791094347791));
#8100=CARTESIAN_POINT('Ctrl Pts',(-12.9232932877369,-10.087456202219,5.54418196424117));
#8101=CARTESIAN_POINT('Ctrl Pts',(-12.9422669656795,-10.647607784004,6.50486444663359));
#8102=CARTESIAN_POINT('Ctrl Pts',(-12.4022753506714,-10.2552809109112,5.90113546739684));
#8103=CARTESIAN_POINT('',(-13.2985776203725,-9.57092163177361,5.54418196424117));
#8104=CARTESIAN_POINT('',(-13.8385692353806,-9.9632485048664,6.14791094347791));
#8105=CARTESIAN_POINT('Ctrl Pts',(-13.2985776203725,-9.57092163177361,5.54418196424116));
#8106=CARTESIAN_POINT('Ctrl Pts',(-12.9232932877369,-10.087456202219,5.54418196424116));
#8107=CARTESIAN_POINT('Ctrl Pts',(-12.4022753506714,-10.2552809109112,5.90113546739684));
#8108=CARTESIAN_POINT('Ctrl Pts',(-14.1859424303492,-9.09557974631041,6.40105625142085));
#8109=CARTESIAN_POINT('Ctrl Pts',(-13.6459508153412,-8.70325287321761,5.7973272721841));
#8110=CARTESIAN_POINT('Ctrl Pts',(-14.1503440087433,-9.53412734357625,6.14791094347791));
#8111=CARTESIAN_POINT('Ctrl Pts',(-13.6103523937353,-9.14180047048346,5.54418196424117));
#8112=CARTESIAN_POINT('Ctrl Pts',(-13.8385692353806,-9.9632485048664,6.14791094347791));
#8113=CARTESIAN_POINT('Ctrl Pts',(-13.2985776203725,-9.57092163177361,5.54418196424117));
#8114=CARTESIAN_POINT('',(-13.6459508153412,-8.70325287321761,5.7973272721841));
#8115=CARTESIAN_POINT('',(-14.1859424303492,-9.09557974631041,6.40105625142085));
#8116=CARTESIAN_POINT('Ctrl Pts',(-13.6459508153412,-8.70325287321761,5.7973272721841));
#8117=CARTESIAN_POINT('Ctrl Pts',(-13.6103523937353,-9.14180047048346,5.54418196424116));
#8118=CARTESIAN_POINT('Ctrl Pts',(-13.2985776203725,-9.57092163177361,5.54418196424116));
#8119=CARTESIAN_POINT('Ctrl Pts',(-13.9143437039619,-8.30635540398781,7.15685060448469));
#8120=CARTESIAN_POINT('Ctrl Pts',(-13.3743520889539,-7.91402853089501,6.55312162524795));
#8121=CARTESIAN_POINT('Ctrl Pts',(-14.2215405016078,-8.65703263125626,6.65420155936379));
#8122=CARTESIAN_POINT('Ctrl Pts',(-13.6815488865998,-8.26470575816347,6.05047258012704));
#8123=CARTESIAN_POINT('Ctrl Pts',(-14.1859424303492,-9.09557974631041,6.40105625142085));
#8124=CARTESIAN_POINT('Ctrl Pts',(-13.6459508153412,-8.70325287321761,5.7973272721841));
#8125=CARTESIAN_POINT('',(-13.3743520889539,-7.91402853089501,6.55312162524795));
#8126=CARTESIAN_POINT('',(-13.9143437039619,-8.30635540398781,7.15685060448469));
#8127=CARTESIAN_POINT('Ctrl Pts',(-13.3743520889539,-7.91402853089501,6.55312162524794));
#8128=CARTESIAN_POINT('Ctrl Pts',(-13.6815488865998,-8.26470575816347,6.05047258012704));
#8129=CARTESIAN_POINT('Ctrl Pts',(-13.6459508153412,-8.70325287321761,5.7973272721841));
#8130=CARTESIAN_POINT('Origin',(-14.5025953394962,-7.58637771448047,7.09857221088041));
#8131=CARTESIAN_POINT('',(-13.9626037244882,-7.19405084138767,6.49484323164366));
#8132=CARTESIAN_POINT('',(-14.5025953394962,-7.58637771448047,7.09857221088041));
#8133=CARTESIAN_POINT('',(-13.9626037244882,-7.19405084138767,6.49484323164366));
#8134=CARTESIAN_POINT('Ctrl Pts',(-14.8770636288579,-8.73566533603493,6.0167852209365));
#8135=CARTESIAN_POINT('Ctrl Pts',(-14.3370720138499,-8.34333846294214,5.41305624169975));
#8136=CARTESIAN_POINT('Ctrl Pts',(-14.9437245349447,-8.01614996755594,6.42473132389357));
#8137=CARTESIAN_POINT('Ctrl Pts',(-14.4037329199366,-7.62382309446314,5.82100234465682));
#8138=CARTESIAN_POINT('Ctrl Pts',(-14.5025953394962,-7.58637771448047,7.09857221088041));
#8139=CARTESIAN_POINT('Ctrl Pts',(-13.9626037244882,-7.19405084138767,6.49484323164366));
#8140=CARTESIAN_POINT('',(-14.3370720138499,-8.34333846294214,5.41305624169975));
#8141=CARTESIAN_POINT('',(-14.8770636288579,-8.73566533603493,6.0167852209365));
#8142=CARTESIAN_POINT('Ctrl Pts',(-14.3370720138499,-8.34333846294214,5.41305624169975));
#8143=CARTESIAN_POINT('Ctrl Pts',(-14.4037329199366,-7.62382309446314,5.82100234465682));
#8144=CARTESIAN_POINT('Ctrl Pts',(-13.9626037244882,-7.19405084138767,6.49484323164366));
#8145=CARTESIAN_POINT('Ctrl Pts',(-14.233042561521,-10.2498501524881,5.60883823388845));
#8146=CARTESIAN_POINT('Ctrl Pts',(-13.693050946513,-9.8575232793953,5.0051092546517));
#8147=CARTESIAN_POINT('Ctrl Pts',(-14.810403369716,-9.45518117454688,5.60883823388845));
#8148=CARTESIAN_POINT('Ctrl Pts',(-14.2704117547079,-9.06285430145408,5.0051092546517));
#8149=CARTESIAN_POINT('Ctrl Pts',(-14.8770636288579,-8.73566533603493,6.0167852209365));
#8150=CARTESIAN_POINT('Ctrl Pts',(-14.3370720138499,-8.34333846294214,5.41305624169975));
#8151=CARTESIAN_POINT('Ctrl Pts',(-13.693050946513,-9.8575232793953,5.0051092546517));
#8152=CARTESIAN_POINT('Ctrl Pts',(-14.2704117547079,-9.06285430145408,5.0051092546517));
#8153=CARTESIAN_POINT('Ctrl Pts',(-14.3370720138499,-8.34333846294214,5.41305624169975));
#8154=CARTESIAN_POINT('Origin',(-11.6893774435236,-8.49282984228854,7.68408087165625));
#8155=CARTESIAN_POINT('Ctrl Pts',(-14.8447471962685,8.72129225233918,6.05503011283305));
#8156=CARTESIAN_POINT('Ctrl Pts',(-14.3047555812384,8.32896537927671,5.4513011335963));
#8157=CARTESIAN_POINT('Ctrl Pts',(-14.7964200835105,9.53608293469381,5.56877211456394));
#8158=CARTESIAN_POINT('Ctrl Pts',(-14.2564284684805,9.14375606163133,4.96504313532719));
#8159=CARTESIAN_POINT('Ctrl Pts',(-14.178643910182,10.3863788906112,5.56877211456394));
#8160=CARTESIAN_POINT('Ctrl Pts',(-13.638652295152,9.99405201754875,4.96504313532719));
#8161=CARTESIAN_POINT('',(-14.3047555812384,8.32896537927671,5.4513011335963));
#8162=CARTESIAN_POINT('',(-14.8447471962685,8.72129225233918,6.05503011283305));
#8163=CARTESIAN_POINT('',(-13.638652295152,9.99405201754875,4.96504313532719));
#8164=CARTESIAN_POINT('Ctrl Pts',(-14.3047555812384,8.32896537927671,5.4513011335963));
#8165=CARTESIAN_POINT('Ctrl Pts',(-14.2564284684805,9.14375606163133,4.96504313532719));
#8166=CARTESIAN_POINT('Ctrl Pts',(-13.638652295152,9.99405201754875,4.96504313532719));
#8167=CARTESIAN_POINT('',(-14.178643910182,10.3863788906112,5.56877211456394));
#8168=CARTESIAN_POINT('Ctrl Pts',(-14.3813250585603,7.53469471262192,7.24062529798969));
#8169=CARTESIAN_POINT('Ctrl Pts',(-13.8413334435303,7.14236783955944,6.63689631875294));
#8170=CARTESIAN_POINT('Ctrl Pts',(-14.8930739586792,7.90650205219627,6.54128811110215));
#8171=CARTESIAN_POINT('Ctrl Pts',(-14.3530823436491,7.51417517913379,5.93755913186541));
#8172=CARTESIAN_POINT('Ctrl Pts',(-14.8447471962685,8.72129225233918,6.05503011283305));
#8173=CARTESIAN_POINT('Ctrl Pts',(-14.3047555812384,8.32896537927671,5.4513011335963));
#8174=CARTESIAN_POINT('',(-13.8413334435303,7.14236783955944,6.63689631875294));
#8175=CARTESIAN_POINT('',(-14.3813250585603,7.53469471262192,7.24062529798969));
#8176=CARTESIAN_POINT('Ctrl Pts',(-13.8413334435303,7.14236783955944,6.63689631875294));
#8177=CARTESIAN_POINT('Ctrl Pts',(-14.3530823436491,7.51417517913379,5.93755913186541));
#8178=CARTESIAN_POINT('Ctrl Pts',(-14.3047555812384,8.32896537927671,5.4513011335963));
#8179=CARTESIAN_POINT('Ctrl Pts',(-13.5431180292034,7.36279418741301,8.10204818960326));
#8180=CARTESIAN_POINT('Ctrl Pts',(-13.0031264141733,6.97046731435054,7.49831921036651));
#8181=CARTESIAN_POINT('Ctrl Pts',(-14.0028442090049,7.25971227940054,7.75784327844343));
#8182=CARTESIAN_POINT('Ctrl Pts',(-13.4628525939749,6.86738540633806,7.15411429920668));
#8183=CARTESIAN_POINT('Ctrl Pts',(-14.3813250585603,7.53469471262192,7.24062529798969));
#8184=CARTESIAN_POINT('Ctrl Pts',(-13.8413334435303,7.14236783955944,6.63689631875294));
#8185=CARTESIAN_POINT('',(-13.0031264141733,6.97046731435053,7.49831921036651));
#8186=CARTESIAN_POINT('',(-13.5431180292034,7.36279418741301,8.10204818960326));
#8187=CARTESIAN_POINT('Ctrl Pts',(-13.0031264141733,6.97046731435053,7.49831921036652));
#8188=CARTESIAN_POINT('Ctrl Pts',(-13.4628525939749,6.86738540633806,7.15411429920668));
#8189=CARTESIAN_POINT('Ctrl Pts',(-13.8413334435303,7.14236783955944,6.63689631875294));
#8190=CARTESIAN_POINT('Ctrl Pts',(-12.6281464276791,7.92431553406694,8.55552497825976));
#8191=CARTESIAN_POINT('Ctrl Pts',(-12.088154812649,7.53198866100447,7.95179599902301));
#8192=CARTESIAN_POINT('Ctrl Pts',(-13.0833912024569,7.46587562539254,8.44625398485408));
#8193=CARTESIAN_POINT('Ctrl Pts',(-12.5433995874269,7.07354875233006,7.84252500561733));
#8194=CARTESIAN_POINT('Ctrl Pts',(-13.5431180292034,7.36279418741301,8.10204818960326));
#8195=CARTESIAN_POINT('Ctrl Pts',(-13.0031264141733,6.97046731435054,7.49831921036651));
#8196=CARTESIAN_POINT('',(-12.088154812649,7.53198866100447,7.95179599902301));
#8197=CARTESIAN_POINT('',(-12.6281464276791,7.92431553406694,8.55552497825976));
#8198=CARTESIAN_POINT('Ctrl Pts',(-12.0881548126491,7.53198866100447,7.95179599902302));
#8199=CARTESIAN_POINT('Ctrl Pts',(-12.5433995874269,7.07354875233006,7.84252500561733));
#8200=CARTESIAN_POINT('Ctrl Pts',(-13.0031264141733,6.97046731435053,7.49831921036652));
#8201=CARTESIAN_POINT('Ctrl Pts',(-12.7335494447587,7.08421428432039,9.00718053948829));
#8202=CARTESIAN_POINT('Ctrl Pts',(-12.1935578297286,6.69188741125791,8.40345156025154));
#8203=CARTESIAN_POINT('Ctrl Pts',(-12.7942206074319,7.43790204054008,8.72307436526974));
#8204=CARTESIAN_POINT('Ctrl Pts',(-12.2542289924019,7.0455751674776,8.11934538603299));
#8205=CARTESIAN_POINT('Ctrl Pts',(-12.6281464276791,7.92431553406694,8.55552497825976));
#8206=CARTESIAN_POINT('Ctrl Pts',(-12.088154812649,7.53198866100447,7.95179599902301));
#8207=CARTESIAN_POINT('',(-12.1935578297286,6.69188741125791,8.40345156025154));
#8208=CARTESIAN_POINT('',(-12.7335494447587,7.08421428432039,9.00718053948829));
#8209=CARTESIAN_POINT('Ctrl Pts',(-12.1935578297286,6.69188741125791,8.40345156025154));
#8210=CARTESIAN_POINT('Ctrl Pts',(-12.2542289924019,7.0455751674776,8.11934538603299));
#8211=CARTESIAN_POINT('Ctrl Pts',(-12.0881548126491,7.53198866100447,7.95179599902302));
#8212=CARTESIAN_POINT('Ctrl Pts',(-12.4196688675707,6.54656059348311,9.63731241024916));
#8213=CARTESIAN_POINT('Ctrl Pts',(-11.8796772525406,6.15423372042063,9.03358343101241));
#8214=CARTESIAN_POINT('Ctrl Pts',(-12.6728782283357,6.73052796255706,9.29128582961586));
#8215=CARTESIAN_POINT('Ctrl Pts',(-12.1328866133056,6.33820108949458,8.68755685037911));
#8216=CARTESIAN_POINT('Ctrl Pts',(-12.7335494447587,7.08421428432039,9.00718053948829));
#8217=CARTESIAN_POINT('Ctrl Pts',(-12.1935578297286,6.69188741125791,8.40345156025154));
#8218=CARTESIAN_POINT('',(-11.8796772525406,6.15423372042063,9.03358343101241));
#8219=CARTESIAN_POINT('',(-12.4196688675707,6.54656059348311,9.63731241024916));
#8220=CARTESIAN_POINT('Ctrl Pts',(-11.8796772525406,6.15423372042063,9.03358343101241));
#8221=CARTESIAN_POINT('Ctrl Pts',(-12.1328866133056,6.33820108949458,8.68755685037911));
#8222=CARTESIAN_POINT('Ctrl Pts',(-12.1935578297286,6.69188741125791,8.40345156025154));
#8223=CARTESIAN_POINT('Ctrl Pts',(-11.7614726003544,6.39313624731256,10.3257222325688));
#8224=CARTESIAN_POINT('Ctrl Pts',(-11.2214809853244,6.00080937425009,9.72199325333208));
#8225=CARTESIAN_POINT('Ctrl Pts',(-12.1531330899163,6.35291101579362,10.0015503810713));
#8226=CARTESIAN_POINT('Ctrl Pts',(-11.6131414748862,5.96058414273115,9.3978214018345));
#8227=CARTESIAN_POINT('Ctrl Pts',(-12.4196688675707,6.54656059348311,9.63731241024916));
#8228=CARTESIAN_POINT('Ctrl Pts',(-11.8796772525406,6.15423372042063,9.03358343101241));
#8229=CARTESIAN_POINT('',(-11.2214809853244,6.00080937425008,9.72199325333208));
#8230=CARTESIAN_POINT('',(-11.7614726003544,6.39313624731256,10.3257222325688));
#8231=CARTESIAN_POINT('Ctrl Pts',(-11.2214809853244,6.00080937425008,9.72199325333208));
#8232=CARTESIAN_POINT('Ctrl Pts',(-11.6131414748862,5.96058414273114,9.39782140183451));
#8233=CARTESIAN_POINT('Ctrl Pts',(-11.8796772525406,6.15423372042063,9.03358343101241));
#8234=CARTESIAN_POINT('Ctrl Pts',(-10.9409781496347,6.73494040564316,10.8374769727841));
#8235=CARTESIAN_POINT('Ctrl Pts',(-10.4009865346047,6.34261353258068,10.2337479935474));
#8236=CARTESIAN_POINT('Ctrl Pts',(-11.369811410098,6.43336244325491,10.6498940840664));
#8237=CARTESIAN_POINT('Ctrl Pts',(-10.8298197950679,6.04103557019244,10.0461651048297));
#8238=CARTESIAN_POINT('Ctrl Pts',(-11.7614726003544,6.39313624731256,10.3257222325688));
#8239=CARTESIAN_POINT('Ctrl Pts',(-11.2214809853244,6.00080937425009,9.72199325333208));
#8240=CARTESIAN_POINT('',(-10.4009865346047,6.34261353258068,10.2337479935474));
#8241=CARTESIAN_POINT('',(-10.9409781496347,6.73494040564316,10.8374769727841));
#8242=CARTESIAN_POINT('Ctrl Pts',(-10.4009865346047,6.34261353258068,10.2337479935474));
#8243=CARTESIAN_POINT('Ctrl Pts',(-10.8298197950679,6.04103557019244,10.0461651048297));
#8244=CARTESIAN_POINT('Ctrl Pts',(-11.2214809853244,6.00080937425008,9.72199325333208));
#8245=CARTESIAN_POINT('Ctrl Pts',(-10.1657287978232,7.51331989338971,11.0250594194564));
#8246=CARTESIAN_POINT('Ctrl Pts',(-9.6257371827931,7.12099302032723,10.4213304402196));
#8247=CARTESIAN_POINT('Ctrl Pts',(-10.5121452126439,7.03651860304787,11.0250594194564));
#8248=CARTESIAN_POINT('Ctrl Pts',(-9.97215359761382,6.64419172998539,10.4213304402196));
#8249=CARTESIAN_POINT('Ctrl Pts',(-10.9409781496347,6.73494040564316,10.8374769727841));
#8250=CARTESIAN_POINT('Ctrl Pts',(-10.4009865346047,6.34261353258068,10.2337479935474));
#8251=CARTESIAN_POINT('',(-9.6257371827931,7.12099302032723,10.4213304402196));
#8252=CARTESIAN_POINT('',(-10.1657287978232,7.51331989338971,11.0250594194564));
#8253=CARTESIAN_POINT('Ctrl Pts',(-9.6257371827931,7.12099302032723,10.4213304402196));
#8254=CARTESIAN_POINT('Ctrl Pts',(-9.97215359761382,6.64419172998539,10.4213304402196));
#8255=CARTESIAN_POINT('Ctrl Pts',(-10.4009865346047,6.34261353258068,10.2337479935474));
#8256=CARTESIAN_POINT('Ctrl Pts',(-9.59087188798022,8.86224457339916,10.6626426760622));
#8257=CARTESIAN_POINT('Ctrl Pts',(-9.05088027295016,8.46991770033668,10.0589136968255));
#8258=CARTESIAN_POINT('Ctrl Pts',(-9.66342464598579,8.20468224659708,11.0250594194564));
#8259=CARTESIAN_POINT('Ctrl Pts',(-9.12343303095573,7.81235537353461,10.4213304402196));
#8260=CARTESIAN_POINT('Ctrl Pts',(-10.1657287978232,7.51331989338971,11.0250594194564));
#8261=CARTESIAN_POINT('Ctrl Pts',(-9.6257371827931,7.12099302032723,10.4213304402196));
#8262=CARTESIAN_POINT('',(-9.05088027295016,8.46991770033668,10.0589136968255));
#8263=CARTESIAN_POINT('',(-9.59087188798022,8.86224457339916,10.6626426760622));
#8264=CARTESIAN_POINT('Ctrl Pts',(-9.05088027295016,8.46991770033668,10.0589136968255));
#8265=CARTESIAN_POINT('Ctrl Pts',(-9.12343303095573,7.81235537353461,10.4213304402196));
#8266=CARTESIAN_POINT('Ctrl Pts',(-9.6257371827931,7.12099302032723,10.4213304402196));
#8267=CARTESIAN_POINT('Ctrl Pts',(-9.90548477082599,10.0014336477482,9.64095442305962));
#8268=CARTESIAN_POINT('Ctrl Pts',(-9.36549315579593,9.60910677468574,9.03722544382287));
#8269=CARTESIAN_POINT('Ctrl Pts',(-9.51831910309977,9.51980761742942,10.3002254906226));
#8270=CARTESIAN_POINT('Ctrl Pts',(-8.97832748806971,9.12748074436694,9.69649651138589));
#8271=CARTESIAN_POINT('Ctrl Pts',(-9.59087188798022,8.86224457339916,10.6626426760622));
#8272=CARTESIAN_POINT('Ctrl Pts',(-9.05088027295016,8.46991770033668,10.0589136968255));
#8273=CARTESIAN_POINT('',(-9.36549315579592,9.60910677468574,9.03722544382287));
#8274=CARTESIAN_POINT('',(-9.90548477082599,10.0014336477482,9.64095442305962));
#8275=CARTESIAN_POINT('Ctrl Pts',(-9.36549315579593,9.60910677468574,9.03722544382288));
#8276=CARTESIAN_POINT('Ctrl Pts',(-8.97832748806971,9.12748074436694,9.69649651138589));
#8277=CARTESIAN_POINT('Ctrl Pts',(-9.05088027295016,8.46991770033668,10.0589136968255));
#8278=CARTESIAN_POINT('Origin',(-10.5104006607619,9.34819944548687,9.52439851994203));
#8279=CARTESIAN_POINT('',(-9.97040904573188,8.95587257242439,8.92066954070528));
#8280=CARTESIAN_POINT('',(-10.5104006607619,9.34819944548687,9.52439851994203));
#8281=CARTESIAN_POINT('',(-9.97040904573188,8.95587257242439,8.92066954070528));
#8282=CARTESIAN_POINT('Ctrl Pts',(-10.2424719186299,8.60717215879444,10.2455899939198));
#8283=CARTESIAN_POINT('Ctrl Pts',(-9.70248030359988,8.21484528573196,9.64186101468305));
#8284=CARTESIAN_POINT('Ctrl Pts',(-10.2163094778495,9.01311485706863,10.0051928359272));
#8285=CARTESIAN_POINT('Ctrl Pts',(-9.6763178628194,8.62078798400615,9.40146385669046));
#8286=CARTESIAN_POINT('Ctrl Pts',(-10.5104006607619,9.34819944548687,9.52439851994203));
#8287=CARTESIAN_POINT('Ctrl Pts',(-9.97040904573188,8.95587257242439,8.92066954070528));
#8288=CARTESIAN_POINT('',(-9.70248030359988,8.21484528573196,9.64186101468305));
#8289=CARTESIAN_POINT('',(-10.2424719186299,8.60717215879444,10.2455899939198));
#8290=CARTESIAN_POINT('Ctrl Pts',(-9.70248030359988,8.21484528573196,9.64186101468305));
#8291=CARTESIAN_POINT('Ctrl Pts',(-9.67631786281941,8.62078798400615,9.40146385669046));
#8292=CARTESIAN_POINT('Ctrl Pts',(-9.97040904573188,8.95587257242439,8.92066954070528));
#8293=CARTESIAN_POINT('Ctrl Pts',(-10.5717488975522,7.78402809036529,10.4859871519124));
#8294=CARTESIAN_POINT('Ctrl Pts',(-10.0317572825221,7.39170121730281,9.88225817267564));
#8295=CARTESIAN_POINT('Ctrl Pts',(-10.2686343594104,8.20122946052025,10.4859871519124));
#8296=CARTESIAN_POINT('Ctrl Pts',(-9.72864274438035,7.80890258745778,9.88225817267564));
#8297=CARTESIAN_POINT('Ctrl Pts',(-10.2424719186299,8.60717215879444,10.2455899939198));
#8298=CARTESIAN_POINT('Ctrl Pts',(-9.70248030359988,8.21484528573196,9.64186101468305));
#8299=CARTESIAN_POINT('',(-10.0317572825221,7.39170121730281,9.88225817267564));
#8300=CARTESIAN_POINT('',(-10.5717488975522,7.78402809036529,10.4859871519124));
#8301=CARTESIAN_POINT('Ctrl Pts',(-10.0317572825221,7.39170121730281,9.88225817267564));
#8302=CARTESIAN_POINT('Ctrl Pts',(-9.72864274438035,7.80890258745778,9.88225817267564));
#8303=CARTESIAN_POINT('Ctrl Pts',(-9.70248030359988,8.21484528573196,9.64186101468305));
#8304=CARTESIAN_POINT('Ctrl Pts',(-11.2444141088432,7.22251188107341,10.2492324487758));
#8305=CARTESIAN_POINT('Ctrl Pts',(-10.7044224938131,6.83018500801093,9.645503469539));
#8306=CARTESIAN_POINT('Ctrl Pts',(-10.8777499471947,7.36285377796723,10.4859871519124));
#8307=CARTESIAN_POINT('Ctrl Pts',(-10.3377583321647,6.97052690490476,9.88225817267564));
#8308=CARTESIAN_POINT('Ctrl Pts',(-10.5717488975522,7.78402809036529,10.4859871519124));
#8309=CARTESIAN_POINT('Ctrl Pts',(-10.0317572825221,7.39170121730281,9.88225817267564));
#8310=CARTESIAN_POINT('',(-10.7044224938131,6.83018500801093,9.645503469539));
#8311=CARTESIAN_POINT('',(-11.2444141088432,7.22251188107341,10.2492324487758));
#8312=CARTESIAN_POINT('Ctrl Pts',(-10.7044224938131,6.83018500801093,9.645503469539));
#8313=CARTESIAN_POINT('Ctrl Pts',(-10.3377583321647,6.97052690490476,9.88225817267564));
#8314=CARTESIAN_POINT('Ctrl Pts',(-10.0317572825221,7.39170121730281,9.88225817267564));
#8315=CARTESIAN_POINT('Ctrl Pts',(-11.8749489588516,7.27388326115585,9.65188178762748));
#8316=CARTESIAN_POINT('Ctrl Pts',(-11.3349573438216,6.88155638809337,9.04815280839074));
#8317=CARTESIAN_POINT('Ctrl Pts',(-11.6110785939641,7.08217021919606,10.0124773035936));
#8318=CARTESIAN_POINT('Ctrl Pts',(-11.071086978934,6.68984334613358,9.40874832435687));
#8319=CARTESIAN_POINT('Ctrl Pts',(-11.2444141088432,7.22251188107341,10.2492324487758));
#8320=CARTESIAN_POINT('Ctrl Pts',(-10.7044224938131,6.83018500801093,9.645503469539));
#8321=CARTESIAN_POINT('',(-11.3349573438216,6.88155638809337,9.04815280839074));
#8322=CARTESIAN_POINT('',(-11.8749489588516,7.27388326115585,9.65188178762748));
#8323=CARTESIAN_POINT('Ctrl Pts',(-11.3349573438216,6.88155638809337,9.04815280839074));
#8324=CARTESIAN_POINT('Ctrl Pts',(-11.071086978934,6.68984334613358,9.40874832435688));
#8325=CARTESIAN_POINT('Ctrl Pts',(-10.7044224938131,6.83018500801093,9.645503469539));
#8326=CARTESIAN_POINT('Ctrl Pts',(-12.1024542582632,7.99768290230478,8.97804134268614));
#8327=CARTESIAN_POINT('Ctrl Pts',(-11.5624626432332,7.60535602924231,8.37431236344939));
#8328=CARTESIAN_POINT('Ctrl Pts',(-12.2081187617878,7.51594529202182,9.1965842135885));
#8329=CARTESIAN_POINT('Ctrl Pts',(-11.6681271467577,7.12361841895934,8.59285523435175));
#8330=CARTESIAN_POINT('Ctrl Pts',(-11.8749489588516,7.27388326115585,9.65188178762748));
#8331=CARTESIAN_POINT('Ctrl Pts',(-11.3349573438216,6.88155638809337,9.04815280839074));
#8332=CARTESIAN_POINT('',(-11.5624626432332,7.60535602924231,8.37431236344939));
#8333=CARTESIAN_POINT('',(-12.1024542582632,7.99768290230478,8.97804134268614));
#8334=CARTESIAN_POINT('Ctrl Pts',(-11.5624626432332,7.60535602924231,8.3743123634494));
#8335=CARTESIAN_POINT('Ctrl Pts',(-11.6681271467577,7.12361841895934,8.59285523435175));
#8336=CARTESIAN_POINT('Ctrl Pts',(-11.3349573438216,6.88155638809337,9.04815280839074));
#8337=CARTESIAN_POINT('Ctrl Pts',(-11.6648076491583,8.93635468065559,8.75949847178379));
#8338=CARTESIAN_POINT('Ctrl Pts',(-11.1248160341282,8.54402780759311,8.15576949254704));
#8339=CARTESIAN_POINT('Ctrl Pts',(-11.996790105086,8.47942003037604,8.75949847178379));
#8340=CARTESIAN_POINT('Ctrl Pts',(-11.456798490056,8.08709315731356,8.15576949254704));
#8341=CARTESIAN_POINT('Ctrl Pts',(-12.1024542582632,7.99768290230478,8.97804134268614));
#8342=CARTESIAN_POINT('Ctrl Pts',(-11.5624626432332,7.60535602924231,8.37431236344939));
#8343=CARTESIAN_POINT('',(-11.1248160341282,8.54402780759311,8.15576949254704));
#8344=CARTESIAN_POINT('',(-11.6648076491583,8.93635468065559,8.75949847178379));
#8345=CARTESIAN_POINT('Ctrl Pts',(-11.1248160341282,8.54402780759311,8.15576949254704));
#8346=CARTESIAN_POINT('Ctrl Pts',(-11.456798490056,8.08709315731356,8.15576949254704));
#8347=CARTESIAN_POINT('Ctrl Pts',(-11.5624626432332,7.60535602924231,8.3743123634494));
#8348=CARTESIAN_POINT('Ctrl Pts',(-11.5757599052399,9.04770874234333,8.76678293945021));
#8349=CARTESIAN_POINT('Ctrl Pts',(-11.0357682902098,8.65538186928086,8.16305396021346));
#8350=CARTESIAN_POINT('Ctrl Pts',(-11.6330525191769,8.98006186744668,8.75949847178379));
#8351=CARTESIAN_POINT('Ctrl Pts',(-11.0930609041469,8.5877349943842,8.15576949254704));
#8352=CARTESIAN_POINT('Ctrl Pts',(-11.6648076491583,8.93635468065559,8.75949847178379));
#8353=CARTESIAN_POINT('Ctrl Pts',(-11.1248160341282,8.54402780759311,8.15576949254704));
#8354=CARTESIAN_POINT('',(-11.0357682902098,8.65538186928086,8.16305396021346));
#8355=CARTESIAN_POINT('',(-11.5757599052399,9.04770874234333,8.76678293945021));
#8356=CARTESIAN_POINT('Ctrl Pts',(-11.0357682902098,8.65538186928086,8.16305396021346));
#8357=CARTESIAN_POINT('Ctrl Pts',(-11.0930609041469,8.5877349943842,8.15576949254704));
#8358=CARTESIAN_POINT('Ctrl Pts',(-11.1248160341282,8.54402780759311,8.15576949254704));
#8359=CARTESIAN_POINT('Origin',(-11.9391505262009,9.43314231966776,8.19128656539218));
#8360=CARTESIAN_POINT('',(-11.3991589111708,9.04081544660528,7.58755758615543));
#8361=CARTESIAN_POINT('',(-11.9391505262009,9.43314231966776,8.19128656539218));
#8362=CARTESIAN_POINT('',(-11.3991589111708,9.04081544660528,7.58755758615543));
#8363=CARTESIAN_POINT('Ctrl Pts',(-12.2524670152184,8.88979729579307,8.26413477842029));
#8364=CARTESIAN_POINT('Ctrl Pts',(-11.7124754001884,8.49747042273059,7.66040579918354));
#8365=CARTESIAN_POINT('Ctrl Pts',(-12.105239863746,9.0924380852942,8.26413477842029));
#8366=CARTESIAN_POINT('Ctrl Pts',(-11.5652482487159,8.70011121223173,7.66040579918354));
#8367=CARTESIAN_POINT('Ctrl Pts',(-11.9391505262009,9.43314231966776,8.19128656539218));
#8368=CARTESIAN_POINT('Ctrl Pts',(-11.3991589111708,9.04081544660528,7.58755758615543));
#8369=CARTESIAN_POINT('',(-11.7124754001884,8.49747042273059,7.66040579918354));
#8370=CARTESIAN_POINT('',(-12.2524670152184,8.88979729579307,8.26413477842029));
#8371=CARTESIAN_POINT('Ctrl Pts',(-11.7124754001884,8.49747042273059,7.66040579918354));
#8372=CARTESIAN_POINT('Ctrl Pts',(-11.5652482487159,8.70011121223173,7.66040579918354));
#8373=CARTESIAN_POINT('Ctrl Pts',(-11.3991589111708,9.04081544660528,7.58755758615543));
#8374=CARTESIAN_POINT('Ctrl Pts',(-13.0617098432278,8.22717608931219,7.97092335115283));
#8375=CARTESIAN_POINT('Ctrl Pts',(-12.5217182281977,7.83484921624971,7.36719437191608));
#8376=CARTESIAN_POINT('Ctrl Pts',(-12.6133173889321,8.39312936538894,8.26413477842029));
#8377=CARTESIAN_POINT('Ctrl Pts',(-12.0733257739021,8.00080249232646,7.66040579918354));
#8378=CARTESIAN_POINT('Ctrl Pts',(-12.2524670152184,8.88979729579307,8.26413477842029));
#8379=CARTESIAN_POINT('Ctrl Pts',(-11.7124754001884,8.49747042273059,7.66040579918354));
#8380=CARTESIAN_POINT('',(-12.5217182281977,7.83484921624971,7.36719437191608));
#8381=CARTESIAN_POINT('',(-13.0617098432278,8.22717608931219,7.97092335115283));
#8382=CARTESIAN_POINT('Ctrl Pts',(-12.5217182281977,7.83484921624971,7.36719437191609));
#8383=CARTESIAN_POINT('Ctrl Pts',(-12.0733257739021,8.00080249232646,7.66040579918354));
#8384=CARTESIAN_POINT('Ctrl Pts',(-11.7124754001884,8.49747042273059,7.66040579918354));
#8385=CARTESIAN_POINT('Ctrl Pts',(-13.8406073077627,8.30134949563284,7.22605547856587));
#8386=CARTESIAN_POINT('Ctrl Pts',(-13.3006156927326,7.90902262257036,6.62232649932912));
#8387=CARTESIAN_POINT('Ctrl Pts',(-13.510102594121,8.06122376548009,7.67771103979439));
#8388=CARTESIAN_POINT('Ctrl Pts',(-12.9701109790909,7.66889689241761,7.07398206055765));
#8389=CARTESIAN_POINT('Ctrl Pts',(-13.0617098432278,8.22717608931219,7.97092335115283));
#8390=CARTESIAN_POINT('Ctrl Pts',(-12.5217182281977,7.83484921624971,7.36719437191608));
#8391=CARTESIAN_POINT('',(-13.3006156927326,7.90902262257036,6.62232649932912));
#8392=CARTESIAN_POINT('',(-13.8406073077627,8.30134949563284,7.22605547856587));
#8393=CARTESIAN_POINT('Ctrl Pts',(-13.3006156927326,7.90902262257036,6.62232649932912));
#8394=CARTESIAN_POINT('Ctrl Pts',(-12.9701109790909,7.66889689241761,7.07398206055765));
#8395=CARTESIAN_POINT('Ctrl Pts',(-12.5217182281977,7.83484921624971,7.36719437191609));
#8396=CARTESIAN_POINT('Ctrl Pts',(-14.1690604894347,9.07117323073275,6.43201623360549));
#8397=CARTESIAN_POINT('Ctrl Pts',(-13.6290688744046,8.67884635767028,5.82828725436874));
#8398=CARTESIAN_POINT('Ctrl Pts',(-14.1871038510606,8.55309397013082,6.7525460722926));
#8399=CARTESIAN_POINT('Ctrl Pts',(-13.6471122360306,8.16076709706834,6.14881709305585));
#8400=CARTESIAN_POINT('Ctrl Pts',(-13.8406073077627,8.30134949563284,7.22605547856587));
#8401=CARTESIAN_POINT('Ctrl Pts',(-13.3006156927326,7.90902262257036,6.62232649932912));
#8402=CARTESIAN_POINT('',(-13.6290688744046,8.67884635767028,5.82828725436874));
#8403=CARTESIAN_POINT('',(-14.1690604894347,9.07117323073275,6.43201623360549));
#8404=CARTESIAN_POINT('Ctrl Pts',(-13.6290688744046,8.67884635767028,5.82828725436874));
#8405=CARTESIAN_POINT('Ctrl Pts',(-13.6471122360306,8.16076709706834,6.14881709305585));
#8406=CARTESIAN_POINT('Ctrl Pts',(-13.3006156927326,7.90902262257036,6.62232649932912));
#8407=CARTESIAN_POINT('Ctrl Pts',(-13.7843920331067,10.0938672828272,6.11148727900936));
#8408=CARTESIAN_POINT('Ctrl Pts',(-13.2444004180766,9.70154040976471,5.50775829977261));
#8409=CARTESIAN_POINT('Ctrl Pts',(-14.1510161305165,9.58925250351346,6.11148727900936));
#8410=CARTESIAN_POINT('Ctrl Pts',(-13.6110245154864,9.19692563045098,5.50775829977261));
#8411=CARTESIAN_POINT('Ctrl Pts',(-14.1690604894347,9.07117323073275,6.43201623360549));
#8412=CARTESIAN_POINT('Ctrl Pts',(-13.6290688744046,8.67884635767028,5.82828725436874));
#8413=CARTESIAN_POINT('',(-13.2444004180766,9.70154040976471,5.50775829977261));
#8414=CARTESIAN_POINT('',(-13.7843920331067,10.0938672828272,6.11148727900936));
#8415=CARTESIAN_POINT('Ctrl Pts',(-13.2444004180766,9.70154040976471,5.50775829977261));
#8416=CARTESIAN_POINT('Ctrl Pts',(-13.6110245154864,9.19692563045098,5.50775829977261));
#8417=CARTESIAN_POINT('Ctrl Pts',(-13.6290688744046,8.67884635767028,5.82828725436874));
#8418=CARTESIAN_POINT('Ctrl Pts',(-13.0805256380098,10.6843160134654,6.35734767724039));
#8419=CARTESIAN_POINT('Ctrl Pts',(-12.5405340229797,10.2919891404029,5.75361869800364));
#8420=CARTESIAN_POINT('Ctrl Pts',(-13.4755041216161,10.51901501968,6.11148727900936));
#8421=CARTESIAN_POINT('Ctrl Pts',(-12.935512506586,10.1266881466176,5.50775829977261));
#8422=CARTESIAN_POINT('Ctrl Pts',(-13.7843920331067,10.0938672828272,6.11148727900936));
#8423=CARTESIAN_POINT('Ctrl Pts',(-13.2444004180766,9.70154040976471,5.50775829977261));
#8424=CARTESIAN_POINT('',(-12.5405340229797,10.2919891404029,5.75361869800364));
#8425=CARTESIAN_POINT('',(-13.0805256380098,10.6843160134654,6.35734767724039));
#8426=CARTESIAN_POINT('Ctrl Pts',(-12.5405340229797,10.2919891404029,5.75361869800364));
#8427=CARTESIAN_POINT('Ctrl Pts',(-12.935512506586,10.1266881466176,5.50775829977261));
#8428=CARTESIAN_POINT('Ctrl Pts',(-13.2444004180766,9.70154040976471,5.50775829977261));
#8429=CARTESIAN_POINT('Ctrl Pts',(-12.1882561492067,10.6765059458313,7.16049305934066));
#8430=CARTESIAN_POINT('Ctrl Pts',(-11.6482645341767,10.2841790727688,6.55676408010391));
#8431=CARTESIAN_POINT('Ctrl Pts',(-12.6855475047508,10.849616525039,6.60320807547141));
#8432=CARTESIAN_POINT('Ctrl Pts',(-12.1455558897208,10.4572896519766,5.99947909623467));
#8433=CARTESIAN_POINT('Ctrl Pts',(-13.0805256380098,10.6843160134654,6.35734767724039));
#8434=CARTESIAN_POINT('Ctrl Pts',(-12.5405340229797,10.2919891404029,5.75361869800364));
#8435=CARTESIAN_POINT('',(-11.6482645341767,10.2841790727688,6.55676408010391));
#8436=CARTESIAN_POINT('',(-12.1882561492067,10.6765059458313,7.16049305934066));
#8437=CARTESIAN_POINT('Ctrl Pts',(-11.6482645341767,10.2841790727688,6.55676408010391));
#8438=CARTESIAN_POINT('Ctrl Pts',(-12.1455558897208,10.4572896519766,5.99947909623467));
#8439=CARTESIAN_POINT('Ctrl Pts',(-12.5405340229797,10.2919891404029,5.75361869800364));
#8440=CARTESIAN_POINT('Origin',(-11.7326001394905,11.4381837987908,7.07307591097971));
#8441=CARTESIAN_POINT('',(-11.1926085244604,11.0458569257284,6.46934693174297));
#8442=CARTESIAN_POINT('',(-11.7326001394905,11.4381837987908,7.07307591097971));
#8443=CARTESIAN_POINT('',(-11.1926085244604,11.0458569257283,6.46934693174297));
#8444=CARTESIAN_POINT('Ctrl Pts',(-12.9469069609494,11.437138010324,5.98764646617985));
#8445=CARTESIAN_POINT('Ctrl Pts',(-12.4069153459194,11.0448111372615,5.38391748694311));
#8446=CARTESIAN_POINT('Ctrl Pts',(-12.2723234338756,11.7210425932796,6.40651993370479));
#8447=CARTESIAN_POINT('Ctrl Pts',(-11.7323318188455,11.3287157202171,5.80279095446804));
#8448=CARTESIAN_POINT('Ctrl Pts',(-11.7326001394905,11.4381837987908,7.07307591097971));
#8449=CARTESIAN_POINT('Ctrl Pts',(-11.1926085244604,11.0458569257284,6.46934693174297));
#8450=CARTESIAN_POINT('',(-12.4069153459194,11.0448111372615,5.3839174869431));
#8451=CARTESIAN_POINT('',(-12.9469069609494,11.437138010324,5.98764646617985));
#8452=CARTESIAN_POINT('Ctrl Pts',(-12.4069153459194,11.0448111372615,5.38391748694311));
#8453=CARTESIAN_POINT('Ctrl Pts',(-11.7323318188455,11.3287157202171,5.80279095446804));
#8454=CARTESIAN_POINT('Ctrl Pts',(-11.1926085244604,11.0458569257283,6.46934693174297));
#8455=CARTESIAN_POINT('Ctrl Pts',(-14.178643910182,10.3863788906112,5.56877211456394));
#8456=CARTESIAN_POINT('Ctrl Pts',(-13.638652295152,9.99405201754875,4.96504313532719));
#8457=CARTESIAN_POINT('Ctrl Pts',(-13.6214907846208,11.153234379613,5.56877211456394));
#8458=CARTESIAN_POINT('Ctrl Pts',(-13.0814991695907,10.7609075065505,4.96504313532719));
#8459=CARTESIAN_POINT('Ctrl Pts',(-12.9469069609494,11.437138010324,5.98764646617985));
#8460=CARTESIAN_POINT('Ctrl Pts',(-12.4069153459194,11.0448111372615,5.38391748694311));
#8461=CARTESIAN_POINT('Ctrl Pts',(-13.638652295152,9.99405201754875,4.96504313532719));
#8462=CARTESIAN_POINT('Ctrl Pts',(-13.0814991695907,10.7609075065505,4.96504313532719));
#8463=CARTESIAN_POINT('Ctrl Pts',(-12.4069153459194,11.0448111372615,5.38391748694311));
#8464=CARTESIAN_POINT('Origin',(-11.6827137702716,8.48798903761412,7.6931867877734));
#8465=CARTESIAN_POINT('Ctrl Pts',(5.17738558826904,-15.1317383732004,7.32075753663873));
#8466=CARTESIAN_POINT('Ctrl Pts',(4.97112714495389,-14.4969401578666,6.71702855740198));
#8467=CARTESIAN_POINT('Ctrl Pts',(4.55915055605262,-15.8037335601956,6.82539428532072));
#8468=CARTESIAN_POINT('Ctrl Pts',(4.35289211273747,-15.1689353448618,6.22166530608397));
#8469=CARTESIAN_POINT('Ctrl Pts',(4.39366394393162,-16.025512807327,6.64873876117086));
#8470=CARTESIAN_POINT('Ctrl Pts',(4.18740550061648,-15.3907145919932,6.04500978193411));
#8471=CARTESIAN_POINT('',(4.97112714495389,-14.4969401578666,6.71702855740198));
#8472=CARTESIAN_POINT('',(5.17738558826904,-15.1317383732004,7.32075753663873));
#8473=CARTESIAN_POINT('',(4.18740550061648,-15.3907145919932,6.04500978193411));
#8474=CARTESIAN_POINT('Ctrl Pts',(4.97112714495389,-14.4969401578666,6.71702855740198));
#8475=CARTESIAN_POINT('Ctrl Pts',(4.35289211273747,-15.1689353448618,6.22166530608397));
#8476=CARTESIAN_POINT('Ctrl Pts',(4.18740550061648,-15.3907145919932,6.04500978193411));
#8477=CARTESIAN_POINT('',(4.39366394393162,-16.025512807327,6.64873876117086));
#8478=CARTESIAN_POINT('Ctrl Pts',(6.21090885116034,-13.9021854158289,8.26049232356435));
#8479=CARTESIAN_POINT('Ctrl Pts',(6.0046504078452,-13.2673872004951,7.6567633443276));
#8480=CARTESIAN_POINT('Ctrl Pts',(5.91658486093109,-14.3234441516501,7.91810775574151));
#8481=CARTESIAN_POINT('Ctrl Pts',(5.71032641761595,-13.6886459363163,7.31437877650476));
#8482=CARTESIAN_POINT('Ctrl Pts',(5.17738558826904,-15.1317383732004,7.32075753663873));
#8483=CARTESIAN_POINT('Ctrl Pts',(4.97112714495389,-14.4969401578666,6.71702855740198));
#8484=CARTESIAN_POINT('',(6.0046504078452,-13.2673872004951,7.6567633443276));
#8485=CARTESIAN_POINT('',(6.21090885116034,-13.9021854158289,8.26049232356435));
#8486=CARTESIAN_POINT('Ctrl Pts',(6.0046504078452,-13.2673872004951,7.6567633443276));
#8487=CARTESIAN_POINT('Ctrl Pts',(5.71032641761595,-13.6886459363163,7.31437877650476));
#8488=CARTESIAN_POINT('Ctrl Pts',(4.97112714495389,-14.4969401578666,6.71702855740198));
#8489=CARTESIAN_POINT('Ctrl Pts',(6.58685119313675,-13.1599586602913,8.91247848141545));
#8490=CARTESIAN_POINT('Ctrl Pts',(6.3805927498216,-12.5251604449575,8.3087495021787));
#8491=CARTESIAN_POINT('Ctrl Pts',(6.50523478912211,-13.4809268879715,8.6028760072962));
#8492=CARTESIAN_POINT('Ctrl Pts',(6.29897634580696,-12.8461286726377,7.99914702805945));
#8493=CARTESIAN_POINT('Ctrl Pts',(6.21090885116034,-13.9021854158289,8.26049232356435));
#8494=CARTESIAN_POINT('Ctrl Pts',(6.0046504078452,-13.2673872004951,7.6567633443276));
#8495=CARTESIAN_POINT('',(6.3805927498216,-12.5251604449575,8.3087495021787));
#8496=CARTESIAN_POINT('',(6.58685119313675,-13.1599586602913,8.91247848141545));
#8497=CARTESIAN_POINT('Ctrl Pts',(6.3805927498216,-12.5251604449575,8.3087495021787));
#8498=CARTESIAN_POINT('Ctrl Pts',(6.29897634580696,-12.8461286726377,7.99914702805945));
#8499=CARTESIAN_POINT('Ctrl Pts',(6.0046504078452,-13.2673872004951,7.6567633443276));
#8500=CARTESIAN_POINT('Ctrl Pts',(6.57887917467855,-12.563257904284,9.54261035217632));
#8501=CARTESIAN_POINT('Ctrl Pts',(6.3726207313634,-11.9284596889502,8.93888137293957));
#8502=CARTESIAN_POINT('Ctrl Pts',(6.66846986464681,-12.8389896958572,9.2220809555347));
#8503=CARTESIAN_POINT('Ctrl Pts',(6.46221142133166,-12.2041914805234,8.61835197629795));
#8504=CARTESIAN_POINT('Ctrl Pts',(6.58685119313675,-13.1599586602913,8.91247848141545));
#8505=CARTESIAN_POINT('Ctrl Pts',(6.3805927498216,-12.5251604449575,8.3087495021787));
#8506=CARTESIAN_POINT('',(6.3726207313634,-11.9284596889502,8.93888137293957));
#8507=CARTESIAN_POINT('',(6.57887917467855,-12.563257904284,9.54261035217632));
#8508=CARTESIAN_POINT('Ctrl Pts',(6.3726207313634,-11.9284596889502,8.93888137293957));
#8509=CARTESIAN_POINT('Ctrl Pts',(6.46221142133166,-12.2041914805234,8.61835197629795));
#8510=CARTESIAN_POINT('Ctrl Pts',(6.3805927498216,-12.5251604449575,8.3087495021787));
#8511=CARTESIAN_POINT('Ctrl Pts',(5.70911029605252,-11.8412708002612,10.5989010422195));
#8512=CARTESIAN_POINT('Ctrl Pts',(5.50285185273737,-11.2064725849274,9.99517206298278));
#8513=CARTESIAN_POINT('Ctrl Pts',(6.40275196243542,-12.0211940827666,10.1727422229372));
#8514=CARTESIAN_POINT('Ctrl Pts',(6.19649351912027,-11.3863958674328,9.56901324370044));
#8515=CARTESIAN_POINT('Ctrl Pts',(6.57887917467855,-12.563257904284,9.54261035217632));
#8516=CARTESIAN_POINT('Ctrl Pts',(6.3726207313634,-11.9284596889502,8.93888137293957));
#8517=CARTESIAN_POINT('',(5.50285185273737,-11.2064725849274,9.99517206298278));
#8518=CARTESIAN_POINT('',(5.70911029605252,-11.8412708002612,10.5989010422195));
#8519=CARTESIAN_POINT('Ctrl Pts',(5.50285185273737,-11.2064725849274,9.99517206298278));
#8520=CARTESIAN_POINT('Ctrl Pts',(6.19649351912027,-11.3863958674328,9.56901324370044));
#8521=CARTESIAN_POINT('Ctrl Pts',(6.3726207313634,-11.9284596889502,8.93888137293957));
#8522=CARTESIAN_POINT('Ctrl Pts',(4.02989890552811,-11.9815785331708,11.0250598615019));
#8523=CARTESIAN_POINT('Ctrl Pts',(3.82364046221296,-11.346780317837,10.4213308822651));
#8524=CARTESIAN_POINT('Ctrl Pts',(5.01546862966962,-11.6613475177558,11.0250598615019));
#8525=CARTESIAN_POINT('Ctrl Pts',(4.80921018635447,-11.026549302422,10.4213308822651));
#8526=CARTESIAN_POINT('Ctrl Pts',(5.70911029605252,-11.8412708002612,10.5989010422195));
#8527=CARTESIAN_POINT('Ctrl Pts',(5.50285185273737,-11.2064725849274,9.99517206298278));
#8528=CARTESIAN_POINT('',(3.82364046221296,-11.346780317837,10.4213308822651));
#8529=CARTESIAN_POINT('',(4.02989890552811,-11.9815785331708,11.0250598615019));
#8530=CARTESIAN_POINT('Ctrl Pts',(3.82364046221296,-11.346780317837,10.4213308822651));
#8531=CARTESIAN_POINT('Ctrl Pts',(4.80921018635447,-11.026549302422,10.4213308822651));
#8532=CARTESIAN_POINT('Ctrl Pts',(5.50285185273737,-11.2064725849274,9.99517206298278));
#8533=CARTESIAN_POINT('Ctrl Pts',(2.58493487624949,-12.826931815527,10.6298614664497));
#8534=CARTESIAN_POINT('Ctrl Pts',(2.37867643293434,-12.1921336001932,10.0261324872129));
#8535=CARTESIAN_POINT('Ctrl Pts',(3.05367126256884,-12.2987741224056,11.0250598615019));
#8536=CARTESIAN_POINT('Ctrl Pts',(2.84741281925369,-11.6639759070718,10.4213308822651));
#8537=CARTESIAN_POINT('Ctrl Pts',(4.02989890552811,-11.9815785331708,11.0250598615019));
#8538=CARTESIAN_POINT('Ctrl Pts',(3.82364046221296,-11.346780317837,10.4213308822651));
#8539=CARTESIAN_POINT('',(2.37867643293434,-12.1921336001932,10.0261324872129));
#8540=CARTESIAN_POINT('',(2.58493487624949,-12.826931815527,10.6298614664497));
#8541=CARTESIAN_POINT('Ctrl Pts',(2.37867643293434,-12.1921336001932,10.0261324872129));
#8542=CARTESIAN_POINT('Ctrl Pts',(2.84741281925369,-11.6639759070718,10.4213308822651));
#8543=CARTESIAN_POINT('Ctrl Pts',(3.82364046221296,-11.346780317837,10.4213308822651));
#8544=CARTESIAN_POINT('Ctrl Pts',(2.23819288148062,-14.0325221822604,9.48068994576157));
#8545=CARTESIAN_POINT('Ctrl Pts',(2.03193443816547,-13.3977239669266,8.87696096652482));
#8546=CARTESIAN_POINT('Ctrl Pts',(2.11619905680399,-13.3550893244599,10.2346630713974));
#8547=CARTESIAN_POINT('Ctrl Pts',(1.90994061348885,-12.7202911091261,9.63093409216069));
#8548=CARTESIAN_POINT('Ctrl Pts',(2.58493487624949,-12.826931815527,10.6298614664497));
#8549=CARTESIAN_POINT('Ctrl Pts',(2.37867643293434,-12.1921336001932,10.0261324872129));
#8550=CARTESIAN_POINT('',(2.03193443816547,-13.3977239669266,8.87696096652482));
#8551=CARTESIAN_POINT('',(2.23819288148062,-14.0325221822604,9.48068994576157));
#8552=CARTESIAN_POINT('Ctrl Pts',(2.03193443816547,-13.3977239669266,8.87696096652482));
#8553=CARTESIAN_POINT('Ctrl Pts',(1.90994061348885,-12.7202911091261,9.63093409216069));
#8554=CARTESIAN_POINT('Ctrl Pts',(2.37867643293434,-12.1921336001932,10.0261324872129));
#8555=CARTESIAN_POINT('Origin',(3.12166129165821,-13.8112840616324,9.41148462963491));
#8556=CARTESIAN_POINT('',(2.91540284834306,-13.1764858462987,8.80775565039816));
#8557=CARTESIAN_POINT('',(3.12166129165821,-13.8112840616324,9.41148462963491));
#8558=CARTESIAN_POINT('',(2.91540284834306,-13.1764858462987,8.80775565039816));
#8559=CARTESIAN_POINT('Ctrl Pts',(3.27076160707458,-13.0145905951593,10.1982389648834));
#8560=CARTESIAN_POINT('Ctrl Pts',(3.06450316375944,-12.3797923798255,9.59450998564663));
#8561=CARTESIAN_POINT('Ctrl Pts',(2.98583777657692,-13.3773685675279,9.91413323271033));
#8562=CARTESIAN_POINT('Ctrl Pts',(2.77957933326177,-12.7425703521941,9.31040425347357));
#8563=CARTESIAN_POINT('Ctrl Pts',(3.12166129165821,-13.8112840616324,9.41148462963491));
#8564=CARTESIAN_POINT('Ctrl Pts',(2.91540284834306,-13.1764858462987,8.80775565039816));
#8565=CARTESIAN_POINT('',(3.06450316375944,-12.3797923798255,9.59450998564663));
#8566=CARTESIAN_POINT('',(3.27076160707458,-13.0145905951593,10.1982389648834));
#8567=CARTESIAN_POINT('Ctrl Pts',(3.06450316375944,-12.3797923798255,9.59450998564663));
#8568=CARTESIAN_POINT('Ctrl Pts',(2.77957933326177,-12.7425703521941,9.31040425347357));
#8569=CARTESIAN_POINT('Ctrl Pts',(2.91540284834306,-13.1764858462987,8.80775565039816));
#8570=CARTESIAN_POINT('Ctrl Pts',(4.16290881006697,-12.4545137890354,10.4823446970564));
#8571=CARTESIAN_POINT('Ctrl Pts',(3.95665036675182,-11.8197155737016,9.8786157178197));
#8572=CARTESIAN_POINT('Ctrl Pts',(3.55568543757225,-12.6518126227907,10.4823446970564));
#8573=CARTESIAN_POINT('Ctrl Pts',(3.3494269942571,-12.017014407457,9.8786157178197));
#8574=CARTESIAN_POINT('Ctrl Pts',(3.27076160707458,-13.0145905951593,10.1982389648834));
#8575=CARTESIAN_POINT('Ctrl Pts',(3.06450316375944,-12.3797923798255,9.59450998564663));
#8576=CARTESIAN_POINT('',(3.95665036675182,-11.8197155737016,9.8786157178197));
#8577=CARTESIAN_POINT('',(4.16290881006697,-12.4545137890354,10.4823446970564));
#8578=CARTESIAN_POINT('Ctrl Pts',(3.95665036675182,-11.8197155737016,9.8786157178197));
#8579=CARTESIAN_POINT('Ctrl Pts',(3.3494269942571,-12.017014407457,9.8786157178197));
#8580=CARTESIAN_POINT('Ctrl Pts',(3.06450316375944,-12.3797923798255,9.59450998564663));
#8581=CARTESIAN_POINT('Ctrl Pts',(5.16959066366075,-12.3820348229186,10.2146300117352));
#8582=CARTESIAN_POINT('Ctrl Pts',(4.96333222034561,-11.7472366075848,9.61090103249843));
#8583=CARTESIAN_POINT('Ctrl Pts',(4.73743489842384,-12.2678389469108,10.4823446970564));
#8584=CARTESIAN_POINT('Ctrl Pts',(4.53117645510869,-11.633040731577,9.8786157178197));
#8585=CARTESIAN_POINT('Ctrl Pts',(4.16290881006697,-12.4545137890354,10.4823446970564));
#8586=CARTESIAN_POINT('Ctrl Pts',(3.95665036675182,-11.8197155737016,9.8786157178197));
#8587=CARTESIAN_POINT('',(4.96333222034561,-11.7472366075848,9.61090103249843));
#8588=CARTESIAN_POINT('',(5.16959066366075,-12.3820348229186,10.2146300117352));
#8589=CARTESIAN_POINT('Ctrl Pts',(4.96333222034561,-11.7472366075848,9.61090103249843));
#8590=CARTESIAN_POINT('Ctrl Pts',(4.53117645510869,-11.633040731577,9.8786157178197));
#8591=CARTESIAN_POINT('Ctrl Pts',(3.95665036675182,-11.8197155737016,9.8786157178197));
#8592=CARTESIAN_POINT('Ctrl Pts',(5.71068128320506,-12.8314957777741,9.55718017160014));
#8593=CARTESIAN_POINT('Ctrl Pts',(5.50442283988991,-12.1966975624403,8.95345119236339));
#8594=CARTESIAN_POINT('Ctrl Pts',(5.601747119327,-12.4962308950026,9.94691488436842));
#8595=CARTESIAN_POINT('Ctrl Pts',(5.39548867601185,-11.8614326796688,9.34318590513167));
#8596=CARTESIAN_POINT('Ctrl Pts',(5.16959066366075,-12.3820348229186,10.2146300117352));
#8597=CARTESIAN_POINT('Ctrl Pts',(4.96333222034561,-11.7472366075848,9.61090103249843));
#8598=CARTESIAN_POINT('',(5.50442283988991,-12.1966975624403,8.95345119236339));
#8599=CARTESIAN_POINT('',(5.71068128320506,-12.8314957777741,9.55718017160014));
#8600=CARTESIAN_POINT('Ctrl Pts',(5.50442283988991,-12.1966975624403,8.95345119236339));
#8601=CARTESIAN_POINT('Ctrl Pts',(5.39548867601185,-11.8614326796688,9.34318590513167));
#8602=CARTESIAN_POINT('Ctrl Pts',(4.96333222034561,-11.7472366075848,9.61090103249843));
#8603=CARTESIAN_POINT('Ctrl Pts',(5.53873550380389,-13.6373446960894,8.7686041668782));
#8604=CARTESIAN_POINT('Ctrl Pts',(5.33247706048874,-13.0025464807556,8.16487518764145));
#8605=CARTESIAN_POINT('Ctrl Pts',(5.8145250852238,-13.1510941376543,9.18565729106614));
#8606=CARTESIAN_POINT('Ctrl Pts',(5.60826664190865,-12.5162959223205,8.58192831182939));
#8607=CARTESIAN_POINT('Ctrl Pts',(5.71068128320506,-12.8314957777741,9.55718017160014));
#8608=CARTESIAN_POINT('Ctrl Pts',(5.50442283988991,-12.1966975624403,8.95345119236339));
#8609=CARTESIAN_POINT('',(5.33247706048874,-13.0025464807556,8.16487518764145));
#8610=CARTESIAN_POINT('',(5.53873550380389,-13.6373446960894,8.7686041668782));
#8611=CARTESIAN_POINT('Ctrl Pts',(5.33247706048874,-13.0025464807556,8.16487518764145));
#8612=CARTESIAN_POINT('Ctrl Pts',(5.60826664190865,-12.5162959223205,8.58192831182939));
#8613=CARTESIAN_POINT('Ctrl Pts',(5.50442283988991,-12.1966975624403,8.95345119236339));
#8614=CARTESIAN_POINT('Ctrl Pts',(4.34613272343418,-15.1004509902312,7.63764492046989));
#8615=CARTESIAN_POINT('Ctrl Pts',(4.13987428011903,-14.4656527748974,7.03391594123314));
#8616=CARTESIAN_POINT('Ctrl Pts',(5.26294567527304,-14.1235944939953,8.35155192678124));
#8617=CARTESIAN_POINT('Ctrl Pts',(5.05668723195789,-13.4887962786615,7.74782294754449));
#8618=CARTESIAN_POINT('Ctrl Pts',(5.53873550380389,-13.6373446960894,8.7686041668782));
#8619=CARTESIAN_POINT('Ctrl Pts',(5.33247706048874,-13.0025464807556,8.16487518764145));
#8620=CARTESIAN_POINT('',(4.13987428011903,-14.4656527748974,7.03391594123314));
#8621=CARTESIAN_POINT('',(4.34613272343418,-15.1004509902312,7.63764492046989));
#8622=CARTESIAN_POINT('Ctrl Pts',(4.13987428011903,-14.4656527748974,7.03391594123314));
#8623=CARTESIAN_POINT('Ctrl Pts',(5.05668723195789,-13.4887962786615,7.74782294754449));
#8624=CARTESIAN_POINT('Ctrl Pts',(5.33247706048874,-13.0025464807556,8.16487518764145));
#8625=CARTESIAN_POINT('Ctrl Pts',(3.47213706274062,-16.1534614738512,6.82903674017668));
#8626=CARTESIAN_POINT('Ctrl Pts',(3.26587861942547,-15.5186632585174,6.22530776093993));
#8627=CARTESIAN_POINT('Ctrl Pts',(3.75508415848037,-15.7289717951002,7.17870533362044));
#8628=CARTESIAN_POINT('Ctrl Pts',(3.54882571516522,-15.0941735797664,6.57497635438369));
#8629=CARTESIAN_POINT('Ctrl Pts',(4.34613272343418,-15.1004509902312,7.63764492046989));
#8630=CARTESIAN_POINT('Ctrl Pts',(4.13987428011903,-14.4656527748974,7.03391594123314));
#8631=CARTESIAN_POINT('',(3.26587861942547,-15.5186632585174,6.22530776093993));
#8632=CARTESIAN_POINT('',(3.47213706274062,-16.1534614738512,6.82903674017668));
#8633=CARTESIAN_POINT('Ctrl Pts',(3.26587861942547,-15.5186632585174,6.22530776093993));
#8634=CARTESIAN_POINT('Ctrl Pts',(3.54882571516522,-15.0941735797664,6.57497635438369));
#8635=CARTESIAN_POINT('Ctrl Pts',(4.13987428011903,-14.4656527748974,7.03391594123314));
#8636=CARTESIAN_POINT('Ctrl Pts',(3.11715506757173,-16.9443038458681,6.11877218872128));
#8637=CARTESIAN_POINT('Ctrl Pts',(2.91089662425658,-16.3095056305343,5.51504320948453));
#8638=CARTESIAN_POINT('Ctrl Pts',(3.18919078098567,-16.577951728943,6.47936726264193));
#8639=CARTESIAN_POINT('Ctrl Pts',(2.98293233767052,-15.9431535136093,5.87563828340518));
#8640=CARTESIAN_POINT('Ctrl Pts',(3.47213706274062,-16.1534614738512,6.82903674017668));
#8641=CARTESIAN_POINT('Ctrl Pts',(3.26587861942547,-15.5186632585174,6.22530776093993));
#8642=CARTESIAN_POINT('',(2.91089662425658,-16.3095056305343,5.51504320948453));
#8643=CARTESIAN_POINT('',(3.11715506757173,-16.9443038458681,6.11877218872128));
#8644=CARTESIAN_POINT('Ctrl Pts',(2.91089662425658,-16.3095056305343,5.51504320948453));
#8645=CARTESIAN_POINT('Ctrl Pts',(2.98293233767052,-15.9431535136093,5.87563828340518));
#8646=CARTESIAN_POINT('Ctrl Pts',(3.26587861942547,-15.5186632585174,6.22530776093993));
#8647=CARTESIAN_POINT('Ctrl Pts',(3.14632514691399,-17.3678400576095,5.6634741726368));
#8648=CARTESIAN_POINT('Ctrl Pts',(2.94006670359884,-16.7330418422757,5.05974519340005));
#8649=CARTESIAN_POINT('Ctrl Pts',(3.07080799089417,-17.1672095454102,5.90022931781893));
#8650=CARTESIAN_POINT('Ctrl Pts',(2.86454954757902,-16.5324113300764,5.29650033858218));
#8651=CARTESIAN_POINT('Ctrl Pts',(3.11715506757173,-16.9443038458681,6.11877218872128));
#8652=CARTESIAN_POINT('Ctrl Pts',(2.91089662425658,-16.3095056305343,5.51504320948453));
#8653=CARTESIAN_POINT('',(2.94006670359884,-16.7330418422757,5.05974519340005));
#8654=CARTESIAN_POINT('',(3.14632514691399,-17.3678400576095,5.6634741726368));
#8655=CARTESIAN_POINT('Ctrl Pts',(2.94006670359884,-16.7330418422757,5.05974519340005));
#8656=CARTESIAN_POINT('Ctrl Pts',(2.86454954757902,-16.5324113300764,5.29650033858218));
#8657=CARTESIAN_POINT('Ctrl Pts',(2.91089662425658,-16.3095056305343,5.51504320948453));
#8658=CARTESIAN_POINT('Origin',(7.672472779893,-15.8972055434562,5.6634741726368));
#8659=CARTESIAN_POINT('',(7.46621433657785,-15.2624073281224,5.05974519340005));
#8660=CARTESIAN_POINT('',(7.672472779893,-15.8972055434562,5.6634741726368));
#8661=CARTESIAN_POINT('',(7.46621433657785,-15.2624073281224,5.05974519340005));
#8662=CARTESIAN_POINT('Origin',(7.49634544409441,-15.3551413416741,6.29360648544316));
#8663=CARTESIAN_POINT('',(7.29008700077926,-14.7203431263403,5.68987750620641));
#8664=CARTESIAN_POINT('',(7.49634544409441,-15.3551413416741,6.29360648544316));
#8665=CARTESIAN_POINT('',(7.29008700077926,-14.7203431263403,5.68987750620641));
#8666=CARTESIAN_POINT('Origin',(4.13793415019362,-16.4463553192177,6.29360648544316));
#8667=CARTESIAN_POINT('',(3.93167570687847,-15.8115571038839,5.68987750620641));
#8668=CARTESIAN_POINT('',(4.13793415019362,-16.4463553192177,6.29360648544316));
#8669=CARTESIAN_POINT('',(3.93167570687847,-15.8115571038839,5.68987750620641));
#8670=CARTESIAN_POINT('Ctrl Pts',(4.39366394393162,-16.025512807327,6.64873876117086));
#8671=CARTESIAN_POINT('Ctrl Pts',(4.18740550061648,-15.3907145919932,6.04500978193411));
#8672=CARTESIAN_POINT('Ctrl Pts',(4.22817676493677,-16.2472922386469,6.472083237021));
#8673=CARTESIAN_POINT('Ctrl Pts',(4.02191832162162,-15.6124940233131,5.86835425778425));
#8674=CARTESIAN_POINT('Ctrl Pts',(4.13793415019362,-16.4463553192177,6.29360648544316));
#8675=CARTESIAN_POINT('Ctrl Pts',(3.93167570687847,-15.8115571038839,5.68987750620641));
#8676=CARTESIAN_POINT('Ctrl Pts',(4.18740550061648,-15.3907145919932,6.04500978193411));
#8677=CARTESIAN_POINT('Ctrl Pts',(4.02191832162162,-15.6124940233131,5.86835425778425));
#8678=CARTESIAN_POINT('Ctrl Pts',(3.93167570687847,-15.8115571038839,5.68987750620641));
#8679=CARTESIAN_POINT('Origin',(4.44916510020739,-13.6931205460358,7.74053803783258));
#8680=CARTESIAN_POINT('Ctrl Pts',(4.13368750237702,12.6268214842023,10.3111528551905));
#8681=CARTESIAN_POINT('Ctrl Pts',(3.92742905909752,11.9920232688569,9.70742387595376));
#8682=CARTESIAN_POINT('Ctrl Pts',(3.50304498125601,12.4818545845184,10.6790332808686));
#8683=CARTESIAN_POINT('Ctrl Pts',(3.2967865379765,11.847056369173,10.0753043016318));
#8684=CARTESIAN_POINT('Ctrl Pts',(3.18679323892792,12.2555201702363,11.0250598615019));
#8685=CARTESIAN_POINT('Ctrl Pts',(2.98053479564841,11.6207219548909,10.4213308822651));
#8686=CARTESIAN_POINT('',(3.92742905909752,11.9920232688569,9.70742387595376));
#8687=CARTESIAN_POINT('',(4.13368750237702,12.6268214842023,10.3111528551905));
#8688=CARTESIAN_POINT('',(2.98053479564841,11.6207219548909,10.4213308822651));
#8689=CARTESIAN_POINT('Ctrl Pts',(3.92742905909752,11.9920232688569,9.70742387595375));
#8690=CARTESIAN_POINT('Ctrl Pts',(3.2967865379765,11.847056369173,10.0753043016318));
#8691=CARTESIAN_POINT('Ctrl Pts',(2.98053479564841,11.6207219548909,10.4213308822651));
#8692=CARTESIAN_POINT('',(3.18679323892792,12.2555201702363,11.0250598615019));
#8693=CARTESIAN_POINT('Ctrl Pts',(5.54192639113563,12.7650837736735,9.68466343928559));
#8694=CARTESIAN_POINT('Ctrl Pts',(5.33566794785612,12.1302855583281,9.08093446004884));
#8695=CARTESIAN_POINT('Ctrl Pts',(4.76433002349804,12.7717883838862,9.94327242951246));
#8696=CARTESIAN_POINT('Ctrl Pts',(4.55807158021853,12.1369901685409,9.33954345027571));
#8697=CARTESIAN_POINT('Ctrl Pts',(4.13368750237702,12.6268214842023,10.3111528551905));
#8698=CARTESIAN_POINT('Ctrl Pts',(3.92742905909752,11.9920232688569,9.70742387595376));
#8699=CARTESIAN_POINT('',(5.33566794785612,12.1302855583281,9.08093446004884));
#8700=CARTESIAN_POINT('',(5.54192639113563,12.7650837736735,9.68466343928559));
#8701=CARTESIAN_POINT('Ctrl Pts',(5.33566794785612,12.1302855583281,9.08093446004884));
#8702=CARTESIAN_POINT('Ctrl Pts',(4.55807158021853,12.1369901685408,9.33954345027571));
#8703=CARTESIAN_POINT('Ctrl Pts',(3.92742905909752,11.9920232688569,9.70742387595375));
#8704=CARTESIAN_POINT('Origin',(5.71907170043111,13.3102809758321,9.05088911366876));
#8705=CARTESIAN_POINT('',(5.5128132571516,12.6754827604867,8.44716013443201));
#8706=CARTESIAN_POINT('',(5.71907170043111,13.3102809758321,9.05088911366876));
#8707=CARTESIAN_POINT('',(5.5128132571516,12.6754827604867,8.44716013443201));
#8708=CARTESIAN_POINT('Ctrl Pts',(4.7392460296759,13.3064835820444,9.38963034254466));
#8709=CARTESIAN_POINT('Ctrl Pts',(4.53298758639639,12.671685366699,8.78590136330791));
#8710=CARTESIAN_POINT('Ctrl Pts',(5.29515195877037,13.3406337787599,9.1638025619304));
#8711=CARTESIAN_POINT('Ctrl Pts',(5.08889351549086,12.7058355634145,8.56007358269365));
#8712=CARTESIAN_POINT('Ctrl Pts',(5.71907170043111,13.3102809758321,9.05088911366876));
#8713=CARTESIAN_POINT('Ctrl Pts',(5.5128132571516,12.6754827604867,8.44716013443201));
#8714=CARTESIAN_POINT('',(4.53298758639639,12.671685366699,8.78590136330791));
#8715=CARTESIAN_POINT('',(4.7392460296759,13.3064835820444,9.38963034254466));
#8716=CARTESIAN_POINT('Ctrl Pts',(4.53298758639639,12.671685366699,8.78590136330791));
#8717=CARTESIAN_POINT('Ctrl Pts',(5.08889351549086,12.7058355634145,8.56007358269365));
#8718=CARTESIAN_POINT('Ctrl Pts',(5.5128132571516,12.6754827604867,8.44716013443201));
#8719=CARTESIAN_POINT('Ctrl Pts',(3.81660848106152,13.1767167294173,9.84128590377319));
#8720=CARTESIAN_POINT('Ctrl Pts',(3.61035003778201,12.5419185140719,9.23755692453644));
#8721=CARTESIAN_POINT('Ctrl Pts',(4.18334066745528,13.2723332011405,9.61545812315893));
#8722=CARTESIAN_POINT('Ctrl Pts',(3.97708222417577,12.6375349857951,9.01172914392218));
#8723=CARTESIAN_POINT('Ctrl Pts',(4.7392460296759,13.3064835820444,9.38963034254466));
#8724=CARTESIAN_POINT('Ctrl Pts',(4.53298758639639,12.671685366699,8.78590136330791));
#8725=CARTESIAN_POINT('',(3.61035003778201,12.5419185140719,9.23755692453644));
#8726=CARTESIAN_POINT('',(3.81660848106152,13.1767167294173,9.84128590377319));
#8727=CARTESIAN_POINT('Ctrl Pts',(3.61035003778201,12.5419185140719,9.23755692453644));
#8728=CARTESIAN_POINT('Ctrl Pts',(3.97708222417577,12.6375349857951,9.01172914392218));
#8729=CARTESIAN_POINT('Ctrl Pts',(4.53298758639639,12.671685366699,8.78590136330791));
#8730=CARTESIAN_POINT('Origin',(4.98434235947341,16.7706320631507,5.66347417263679));
#8731=CARTESIAN_POINT('',(4.77808391619391,16.1358338478053,5.05974519340004));
#8732=CARTESIAN_POINT('',(4.98434235947341,16.7706320631507,5.66347417263679));
#8733=CARTESIAN_POINT('',(4.77808391619391,16.1358338478053,5.05974519340004));
#8734=CARTESIAN_POINT('Origin',(4.14357149239817,17.0438150778562,5.66347417263679));
#8735=CARTESIAN_POINT('',(3.93731304911866,16.4090168625108,5.05974519340004));
#8736=CARTESIAN_POINT('',(4.14357149239817,17.0438150778562,5.66347417263679));
#8737=CARTESIAN_POINT('',(3.93731304911866,16.4090168625108,5.05974519340004));
#8738=CARTESIAN_POINT('Origin',(2.64496273407743,12.4315715732652,11.0250598615019));
#8739=CARTESIAN_POINT('',(2.43870429079793,11.7967733579199,10.4213308822651));
#8740=CARTESIAN_POINT('',(2.64496273407743,12.4315715732652,11.0250598615019));
#8741=CARTESIAN_POINT('',(2.43870429079793,11.7967733579199,10.4213308822651));
#8742=CARTESIAN_POINT('Origin',(3.18679323892792,12.2555201702363,11.0250598615019));
#8743=CARTESIAN_POINT('',(2.98053479564841,11.6207219548909,10.4213308822651));
#8744=CARTESIAN_POINT('Origin',(4.4491644036973,13.6931207723456,7.74053803783257));
#8745=CARTESIAN_POINT('Ctrl Pts',(17.2874495700993,1.30886733836185,5.88748072582308));
#8746=CARTESIAN_POINT('Ctrl Pts',(16.6199832266558,1.30886733834312,5.28375174658633));
#8747=CARTESIAN_POINT('Ctrl Pts',(17.5724295857593,0.790722969244487,5.5724145694199));
#8748=CARTESIAN_POINT('Ctrl Pts',(16.9049632423158,0.79072296922575,4.96868559018315));
#8749=CARTESIAN_POINT('Ctrl Pts',(17.5724295857815,-5.92996113787893E-7,
5.5724145694199));
#8750=CARTESIAN_POINT('Ctrl Pts',(16.904963242338,-5.9301485079889E-7,4.96868559018315));
#8751=CARTESIAN_POINT('',(16.6199832266558,1.30886733834312,5.28375174658633));
#8752=CARTESIAN_POINT('',(17.2874495700993,1.30886733836185,5.88748072582308));
#8753=CARTESIAN_POINT('',(16.904963242338,-5.9301485079889E-7,4.96868559018315));
#8754=CARTESIAN_POINT('Ctrl Pts',(16.6199832266558,1.30886733834312,5.28375174658633));
#8755=CARTESIAN_POINT('Ctrl Pts',(16.9049632423158,0.79072296922575,4.96868559018315));
#8756=CARTESIAN_POINT('Ctrl Pts',(16.904963242338,-5.9301485079889E-7,4.96868559018315));
#8757=CARTESIAN_POINT('',(17.5724295857815,-5.92996113787893E-7,5.5724145694199));
#8758=CARTESIAN_POINT('Ctrl Pts',(16.4802808783072,2.08731234375606,6.77986448371227));
#8759=CARTESIAN_POINT('Ctrl Pts',(15.8128145348637,2.08731234373733,6.17613550447552));
#8760=CARTESIAN_POINT('Ctrl Pts',(17.0024695544392,1.82701170747922,6.20254688222626));
#8761=CARTESIAN_POINT('Ctrl Pts',(16.3350032109958,1.82701170746048,5.59881790298951));
#8762=CARTESIAN_POINT('Ctrl Pts',(17.2874495700993,1.30886733836185,5.88748072582308));
#8763=CARTESIAN_POINT('Ctrl Pts',(16.6199832266558,1.30886733834312,5.28375174658633));
#8764=CARTESIAN_POINT('',(15.8128145348637,2.08731234373733,6.17613550447552));
#8765=CARTESIAN_POINT('',(16.4802808783072,2.08731234375606,6.77986448371227));
#8766=CARTESIAN_POINT('Ctrl Pts',(15.8128145348637,2.08731234373733,6.17613550447552));
#8767=CARTESIAN_POINT('Ctrl Pts',(16.3350032109958,1.82701170746048,5.59881790298951));
#8768=CARTESIAN_POINT('Ctrl Pts',(16.6199832266558,1.30886733834312,5.28375174658633));
#8769=CARTESIAN_POINT('Ctrl Pts',(15.1080949019583,2.34761298000905,8.2969159880329));
#8770=CARTESIAN_POINT('Ctrl Pts',(14.4406285585149,2.34761297999031,7.69318700879615));
#8771=CARTESIAN_POINT('Ctrl Pts',(15.9580922021751,2.34761298003291,7.35718208519828));
#8772=CARTESIAN_POINT('Ctrl Pts',(15.2906258587317,2.34761298001417,6.75345310596153));
#8773=CARTESIAN_POINT('Ctrl Pts',(16.4802808783072,2.08731234375606,6.77986448371227));
#8774=CARTESIAN_POINT('Ctrl Pts',(15.8128145348637,2.08731234373733,6.17613550447552));
#8775=CARTESIAN_POINT('',(14.4406285585149,2.34761297999031,7.69318700879616));
#8776=CARTESIAN_POINT('',(15.1080949019583,2.34761298000905,8.2969159880329));
#8777=CARTESIAN_POINT('Ctrl Pts',(14.4406285585149,2.34761297999031,7.69318700879616));
#8778=CARTESIAN_POINT('Ctrl Pts',(15.2906258587317,2.34761298001417,6.75345310596153));
#8779=CARTESIAN_POINT('Ctrl Pts',(15.8128145348637,2.08731234373733,6.17613550447552));
#8780=CARTESIAN_POINT('Ctrl Pts',(13.9665283233648,2.18553841408955,9.55900095698262));
#8781=CARTESIAN_POINT('Ctrl Pts',(13.2990619799214,2.18553841407081,8.95527197774588));
#8782=CARTESIAN_POINT('Ctrl Pts',(14.3898796577848,2.34761297998889,9.09095523299329));
#8783=CARTESIAN_POINT('Ctrl Pts',(13.7224133143413,2.34761297997015,8.48722625375654));
#8784=CARTESIAN_POINT('Ctrl Pts',(15.1080949019583,2.34761298000905,8.2969159880329));
#8785=CARTESIAN_POINT('Ctrl Pts',(14.4406285585149,2.34761297999031,7.69318700879615));
#8786=CARTESIAN_POINT('',(13.2990619799214,2.18553841407081,8.95527197774588));
#8787=CARTESIAN_POINT('',(13.9665283233648,2.18553841408955,9.55900095698262));
#8788=CARTESIAN_POINT('Ctrl Pts',(13.2990619799214,2.18553841407081,8.95527197774588));
#8789=CARTESIAN_POINT('Ctrl Pts',(13.7224133143413,2.34761297997015,8.48722625375654));
#8790=CARTESIAN_POINT('Ctrl Pts',(14.4406285585149,2.34761297999031,7.69318700879616));
#8791=CARTESIAN_POINT('Ctrl Pts',(13.2483130792038,1.73860848242876,10.353040201943));
#8792=CARTESIAN_POINT('Ctrl Pts',(12.5808467357604,1.73860848241003,9.74931122270626));
#8793=CARTESIAN_POINT('Ctrl Pts',(13.543176589111,2.02346504028311,10.0270471230175));
#8794=CARTESIAN_POINT('Ctrl Pts',(12.8757102456676,2.02346504026437,9.4233181437807));
#8795=CARTESIAN_POINT('Ctrl Pts',(13.9665283233648,2.18553841408955,9.55900095698262));
#8796=CARTESIAN_POINT('Ctrl Pts',(13.2990619799214,2.18553841407081,8.95527197774588));
#8797=CARTESIAN_POINT('',(12.5808467357604,1.73860848241003,9.74931122270626));
#8798=CARTESIAN_POINT('',(13.2483130792038,1.73860848242876,10.353040201943));
#8799=CARTESIAN_POINT('Ctrl Pts',(12.5808467357604,1.73860848241003,9.74931122270626));
#8800=CARTESIAN_POINT('Ctrl Pts',(12.8757102456676,2.02346504026437,9.4233181437807));
#8801=CARTESIAN_POINT('Ctrl Pts',(13.2990619799214,2.18553841407081,8.95527197774588));
#8802=CARTESIAN_POINT('Ctrl Pts',(12.7969577780067,1.01664364629549,10.8520463501625));
#8803=CARTESIAN_POINT('Ctrl Pts',(12.1294914345633,1.01664364627675,10.2483173709257));
#8804=CARTESIAN_POINT('Ctrl Pts',(12.9534495692967,1.45375192457442,10.6790332808686));
#8805=CARTESIAN_POINT('Ctrl Pts',(12.2859832258532,1.45375192455568,10.0753043016318));
#8806=CARTESIAN_POINT('Ctrl Pts',(13.2483130792038,1.73860848242876,10.353040201943));
#8807=CARTESIAN_POINT('Ctrl Pts',(12.5808467357604,1.73860848241003,9.74931122270626));
#8808=CARTESIAN_POINT('',(12.1294914345633,1.01664364627675,10.2483173709257));
#8809=CARTESIAN_POINT('',(12.7969577780067,1.01664364629549,10.8520463501625));
#8810=CARTESIAN_POINT('Ctrl Pts',(12.1294914345633,1.01664364627675,10.2483173709257));
#8811=CARTESIAN_POINT('Ctrl Pts',(12.2859832258532,1.45375192455568,10.0753043016318));
#8812=CARTESIAN_POINT('Ctrl Pts',(12.5808467357604,1.73860848241003,9.74931122270626));
#8813=CARTESIAN_POINT('Ctrl Pts',(12.640465986733,-5.93134563100133E-7,
11.0250594194564));
#8814=CARTESIAN_POINT('Ctrl Pts',(11.9729996432895,-5.9315330011113E-7,
10.4213304402196));
#8815=CARTESIAN_POINT('Ctrl Pts',(12.6404659867167,0.579535964063008,11.0250594194564));
#8816=CARTESIAN_POINT('Ctrl Pts',(11.9729996432733,0.579535964044271,10.4213304402196));
#8817=CARTESIAN_POINT('Ctrl Pts',(12.7969577780067,1.01664364629549,10.8520463501625));
#8818=CARTESIAN_POINT('Ctrl Pts',(12.1294914345633,1.01664364627675,10.2483173709257));
#8819=CARTESIAN_POINT('',(11.9729996432895,-5.9315330011113E-7,10.4213304402196));
#8820=CARTESIAN_POINT('',(12.640465986733,-5.93134563100133E-7,11.0250594194564));
#8821=CARTESIAN_POINT('Ctrl Pts',(11.9729996432895,-5.9315330011113E-7,
10.4213304402196));
#8822=CARTESIAN_POINT('Ctrl Pts',(11.9729996432733,0.579535964044271,10.4213304402196));
#8823=CARTESIAN_POINT('Ctrl Pts',(12.1294914345633,1.01664364627675,10.2483173709257));
#8824=CARTESIAN_POINT('Ctrl Pts',(12.9237982868972,-1.30395710176308,10.7118149325267));
#8825=CARTESIAN_POINT('Ctrl Pts',(12.2563319434538,-1.30395710178182,10.1080859532899));
#8826=CARTESIAN_POINT('Ctrl Pts',(12.640465986755,-0.785812136599224,11.0250594194564));
#8827=CARTESIAN_POINT('Ctrl Pts',(11.9729996433116,-0.785812136617961,10.4213304402196));
#8828=CARTESIAN_POINT('Ctrl Pts',(12.640465986733,-5.93134563100133E-7,
11.0250594194564));
#8829=CARTESIAN_POINT('Ctrl Pts',(11.9729996432895,-5.9315330011113E-7,
10.4213304402196));
#8830=CARTESIAN_POINT('',(12.2563319434538,-1.30395710178182,10.1080859532899));
#8831=CARTESIAN_POINT('',(12.9237982868972,-1.30395710176308,10.7118149325267));
#8832=CARTESIAN_POINT('Ctrl Pts',(12.2563319434538,-1.30395710178182,10.1080859532899));
#8833=CARTESIAN_POINT('Ctrl Pts',(11.9729996433116,-0.785812136617961,10.4213304402196));
#8834=CARTESIAN_POINT('Ctrl Pts',(11.9729996432895,-5.9315330011113E-7,
10.4213304402196));
#8835=CARTESIAN_POINT('Ctrl Pts',(13.7293196630054,-2.08485722247564,9.82125240206545));
#8836=CARTESIAN_POINT('Ctrl Pts',(13.061853319562,-2.08485722249438,9.2175234228287));
#8837=CARTESIAN_POINT('Ctrl Pts',(13.2071309868733,-1.8221014708805,10.3985700035515));
#8838=CARTESIAN_POINT('Ctrl Pts',(12.5396646434299,-1.82210147089923,9.7948410243147));
#8839=CARTESIAN_POINT('Ctrl Pts',(12.9237982868972,-1.30395710176308,10.7118149325267));
#8840=CARTESIAN_POINT('Ctrl Pts',(12.2563319434538,-1.30395710178182,10.1080859532899));
#8841=CARTESIAN_POINT('',(13.061853319562,-2.08485722249438,9.2175234228287));
#8842=CARTESIAN_POINT('',(13.7293196630054,-2.08485722247564,9.82125240206545));
#8843=CARTESIAN_POINT('Ctrl Pts',(13.061853319562,-2.08485722249438,9.2175234228287));
#8844=CARTESIAN_POINT('Ctrl Pts',(12.5396646434299,-1.82210147089923,9.79484102431471));
#8845=CARTESIAN_POINT('Ctrl Pts',(12.2563319434538,-1.30395710178182,10.1080859532899));
#8846=CARTESIAN_POINT('Ctrl Pts',(15.1080949020901,-2.34761297404674,8.2969159880329));
#8847=CARTESIAN_POINT('Ctrl Pts',(14.4406285586467,-2.34761297406547,7.69318700879615));
#8848=CARTESIAN_POINT('Ctrl Pts',(14.2515083391376,-2.34761297407078,9.24393480057944));
#8849=CARTESIAN_POINT('Ctrl Pts',(13.5840419956941,-2.34761297408952,8.64020582134269));
#8850=CARTESIAN_POINT('Ctrl Pts',(13.7293196630054,-2.08485722247564,9.82125240206545));
#8851=CARTESIAN_POINT('Ctrl Pts',(13.061853319562,-2.08485722249438,9.2175234228287));
#8852=CARTESIAN_POINT('',(14.4406285586467,-2.34761297406547,7.69318700879616));
#8853=CARTESIAN_POINT('',(15.1080949020901,-2.34761297404674,8.2969159880329));
#8854=CARTESIAN_POINT('Ctrl Pts',(14.4406285586467,-2.34761297406547,7.69318700879616));
#8855=CARTESIAN_POINT('Ctrl Pts',(13.5840419956941,-2.34761297408952,8.64020582134269));
#8856=CARTESIAN_POINT('Ctrl Pts',(13.061853319562,-2.08485722249438,9.2175234228287));
#8857=CARTESIAN_POINT('Ctrl Pts',(17.0716560135937,-1.63547098333,6.1260562143422));
#8858=CARTESIAN_POINT('Ctrl Pts',(16.4041896701503,-1.63547098334873,5.52232723510545));
#8859=CARTESIAN_POINT('Ctrl Pts',(16.468750468312,-2.34761297400854,6.79261219161713));
#8860=CARTESIAN_POINT('Ctrl Pts',(15.8012841248685,-2.34761297402728,6.18888321238038));
#8861=CARTESIAN_POINT('Ctrl Pts',(15.1080949020901,-2.34761297404674,8.2969159880329));
#8862=CARTESIAN_POINT('Ctrl Pts',(14.4406285586467,-2.34761297406547,7.69318700879615));
#8863=CARTESIAN_POINT('',(16.4041896701503,-1.63547098334873,5.52232723510545));
#8864=CARTESIAN_POINT('',(17.0716560135937,-1.63547098333,6.1260562143422));
#8865=CARTESIAN_POINT('Ctrl Pts',(16.4041896701503,-1.63547098334873,5.52232723510545));
#8866=CARTESIAN_POINT('Ctrl Pts',(15.8012841248685,-2.34761297402728,6.18888321238038));
#8867=CARTESIAN_POINT('Ctrl Pts',(14.4406285586467,-2.34761297406547,7.69318700879616));
#8868=CARTESIAN_POINT('Ctrl Pts',(17.5724295857815,-5.92996113787893E-7,
5.5724145694199));
#8869=CARTESIAN_POINT('Ctrl Pts',(16.904963242338,-5.9301485079889E-7,4.96868559018315));
#8870=CARTESIAN_POINT('Ctrl Pts',(17.5724295858107,-1.04120075397634,5.5724145694199));
#8871=CARTESIAN_POINT('Ctrl Pts',(16.9049632423673,-1.04120075399508,4.96868559018315));
#8872=CARTESIAN_POINT('Ctrl Pts',(17.0716560135937,-1.63547098333,6.1260562143422));
#8873=CARTESIAN_POINT('Ctrl Pts',(16.4041896701503,-1.63547098334873,5.52232723510545));
#8874=CARTESIAN_POINT('Ctrl Pts',(16.904963242338,-5.9301485079889E-7,4.96868559018315));
#8875=CARTESIAN_POINT('Ctrl Pts',(16.9049632423673,-1.04120075399508,4.96868559018315));
#8876=CARTESIAN_POINT('Ctrl Pts',(16.4041896701503,-1.63547098334873,5.52232723510545));
#8877=CARTESIAN_POINT('Origin',(14.4389814428138,2.96237174378472E-9,7.69500801520139));
#8878=CARTESIAN_POINT('Origin',(10.061999411589,7.31047048885275,-11.2496573368111));
#8879=UNCERTAINTY_MEASURE_WITH_UNIT(LENGTH_MEASURE(0.01),#8883,
'DISTANCE_ACCURACY_VALUE',
'Maximum model space distance between geometric entities at asserted c
onnectivities');
#8880=UNCERTAINTY_MEASURE_WITH_UNIT(LENGTH_MEASURE(0.01),#8883,
'DISTANCE_ACCURACY_VALUE',
'Maximum model space distance between geometric entities at asserted c
onnectivities');
#8881=(
GEOMETRIC_REPRESENTATION_CONTEXT(3)
GLOBAL_UNCERTAINTY_ASSIGNED_CONTEXT((#8879))
GLOBAL_UNIT_ASSIGNED_CONTEXT((#8883,#8885,#8886))
REPRESENTATION_CONTEXT('','3D')
);
#8882=(
GEOMETRIC_REPRESENTATION_CONTEXT(3)
GLOBAL_UNCERTAINTY_ASSIGNED_CONTEXT((#8880))
GLOBAL_UNIT_ASSIGNED_CONTEXT((#8883,#8885,#8886))
REPRESENTATION_CONTEXT('','3D')
);
#8883=(
LENGTH_UNIT()
NAMED_UNIT(*)
SI_UNIT(.MILLI.,.METRE.)
);
#8884=(
LENGTH_UNIT()
NAMED_UNIT(*)
SI_UNIT($,.METRE.)
);
#8885=(
NAMED_UNIT(*)
PLANE_ANGLE_UNIT()
SI_UNIT($,.RADIAN.)
);
#8886=(
NAMED_UNIT(*)
SI_UNIT($,.STERADIAN.)
SOLID_ANGLE_UNIT()
);
#8887=SHAPE_DEFINITION_REPRESENTATION(#8888,#8889);
#8888=PRODUCT_DEFINITION_SHAPE('',$,#8891);
#8889=SHAPE_REPRESENTATION('',(#5047),#8881);
#8890=PRODUCT_DEFINITION_CONTEXT('part definition',#8895,'design');
#8891=PRODUCT_DEFINITION('agile-die','agile-die v8',#8892,#8890);
#8892=PRODUCT_DEFINITION_FORMATION('',$,#8897);
#8893=PRODUCT_RELATED_PRODUCT_CATEGORY('agile-die v8','agile-die v8',(#8897));
#8894=APPLICATION_PROTOCOL_DEFINITION('international standard',
'automotive_design',2009,#8895);
#8895=APPLICATION_CONTEXT(
'Core Data for Automotive Mechanical Design Process');
#8896=PRODUCT_CONTEXT('part definition',#8895,'mechanical');
#8897=PRODUCT('agile-die','agile-die v8',$,(#8896));
#8898=PRESENTATION_STYLE_ASSIGNMENT((#8899));
#8899=SURFACE_STYLE_USAGE(.BOTH.,#8900);
#8900=SURFACE_SIDE_STYLE('',(#8901));
#8901=SURFACE_STYLE_FILL_AREA(#8902);
#8902=FILL_AREA_STYLE('Steel - Satin',(#8903));
#8903=FILL_AREA_STYLE_COLOUR('Steel - Satin',#8904);
#8904=COLOUR_RGB('Steel - Satin',0.627450980392157,0.627450980392157,0.627450980392157);
ENDSEC;
END-ISO-10303-21;
